[11Apr2025 23:18:29.952] [main/INFO] [cpw.mods.modlauncher.Launcher/MODLAUNCHER]: ModLauncher running: args [--launchTarget, forgeserver, --fml.forgeVersion, 47.3.7, --fml.mcVersion, 1.20.1, --fml.forgeGroup, net.minecraftforge, --fml.mcpVersion, 20230612.114412, nogui]
[11Apr2025 23:18:29.957] [main/INFO] [cpw.mods.modlauncher.Launcher/MODLAUNCHER]: ModLauncher 10.0.9+10.0.9+main.dcd20f30 starting: java version 17.0.14 by Ubuntu; OS Linux arch amd64 version 6.8.0-1021-azure
[11Apr2025 23:18:29.980] [main/DEBUG] [cpw.mods.modlauncher.LaunchServiceHandler/MODLAUNCHER]: Found launch services [fmlclientdev,forgeclient,minecraft,forgegametestserverdev,fmlserveruserdev,fmlclient,fmldatauserdev,forgeserverdev,forgeserveruserdev,forgeclientdev,forgeclientuserdev,forgeserver,forgedatadev,fmlserver,fmlclientuserdev,fmlserverdev,forgedatauserdev,testharness,forgegametestserveruserdev]
[11Apr2025 23:18:29.991] [main/DEBUG] [cpw.mods.modlauncher.NameMappingServiceHandler/MODLAUNCHER]: Found naming services : [srgtomcp]
[11Apr2025 23:18:30.005] [main/DEBUG] [cpw.mods.modlauncher.LaunchPluginHandler/MODLAUNCHER]: Found launch plugins: [mixin,eventbus,slf4jfixer,object_holder_definalize,runtime_enum_extender,capability_token_subclass,accesstransformer,runtimedistcleaner]
[11Apr2025 23:18:30.015] [main/DEBUG] [cpw.mods.modlauncher.TransformationServicesHandler/MODLAUNCHER]: Discovering transformation services
[11Apr2025 23:18:30.020] [main/DEBUG] [net.minecraftforge.fml.loading.FMLPaths/CORE]: Path GAMEDIR is /workspaces/RATALAND2025/servidor_minecraft
[11Apr2025 23:18:30.020] [main/DEBUG] [net.minecraftforge.fml.loading.FMLPaths/CORE]: Path MODSDIR is /workspaces/RATALAND2025/servidor_minecraft/mods
[11Apr2025 23:18:30.020] [main/DEBUG] [net.minecraftforge.fml.loading.FMLPaths/CORE]: Path CONFIGDIR is /workspaces/RATALAND2025/servidor_minecraft/config
[11Apr2025 23:18:30.020] [main/DEBUG] [net.minecraftforge.fml.loading.FMLPaths/CORE]: Path FMLCONFIG is /workspaces/RATALAND2025/servidor_minecraft/config/fml.toml
[11Apr2025 23:18:30.408] [main/DEBUG] [cpw.mods.modlauncher.TransformationServicesHandler/MODLAUNCHER]: Found additional transformation services from discovery services: 
[11Apr2025 23:18:30.414] [main/INFO] [net.minecraftforge.fml.loading.ImmediateWindowHandler/]: ImmediateWindowProvider not loading because launch target is forgeserver
[11Apr2025 23:18:30.421] [main/DEBUG] [cpw.mods.modlauncher.TransformationServicesHandler/MODLAUNCHER]: Found transformer services : [mixin,fml]
[11Apr2025 23:18:30.422] [main/DEBUG] [cpw.mods.modlauncher.TransformationServicesHandler/MODLAUNCHER]: Transformation services loading
[11Apr2025 23:18:30.423] [main/DEBUG] [cpw.mods.modlauncher.TransformationServiceDecorator/MODLAUNCHER]: Loading service mixin
[11Apr2025 23:18:30.424] [main/DEBUG] [cpw.mods.modlauncher.TransformationServiceDecorator/MODLAUNCHER]: Loaded service mixin
[11Apr2025 23:18:30.424] [main/DEBUG] [cpw.mods.modlauncher.TransformationServiceDecorator/MODLAUNCHER]: Loading service fml
[11Apr2025 23:18:30.425] [main/DEBUG] [net.minecraftforge.fml.loading.LauncherVersion/CORE]: Found FMLLauncher version 1.0
[11Apr2025 23:18:30.425] [main/DEBUG] [net.minecraftforge.fml.loading.FMLLoader/CORE]: FML 1.0 loading
[11Apr2025 23:18:30.425] [main/DEBUG] [net.minecraftforge.fml.loading.FMLLoader/CORE]: FML found ModLauncher version : 10.0.9+10.0.9+main.dcd20f30
[11Apr2025 23:18:30.425] [main/DEBUG] [net.minecraftforge.fml.loading.FMLLoader/CORE]: FML found AccessTransformer version : 8.0.4+66+master.c09db6d7
[11Apr2025 23:18:30.425] [main/DEBUG] [net.minecraftforge.fml.loading.FMLLoader/CORE]: FML found EventBus version : 6.0.5+6.0.5+master.eb8e549b
[11Apr2025 23:18:30.426] [main/DEBUG] [net.minecraftforge.fml.loading.FMLLoader/CORE]: Found Runtime Dist Cleaner
[11Apr2025 23:18:30.428] [main/DEBUG] [net.minecraftforge.fml.loading.FMLLoader/CORE]: FML found CoreMod version : 5.1.6
[11Apr2025 23:18:30.429] [main/DEBUG] [net.minecraftforge.fml.loading.FMLLoader/CORE]: Found ForgeSPI package implementation version 7.0.1+7.0.1+master.d2b38bf6
[11Apr2025 23:18:30.429] [main/DEBUG] [net.minecraftforge.fml.loading.FMLLoader/CORE]: Found ForgeSPI package specification 5
[11Apr2025 23:18:30.429] [main/DEBUG] [cpw.mods.modlauncher.TransformationServiceDecorator/MODLAUNCHER]: Loaded service fml
[11Apr2025 23:18:30.430] [main/DEBUG] [cpw.mods.modlauncher.TransformationServicesHandler/MODLAUNCHER]: Configuring option handling for services
[11Apr2025 23:18:30.435] [main/DEBUG] [cpw.mods.modlauncher.TransformationServicesHandler/MODLAUNCHER]: Transformation services initializing
[11Apr2025 23:18:30.436] [main/DEBUG] [cpw.mods.modlauncher.TransformationServiceDecorator/MODLAUNCHER]: Initializing transformation service mixin
[11Apr2025 23:18:30.447] [main/DEBUG] [mixin/]: MixinService [ModLauncher] was successfully booted in cpw.mods.cl.ModuleClassLoader@7a3d45bd
[11Apr2025 23:18:30.458] [main/INFO] [mixin/]: SpongePowered MIXIN Subsystem Version=0.8.5 Source=union:/workspaces/RATALAND2025/servidor_minecraft/libraries/org/spongepowered/mixin/0.8.5/mixin-0.8.5.jar%2365!/ Service=ModLauncher Env=SERVER
[11Apr2025 23:18:30.461] [main/DEBUG] [mixin/]: Initialising Mixin Platform Manager
[11Apr2025 23:18:30.461] [main/DEBUG] [mixin/]: Adding mixin platform agents for container ModLauncher Root Container(ModLauncher:4f56a0a2)
[11Apr2025 23:18:30.461] [main/DEBUG] [mixin/]: Instancing new MixinPlatformAgentMinecraftForge for ModLauncher Root Container(ModLauncher:4f56a0a2)
[11Apr2025 23:18:30.462] [main/DEBUG] [mixin/]: MixinPlatformAgentMinecraftForge rejected container ModLauncher Root Container(ModLauncher:4f56a0a2)
[11Apr2025 23:18:30.462] [main/DEBUG] [mixin/]: Instancing new MixinPlatformAgentDefault for ModLauncher Root Container(ModLauncher:4f56a0a2)
[11Apr2025 23:18:30.463] [main/DEBUG] [mixin/]: MixinPlatformAgentDefault accepted container ModLauncher Root Container(ModLauncher:4f56a0a2)
[11Apr2025 23:18:30.465] [main/DEBUG] [cpw.mods.modlauncher.TransformationServiceDecorator/MODLAUNCHER]: Initialized transformation service mixin
[11Apr2025 23:18:30.465] [main/DEBUG] [cpw.mods.modlauncher.TransformationServiceDecorator/MODLAUNCHER]: Initializing transformation service fml
[11Apr2025 23:18:30.465] [main/DEBUG] [net.minecraftforge.fml.loading.FMLServiceProvider/CORE]: Setting up basic FML game directories
[11Apr2025 23:18:30.465] [main/DEBUG] [net.minecraftforge.fml.loading.FMLPaths/CORE]: Path GAMEDIR is /workspaces/RATALAND2025/servidor_minecraft
[11Apr2025 23:18:30.466] [main/DEBUG] [net.minecraftforge.fml.loading.FMLPaths/CORE]: Path MODSDIR is /workspaces/RATALAND2025/servidor_minecraft/mods
[11Apr2025 23:18:30.466] [main/DEBUG] [net.minecraftforge.fml.loading.FMLPaths/CORE]: Path CONFIGDIR is /workspaces/RATALAND2025/servidor_minecraft/config
[11Apr2025 23:18:30.466] [main/DEBUG] [net.minecraftforge.fml.loading.FMLPaths/CORE]: Path FMLCONFIG is /workspaces/RATALAND2025/servidor_minecraft/config/fml.toml
[11Apr2025 23:18:30.466] [main/DEBUG] [net.minecraftforge.fml.loading.FMLServiceProvider/CORE]: Loading configuration
[11Apr2025 23:18:30.469] [main/DEBUG] [net.minecraftforge.fml.loading.FMLServiceProvider/CORE]: Preparing ModFile
[11Apr2025 23:18:30.471] [main/DEBUG] [net.minecraftforge.fml.loading.FMLServiceProvider/CORE]: Preparing launch handler
[11Apr2025 23:18:30.472] [main/DEBUG] [net.minecraftforge.fml.loading.FMLLoader/CORE]: Using forgeserver as launch service
[11Apr2025 23:18:30.482] [main/DEBUG] [net.minecraftforge.fml.loading.FMLLoader/CORE]: Received command line version data  : VersionInfo[forgeVersion=47.3.7, mcVersion=1.20.1, mcpVersion=20230612.114412, forgeGroup=net.minecraftforge]
[11Apr2025 23:18:30.483] [main/DEBUG] [cpw.mods.modlauncher.TransformationServiceDecorator/MODLAUNCHER]: Initialized transformation service fml
[11Apr2025 23:18:30.484] [main/DEBUG] [cpw.mods.modlauncher.NameMappingServiceHandler/MODLAUNCHER]: Current naming domain is 'srg'
[11Apr2025 23:18:30.484] [main/DEBUG] [cpw.mods.modlauncher.NameMappingServiceHandler/MODLAUNCHER]: Identified name mapping providers {}
[11Apr2025 23:18:30.484] [main/DEBUG] [cpw.mods.modlauncher.TransformationServicesHandler/MODLAUNCHER]: Transformation services begin scanning
[11Apr2025 23:18:30.485] [main/DEBUG] [cpw.mods.modlauncher.TransformationServiceDecorator/MODLAUNCHER]: Beginning scan trigger - transformation service mixin
[11Apr2025 23:18:30.485] [main/DEBUG] [cpw.mods.modlauncher.TransformationServiceDecorator/MODLAUNCHER]: End scan trigger - transformation service mixin
[11Apr2025 23:18:30.485] [main/DEBUG] [cpw.mods.modlauncher.TransformationServiceDecorator/MODLAUNCHER]: Beginning scan trigger - transformation service fml
[11Apr2025 23:18:30.485] [main/DEBUG] [net.minecraftforge.fml.loading.FMLServiceProvider/CORE]: Initiating mod scan
[11Apr2025 23:18:30.494] [main/DEBUG] [net.minecraftforge.fml.loading.moddiscovery.ModListHandler/CORE]: Found mod coordinates from lists: []
[11Apr2025 23:18:30.499] [main/DEBUG] [net.minecraftforge.fml.loading.moddiscovery.ModDiscoverer/CORE]: Found Mod Locators : (mods folder:null),(maven libs:null),(exploded directory:null),(minecraft:null),(userdev classpath:null)
[11Apr2025 23:18:30.499] [main/DEBUG] [net.minecraftforge.fml.loading.moddiscovery.ModDiscoverer/CORE]: Found Dependency Locators : (JarInJar:null)
[11Apr2025 23:18:30.509] [main/DEBUG] [net.minecraftforge.fml.loading.moddiscovery.ModFileParser/LOADING]: Considering mod file candidate /workspaces/RATALAND2025/servidor_minecraft/mods/[1.20.1] SecurityCraft v1.9.12.jar
[11Apr2025 23:18:30.541] [main/DEBUG] [net.minecraftforge.fml.loading.moddiscovery.ModFileInfo/LOADING]: Found valid mod file [1.20.1] SecurityCraft v1.9.12.jar with {securitycraft} mods - versions {1.9.12}
[11Apr2025 23:18:30.543] [main/DEBUG] [net.minecraftforge.fml.loading.moddiscovery.ModFileParser/LOADING]: Considering mod file candidate /workspaces/RATALAND2025/servidor_minecraft/mods/Apotheosis-1.20.1-7.4.6.jar
[11Apr2025 23:18:30.545] [main/DEBUG] [net.minecraftforge.fml.loading.moddiscovery.ModFileInfo/LOADING]: Found valid mod file Apotheosis-1.20.1-7.4.6.jar with {apotheosis} mods - versions {7.4.6}
[11Apr2025 23:18:30.546] [main/DEBUG] [net.minecraftforge.fml.loading.moddiscovery.ModFileParser/LOADING]: Considering mod file candidate /workspaces/RATALAND2025/servidor_minecraft/mods/ApothicAttributes-1.20.1-1.3.7.jar
[11Apr2025 23:18:30.547] [main/DEBUG] [net.minecraftforge.fml.loading.moddiscovery.ModFileInfo/LOADING]: Found valid mod file ApothicAttributes-1.20.1-1.3.7.jar with {attributeslib} mods - versions {1.3.7}
[11Apr2025 23:18:30.547] [main/DEBUG] [net.minecraftforge.fml.loading.moddiscovery.ModFileParser/LOADING]: Considering mod file candidate /workspaces/RATALAND2025/servidor_minecraft/mods/appleskin-forge-mc1.20.1-2.5.1.jar
[11Apr2025 23:18:30.549] [main/DEBUG] [net.minecraftforge.fml.loading.moddiscovery.ModFileInfo/LOADING]: Found valid mod file appleskin-forge-mc1.20.1-2.5.1.jar with {appleskin} mods - versions {2.5.1+mc1.20.1}
[11Apr2025 23:18:30.550] [main/DEBUG] [net.minecraftforge.fml.loading.moddiscovery.ModFileParser/LOADING]: Considering mod file candidate /workspaces/RATALAND2025/servidor_minecraft/mods/architectury-9.2.14-forge.jar
[11Apr2025 23:18:30.551] [main/DEBUG] [net.minecraftforge.fml.loading.moddiscovery.ModFileInfo/LOADING]: Found valid mod file architectury-9.2.14-forge.jar with {architectury} mods - versions {9.2.14}
[11Apr2025 23:18:30.552] [main/DEBUG] [net.minecraftforge.fml.loading.moddiscovery.ModFileParser/LOADING]: Considering mod file candidate /workspaces/RATALAND2025/servidor_minecraft/mods/artifacts-forge-9.5.13.jar
[11Apr2025 23:18:30.553] [main/DEBUG] [net.minecraftforge.fml.loading.moddiscovery.ModFileInfo/LOADING]: Found valid mod file artifacts-forge-9.5.13.jar with {artifacts} mods - versions {9.5.13}
[11Apr2025 23:18:30.554] [main/DEBUG] [net.minecraftforge.fml.loading.moddiscovery.ModFileParser/LOADING]: Considering mod file candidate /workspaces/RATALAND2025/servidor_minecraft/mods/balm-forge-1.20.1-7.3.27-all.jar
[11Apr2025 23:18:30.556] [main/DEBUG] [net.minecraftforge.fml.loading.moddiscovery.ModFileInfo/LOADING]: Found valid mod file balm-forge-1.20.1-7.3.27-all.jar with {balm} mods - versions {7.3.27}
[11Apr2025 23:18:30.562] [main/DEBUG] [net.minecraftforge.fml.loading.moddiscovery.ModFileParser/LOADING]: Considering mod file candidate /workspaces/RATALAND2025/servidor_minecraft/mods/Bookshelf-Forge-1.20.1-20.2.13.jar
[11Apr2025 23:18:30.563] [main/DEBUG] [net.minecraftforge.fml.loading.moddiscovery.ModFileInfo/LOADING]: Found valid mod file Bookshelf-Forge-1.20.1-20.2.13.jar with {bookshelf} mods - versions {20.2.13}
[11Apr2025 23:18:30.564] [main/DEBUG] [net.minecraftforge.fml.loading.moddiscovery.ModFileParser/LOADING]: Considering mod file candidate /workspaces/RATALAND2025/servidor_minecraft/mods/caelus-forge-3.2.0+1.20.1.jar
[11Apr2025 23:18:30.565] [main/DEBUG] [net.minecraftforge.fml.loading.moddiscovery.ModFileInfo/LOADING]: Found valid mod file caelus-forge-3.2.0+1.20.1.jar with {caelus} mods - versions {3.2.0+1.20.1}
[11Apr2025 23:18:30.567] [main/DEBUG] [net.minecraftforge.fml.loading.moddiscovery.ModFileParser/LOADING]: Considering mod file candidate /workspaces/RATALAND2025/servidor_minecraft/mods/citadel-2.6.1-1.20.1.jar
[11Apr2025 23:18:30.568] [main/DEBUG] [net.minecraftforge.fml.loading.moddiscovery.ModFileInfo/LOADING]: Found valid mod file citadel-2.6.1-1.20.1.jar with {citadel} mods - versions {2.6.1}
[11Apr2025 23:18:30.569] [main/DEBUG] [net.minecraftforge.fml.loading.moddiscovery.ModFileParser/LOADING]: Considering mod file candidate /workspaces/RATALAND2025/servidor_minecraft/mods/cloth-config-11.1.136-forge.jar
[11Apr2025 23:18:30.570] [main/DEBUG] [net.minecraftforge.fml.loading.moddiscovery.ModFileInfo/LOADING]: Found valid mod file cloth-config-11.1.136-forge.jar with {cloth_config} mods - versions {11.1.136}
[11Apr2025 23:18:30.570] [main/DEBUG] [net.minecraftforge.fml.loading.moddiscovery.ModFileParser/LOADING]: Considering mod file candidate /workspaces/RATALAND2025/servidor_minecraft/mods/corpse-forge-1.20.1-1.0.19.jar
[11Apr2025 23:18:30.572] [main/DEBUG] [net.minecraftforge.fml.loading.moddiscovery.ModFileInfo/LOADING]: Found valid mod file corpse-forge-1.20.1-1.0.19.jar with {corpse} mods - versions {1.20.1-1.0.19}
[11Apr2025 23:18:30.572] [main/DEBUG] [net.minecraftforge.fml.loading.moddiscovery.ModFileParser/LOADING]: Considering mod file candidate /workspaces/RATALAND2025/servidor_minecraft/mods/curios-forge-5.14.0+1.20.1.jar
[11Apr2025 23:18:30.573] [main/DEBUG] [net.minecraftforge.fml.loading.moddiscovery.ModFileInfo/LOADING]: Found valid mod file curios-forge-5.14.0+1.20.1.jar with {curios} mods - versions {5.14.0+1.20.1}
[11Apr2025 23:18:30.575] [main/DEBUG] [net.minecraftforge.fml.loading.moddiscovery.ModFileParser/LOADING]: Considering mod file candidate /workspaces/RATALAND2025/servidor_minecraft/mods/deeperdarker-forge-1.20.1-1.3.3.jar
[11Apr2025 23:18:30.576] [main/DEBUG] [net.minecraftforge.fml.loading.moddiscovery.ModFileInfo/LOADING]: Found valid mod file deeperdarker-forge-1.20.1-1.3.3.jar with {deeperdarker} mods - versions {1.3.3}
[11Apr2025 23:18:30.578] [main/DEBUG] [net.minecraftforge.fml.loading.moddiscovery.ModFileParser/LOADING]: Considering mod file candidate /workspaces/RATALAND2025/servidor_minecraft/mods/DungeonsArise-1.20.x-2.1.58-release.jar
[11Apr2025 23:18:30.579] [main/DEBUG] [net.minecraftforge.fml.loading.moddiscovery.ModFileInfo/LOADING]: Found valid mod file DungeonsArise-1.20.x-2.1.58-release.jar with {dungeons_arise} mods - versions {2.1.58-1.20.x}
[11Apr2025 23:18:30.584] [main/DEBUG] [net.minecraftforge.fml.loading.moddiscovery.ModFileParser/LOADING]: Considering mod file candidate /workspaces/RATALAND2025/servidor_minecraft/mods/EnchantmentDescriptions-Forge-1.20.1-17.1.19.jar
[11Apr2025 23:18:30.585] [main/DEBUG] [net.minecraftforge.fml.loading.moddiscovery.ModFileInfo/LOADING]: Found valid mod file EnchantmentDescriptions-Forge-1.20.1-17.1.19.jar with {enchdesc} mods - versions {17.1.19}
[11Apr2025 23:18:30.586] [main/DEBUG] [net.minecraftforge.fml.loading.moddiscovery.ModFileParser/LOADING]: Considering mod file candidate /workspaces/RATALAND2025/servidor_minecraft/mods/geckolib-forge-1.20.1-4.7.1.2.jar
[11Apr2025 23:18:30.587] [main/DEBUG] [net.minecraftforge.fml.loading.moddiscovery.ModFileInfo/LOADING]: Found valid mod file geckolib-forge-1.20.1-4.7.1.2.jar with {geckolib} mods - versions {4.7.1.2}
[11Apr2025 23:18:30.587] [main/DEBUG] [net.minecraftforge.fml.loading.moddiscovery.ModFileParser/LOADING]: Considering mod file candidate /workspaces/RATALAND2025/servidor_minecraft/mods/giacomos_exp-1.20.1-1.4.6.jar
[11Apr2025 23:18:30.589] [main/DEBUG] [net.minecraftforge.fml.loading.moddiscovery.ModFileInfo/LOADING]: Found valid mod file giacomos_exp-1.20.1-1.4.6.jar with {giacomos_exp} mods - versions {1.20.1-1.4.6}
[11Apr2025 23:18:30.590] [main/DEBUG] [net.minecraftforge.fml.loading.moddiscovery.ModFileParser/LOADING]: Considering mod file candidate /workspaces/RATALAND2025/servidor_minecraft/mods/Gobber2-Forge-1.20.1-2.8.9.jar
[11Apr2025 23:18:30.591] [main/DEBUG] [net.minecraftforge.fml.loading.moddiscovery.ModFileInfo/LOADING]: Found valid mod file Gobber2-Forge-1.20.1-2.8.9.jar with {gobber2} mods - versions {2.8.9}
[11Apr2025 23:18:30.594] [main/DEBUG] [net.minecraftforge.fml.loading.moddiscovery.ModFileParser/LOADING]: Considering mod file candidate /workspaces/RATALAND2025/servidor_minecraft/mods/iceandfire-2.1.13-1.20.1-beta-5.jar
[11Apr2025 23:18:30.595] [main/DEBUG] [net.minecraftforge.fml.loading.moddiscovery.ModFileInfo/LOADING]: Found valid mod file iceandfire-2.1.13-1.20.1-beta-5.jar with {iceandfire} mods - versions {2.1.13-1.20.1}
[11Apr2025 23:18:30.596] [main/DEBUG] [net.minecraftforge.fml.loading.moddiscovery.ModFileParser/LOADING]: Considering mod file candidate /workspaces/RATALAND2025/servidor_minecraft/mods/immersive_armors-1.6.1+1.20.1-forge.jar
[11Apr2025 23:18:30.597] [main/DEBUG] [net.minecraftforge.fml.loading.moddiscovery.ModFileInfo/LOADING]: Found valid mod file immersive_armors-1.6.1+1.20.1-forge.jar with {immersive_armors} mods - versions {1.6.1+1.20.1}
[11Apr2025 23:18:30.597] [main/DEBUG] [net.minecraftforge.fml.loading.moddiscovery.ModFileParser/LOADING]: Considering mod file candidate /workspaces/RATALAND2025/servidor_minecraft/mods/immersiveores-1.20.1-0.7.jar
[11Apr2025 23:18:30.598] [main/DEBUG] [net.minecraftforge.fml.loading.moddiscovery.ModFileInfo/LOADING]: Found valid mod file immersiveores-1.20.1-0.7.jar with {immersiveores} mods - versions {1.20.1-0.7}
[11Apr2025 23:18:30.599] [main/DEBUG] [net.minecraftforge.fml.loading.moddiscovery.ModFileParser/LOADING]: Considering mod file candidate /workspaces/RATALAND2025/servidor_minecraft/mods/ironchest-1.20.1-14.4.4.jar
[11Apr2025 23:18:30.600] [main/DEBUG] [net.minecraftforge.fml.loading.moddiscovery.ModFileInfo/LOADING]: Found valid mod file ironchest-1.20.1-14.4.4.jar with {ironchest} mods - versions {1.20.1-14.4.4}
[11Apr2025 23:18:30.600] [main/DEBUG] [net.minecraftforge.fml.loading.moddiscovery.ModFileParser/LOADING]: Considering mod file candidate /workspaces/RATALAND2025/servidor_minecraft/mods/ironfurnaces-1.20.1-4.1.6.jar
[11Apr2025 23:18:30.601] [main/DEBUG] [net.minecraftforge.fml.loading.moddiscovery.ModFileInfo/LOADING]: Found valid mod file ironfurnaces-1.20.1-4.1.6.jar with {ironfurnaces} mods - versions {4.1.6}
[11Apr2025 23:18:30.603] [main/DEBUG] [net.minecraftforge.fml.loading.moddiscovery.ModFileParser/LOADING]: Considering mod file candidate /workspaces/RATALAND2025/servidor_minecraft/mods/irons_spellbooks-1.20.1-3.4.0.8.jar
[11Apr2025 23:18:30.605] [main/DEBUG] [net.minecraftforge.fml.loading.moddiscovery.ModFileInfo/LOADING]: Found valid mod file irons_spellbooks-1.20.1-3.4.0.8.jar with {irons_spellbooks} mods - versions {1.20.1-3.4.0.8}
[11Apr2025 23:18:30.605] [main/DEBUG] [net.minecraftforge.fml.loading.moddiscovery.ModFileParser/LOADING]: Considering mod file candidate /workspaces/RATALAND2025/servidor_minecraft/mods/Jade-1.20.1-Forge-11.12.3.jar
[11Apr2025 23:18:30.606] [main/DEBUG] [net.minecraftforge.fml.loading.moddiscovery.ModFileInfo/LOADING]: Found valid mod file Jade-1.20.1-Forge-11.12.3.jar with {jade} mods - versions {11.12.3+forge}
[11Apr2025 23:18:30.607] [main/DEBUG] [net.minecraftforge.fml.loading.moddiscovery.ModFileParser/LOADING]: Considering mod file candidate /workspaces/RATALAND2025/servidor_minecraft/mods/jei-1.20.1-forge-15.20.0.105.jar
[11Apr2025 23:18:30.608] [main/DEBUG] [net.minecraftforge.fml.loading.moddiscovery.ModFileInfo/LOADING]: Found valid mod file jei-1.20.1-forge-15.20.0.105.jar with {jei} mods - versions {15.20.0.105}
[11Apr2025 23:18:30.611] [main/DEBUG] [net.minecraftforge.fml.loading.moddiscovery.ModFileParser/LOADING]: Considering mod file candidate /workspaces/RATALAND2025/servidor_minecraft/mods/journeymap-1.20.1-5.10.3-forge.jar
[11Apr2025 23:18:30.612] [main/DEBUG] [net.minecraftforge.fml.loading.moddiscovery.ModFileInfo/LOADING]: Found valid mod file journeymap-1.20.1-5.10.3-forge.jar with {journeymap} mods - versions {5.10.3}
[11Apr2025 23:18:30.613] [main/DEBUG] [net.minecraftforge.fml.loading.moddiscovery.ModFileParser/LOADING]: Considering mod file candidate /workspaces/RATALAND2025/servidor_minecraft/mods/L_Enders_Cataclysm-2.63.jar
[11Apr2025 23:18:30.614] [main/DEBUG] [net.minecraftforge.fml.loading.moddiscovery.ModFileInfo/LOADING]: Found valid mod file L_Enders_Cataclysm-2.63.jar with {cataclysm} mods - versions {2.63}
[11Apr2025 23:18:30.615] [main/DEBUG] [net.minecraftforge.fml.loading.moddiscovery.ModFileParser/LOADING]: Considering mod file candidate /workspaces/RATALAND2025/servidor_minecraft/mods/lionfishapi-2.4-Fix.jar
[11Apr2025 23:18:30.615] [main/DEBUG] [net.minecraftforge.fml.loading.moddiscovery.ModFileInfo/LOADING]: Found valid mod file lionfishapi-2.4-Fix.jar with {lionfishapi} mods - versions {2.4-Fix}
[11Apr2025 23:18:30.619] [main/DEBUG] [net.minecraftforge.fml.loading.moddiscovery.ModFileParser/LOADING]: Considering mod file candidate /workspaces/RATALAND2025/servidor_minecraft/mods/minecraft-comes-alive-7.6.3+1.20.1-universal.jar
[11Apr2025 23:18:30.619] [main/DEBUG] [net.minecraftforge.fml.loading.moddiscovery.ModFileInfo/LOADING]: Found valid mod file minecraft-comes-alive-7.6.3+1.20.1-universal.jar with {mca} mods - versions {7.6.3+1.20.1}
[11Apr2025 23:18:30.620] [main/DEBUG] [net.minecraftforge.fml.loading.moddiscovery.ModFileParser/LOADING]: Considering mod file candidate /workspaces/RATALAND2025/servidor_minecraft/mods/MoreVanillaArmor-1.20.1-5.1.2.jar
[11Apr2025 23:18:30.621] [main/DEBUG] [net.minecraftforge.fml.loading.moddiscovery.ModFileInfo/LOADING]: Found valid mod file MoreVanillaArmor-1.20.1-5.1.2.jar with {morevanillaarmor} mods - versions {1.20.1-5.1.2}
[11Apr2025 23:18:30.622] [main/DEBUG] [net.minecraftforge.fml.loading.moddiscovery.ModFileParser/LOADING]: Considering mod file candidate /workspaces/RATALAND2025/servidor_minecraft/mods/Patchouli-1.20.1-84.1-FORGE.jar
[11Apr2025 23:18:30.622] [main/DEBUG] [net.minecraftforge.fml.loading.moddiscovery.ModFileInfo/LOADING]: Found valid mod file Patchouli-1.20.1-84.1-FORGE.jar with {patchouli} mods - versions {1.20.1-84.1-FORGE}
[11Apr2025 23:18:30.623] [main/DEBUG] [net.minecraftforge.fml.loading.moddiscovery.ModFileParser/LOADING]: Considering mod file candidate /workspaces/RATALAND2025/servidor_minecraft/mods/Placebo-1.20.1-8.6.3.jar
[11Apr2025 23:18:30.624] [main/DEBUG] [net.minecraftforge.fml.loading.moddiscovery.ModFileInfo/LOADING]: Found valid mod file Placebo-1.20.1-8.6.3.jar with {placebo} mods - versions {8.6.3}
[11Apr2025 23:18:30.624] [main/DEBUG] [net.minecraftforge.fml.loading.moddiscovery.ModFileParser/LOADING]: Considering mod file candidate /workspaces/RATALAND2025/servidor_minecraft/mods/player-animation-lib-forge-1.0.2-rc1+1.20.jar
[11Apr2025 23:18:30.625] [main/DEBUG] [net.minecraftforge.fml.loading.moddiscovery.ModFileInfo/LOADING]: Found valid mod file player-animation-lib-forge-1.0.2-rc1+1.20.jar with {playeranimator} mods - versions {1.0.2-rc1+1.20}
[11Apr2025 23:18:30.626] [main/DEBUG] [net.minecraftforge.fml.loading.moddiscovery.ModFileParser/LOADING]: Considering mod file candidate /workspaces/RATALAND2025/servidor_minecraft/mods/ScalingHealth-1.20.1-8.0.2+9.jar
[11Apr2025 23:18:30.626] [main/DEBUG] [net.minecraftforge.fml.loading.moddiscovery.ModFileInfo/LOADING]: Found valid mod file ScalingHealth-1.20.1-8.0.2+9.jar with {scalinghealth} mods - versions {8.0.2+9}
[11Apr2025 23:18:30.627] [main/DEBUG] [net.minecraftforge.fml.loading.moddiscovery.ModFileParser/LOADING]: Considering mod file candidate /workspaces/RATALAND2025/servidor_minecraft/mods/silent-lib-1.20.1-8.0.0.jar
[11Apr2025 23:18:30.628] [main/DEBUG] [net.minecraftforge.fml.loading.moddiscovery.ModFileInfo/LOADING]: Found valid mod file silent-lib-1.20.1-8.0.0.jar with {silentlib} mods - versions {8.0.0}
[11Apr2025 23:18:30.629] [main/DEBUG] [net.minecraftforge.fml.loading.moddiscovery.ModFileParser/LOADING]: Considering mod file candidate /workspaces/RATALAND2025/servidor_minecraft/mods/sophisticatedbackpacks-1.20.1-3.23.10.1220.jar
[11Apr2025 23:18:30.629] [main/DEBUG] [net.minecraftforge.fml.loading.moddiscovery.ModFileInfo/LOADING]: Found valid mod file sophisticatedbackpacks-1.20.1-3.23.10.1220.jar with {sophisticatedbackpacks} mods - versions {3.23.10.1220}
[11Apr2025 23:18:30.630] [main/DEBUG] [net.minecraftforge.fml.loading.moddiscovery.ModFileParser/LOADING]: Considering mod file candidate /workspaces/RATALAND2025/servidor_minecraft/mods/sophisticatedcore-1.20.1-1.2.41.942.jar
[11Apr2025 23:18:30.631] [main/DEBUG] [net.minecraftforge.fml.loading.moddiscovery.ModFileInfo/LOADING]: Found valid mod file sophisticatedcore-1.20.1-1.2.41.942.jar with {sophisticatedcore} mods - versions {1.2.41.942}
[11Apr2025 23:18:30.631] [main/DEBUG] [net.minecraftforge.fml.loading.moddiscovery.ModFileParser/LOADING]: Considering mod file candidate /workspaces/RATALAND2025/servidor_minecraft/mods/supermartijn642configlib-1.1.8-forge-mc1.20.jar
[11Apr2025 23:18:30.632] [main/DEBUG] [net.minecraftforge.fml.loading.moddiscovery.ModFileInfo/LOADING]: Found valid mod file supermartijn642configlib-1.1.8-forge-mc1.20.jar with {supermartijn642configlib} mods - versions {1.1.8}
[11Apr2025 23:18:30.633] [main/DEBUG] [net.minecraftforge.fml.loading.moddiscovery.ModFileParser/LOADING]: Considering mod file candidate /workspaces/RATALAND2025/servidor_minecraft/mods/useless-sword-1.20.1-V1.4.2.jar
[11Apr2025 23:18:30.634] [main/DEBUG] [net.minecraftforge.fml.loading.moddiscovery.ModFileInfo/LOADING]: Found valid mod file useless-sword-1.20.1-V1.4.2.jar with {useless_sword} mods - versions {1.4.1}
[11Apr2025 23:18:30.635] [main/DEBUG] [net.minecraftforge.fml.loading.moddiscovery.ModFileParser/LOADING]: Considering mod file candidate /workspaces/RATALAND2025/servidor_minecraft/mods/voicechat-forge-1.20.1-2.5.15.jar
[11Apr2025 23:18:30.635] [main/DEBUG] [net.minecraftforge.fml.loading.moddiscovery.ModFileInfo/LOADING]: Found valid mod file voicechat-forge-1.20.1-2.5.15.jar with {voicechat} mods - versions {1.20.1-2.5.15}
[11Apr2025 23:18:30.636] [main/DEBUG] [net.minecraftforge.fml.loading.moddiscovery.ModFileParser/LOADING]: Considering mod file candidate /workspaces/RATALAND2025/servidor_minecraft/mods/waystones-forge-1.20.1-14.1.11.jar
[11Apr2025 23:18:30.637] [main/DEBUG] [net.minecraftforge.fml.loading.moddiscovery.ModFileInfo/LOADING]: Found valid mod file waystones-forge-1.20.1-14.1.11.jar with {waystones} mods - versions {14.1.11}
[11Apr2025 23:18:30.710] [main/DEBUG] [net.minecraftforge.fml.loading.moddiscovery.ModFileInfo/LOADING]: Found valid mod file server-1.20.1-20230612.114412-srg.jar with {minecraft} mods - versions {1.20.1}
[11Apr2025 23:18:30.712] [main/DEBUG] [net.minecraftforge.fml.loading.moddiscovery.ModFileParser/LOADING]: Considering mod file candidate /workspaces/RATALAND2025/servidor_minecraft/libraries/net/minecraftforge/fmlcore/1.20.1-47.3.7/fmlcore-1.20.1-47.3.7.jar
[11Apr2025 23:18:30.712] [main/WARN] [net.minecraftforge.fml.loading.moddiscovery.ModFileParser/LOADING]: Mod file /workspaces/RATALAND2025/servidor_minecraft/libraries/net/minecraftforge/fmlcore/1.20.1-47.3.7/fmlcore-1.20.1-47.3.7.jar is missing mods.toml file
[11Apr2025 23:18:30.713] [main/DEBUG] [net.minecraftforge.fml.loading.moddiscovery.ModFileParser/LOADING]: Considering mod file candidate /workspaces/RATALAND2025/servidor_minecraft/libraries/net/minecraftforge/javafmllanguage/1.20.1-47.3.7/javafmllanguage-1.20.1-47.3.7.jar
[11Apr2025 23:18:30.713] [main/WARN] [net.minecraftforge.fml.loading.moddiscovery.ModFileParser/LOADING]: Mod file /workspaces/RATALAND2025/servidor_minecraft/libraries/net/minecraftforge/javafmllanguage/1.20.1-47.3.7/javafmllanguage-1.20.1-47.3.7.jar is missing mods.toml file
[11Apr2025 23:18:30.714] [main/DEBUG] [net.minecraftforge.fml.loading.moddiscovery.ModFileParser/LOADING]: Considering mod file candidate /workspaces/RATALAND2025/servidor_minecraft/libraries/net/minecraftforge/lowcodelanguage/1.20.1-47.3.7/lowcodelanguage-1.20.1-47.3.7.jar
[11Apr2025 23:18:30.714] [main/WARN] [net.minecraftforge.fml.loading.moddiscovery.ModFileParser/LOADING]: Mod file /workspaces/RATALAND2025/servidor_minecraft/libraries/net/minecraftforge/lowcodelanguage/1.20.1-47.3.7/lowcodelanguage-1.20.1-47.3.7.jar is missing mods.toml file
[11Apr2025 23:18:30.715] [main/DEBUG] [net.minecraftforge.fml.loading.moddiscovery.ModFileParser/LOADING]: Considering mod file candidate /workspaces/RATALAND2025/servidor_minecraft/libraries/net/minecraftforge/mclanguage/1.20.1-47.3.7/mclanguage-1.20.1-47.3.7.jar
[11Apr2025 23:18:30.715] [main/WARN] [net.minecraftforge.fml.loading.moddiscovery.ModFileParser/LOADING]: Mod file /workspaces/RATALAND2025/servidor_minecraft/libraries/net/minecraftforge/mclanguage/1.20.1-47.3.7/mclanguage-1.20.1-47.3.7.jar is missing mods.toml file
[11Apr2025 23:18:30.740] [main/DEBUG] [net.minecraftforge.fml.loading.moddiscovery.ModFileParser/LOADING]: Considering mod file candidate /workspaces/RATALAND2025/servidor_minecraft/libraries/net/minecraftforge/forge/1.20.1-47.3.7/forge-1.20.1-47.3.7-universal.jar
[11Apr2025 23:18:30.740] [main/DEBUG] [net.minecraftforge.fml.loading.moddiscovery.ModFileInfo/LOADING]: Found valid mod file forge-1.20.1-47.3.7-universal.jar with {forge} mods - versions {47.3.7}
[11Apr2025 23:18:30.750] [main/DEBUG] [net.minecraftforge.fml.loading.moddiscovery.AbstractJarFileDependencyLocator/]: Failed to load resource META-INF/jarjar/metadata.json from server-1.20.1-20230612.114412-srg.jar, it does not contain dependency information.
[11Apr2025 23:18:30.750] [main/DEBUG] [net.minecraftforge.fml.loading.moddiscovery.AbstractJarFileDependencyLocator/]: Failed to load resource META-INF/jarjar/metadata.json from giacomos_exp-1.20.1-1.4.6.jar, it does not contain dependency information.
[11Apr2025 23:18:30.750] [main/DEBUG] [net.minecraftforge.fml.loading.moddiscovery.AbstractJarFileDependencyLocator/]: Failed to load resource META-INF/jarjar/metadata.json from voicechat-forge-1.20.1-2.5.15.jar, it does not contain dependency information.
[11Apr2025 23:18:30.750] [main/DEBUG] [net.minecraftforge.fml.loading.moddiscovery.AbstractJarFileDependencyLocator/]: Failed to load resource META-INF/jarjar/metadata.json from EnchantmentDescriptions-Forge-1.20.1-17.1.19.jar, it does not contain dependency information.
[11Apr2025 23:18:30.751] [main/DEBUG] [net.minecraftforge.fml.loading.moddiscovery.AbstractJarFileDependencyLocator/]: Failed to load resource META-INF/jarjar/metadata.json from supermartijn642configlib-1.1.8-forge-mc1.20.jar, it does not contain dependency information.
[11Apr2025 23:18:30.751] [main/DEBUG] [net.minecraftforge.fml.loading.moddiscovery.AbstractJarFileDependencyLocator/]: Failed to load resource META-INF/jarjar/metadata.json from silent-lib-1.20.1-8.0.0.jar, it does not contain dependency information.
[11Apr2025 23:18:30.751] [main/DEBUG] [net.minecraftforge.fml.loading.moddiscovery.AbstractJarFileDependencyLocator/]: Failed to load resource META-INF/jarjar/metadata.json from Jade-1.20.1-Forge-11.12.3.jar, it does not contain dependency information.
[11Apr2025 23:18:30.751] [main/DEBUG] [net.minecraftforge.fml.loading.moddiscovery.AbstractJarFileDependencyLocator/]: Failed to load resource META-INF/jarjar/metadata.json from minecraft-comes-alive-7.6.3+1.20.1-universal.jar, it does not contain dependency information.
[11Apr2025 23:18:30.751] [main/DEBUG] [net.minecraftforge.fml.loading.moddiscovery.AbstractJarFileDependencyLocator/]: Failed to load resource META-INF/jarjar/metadata.json from ironfurnaces-1.20.1-4.1.6.jar, it does not contain dependency information.
[11Apr2025 23:18:30.751] [main/DEBUG] [net.minecraftforge.fml.loading.moddiscovery.AbstractJarFileDependencyLocator/]: Failed to load resource META-INF/jarjar/metadata.json from player-animation-lib-forge-1.0.2-rc1+1.20.jar, it does not contain dependency information.
[11Apr2025 23:18:30.751] [main/DEBUG] [net.minecraftforge.fml.loading.moddiscovery.AbstractJarFileDependencyLocator/]: Failed to load resource META-INF/jarjar/metadata.json from jei-1.20.1-forge-15.20.0.105.jar, it does not contain dependency information.
[11Apr2025 23:18:30.752] [main/DEBUG] [net.minecraftforge.fml.loading.moddiscovery.AbstractJarFileDependencyLocator/]: Failed to load resource META-INF/jarjar/metadata.json from lionfishapi-2.4-Fix.jar, it does not contain dependency information.
[11Apr2025 23:18:30.752] [main/DEBUG] [net.minecraftforge.fml.loading.moddiscovery.AbstractJarFileDependencyLocator/]: Failed to load resource META-INF/jarjar/metadata.json from caelus-forge-3.2.0+1.20.1.jar, it does not contain dependency information.
[11Apr2025 23:18:30.752] [main/DEBUG] [net.minecraftforge.fml.loading.moddiscovery.AbstractJarFileDependencyLocator/]: Failed to load resource META-INF/jarjar/metadata.json from sophisticatedcore-1.20.1-1.2.41.942.jar, it does not contain dependency information.
[11Apr2025 23:18:30.752] [main/DEBUG] [net.minecraftforge.fml.loading.moddiscovery.AbstractJarFileDependencyLocator/]: Failed to load resource META-INF/jarjar/metadata.json from L_Enders_Cataclysm-2.63.jar, it does not contain dependency information.
[11Apr2025 23:18:30.752] [main/DEBUG] [net.minecraftforge.fml.loading.moddiscovery.AbstractJarFileDependencyLocator/]: Failed to load resource META-INF/jarjar/metadata.json from curios-forge-5.14.0+1.20.1.jar, it does not contain dependency information.
[11Apr2025 23:18:30.752] [main/DEBUG] [net.minecraftforge.fml.loading.moddiscovery.AbstractJarFileDependencyLocator/]: Failed to load resource META-INF/jarjar/metadata.json from Patchouli-1.20.1-84.1-FORGE.jar, it does not contain dependency information.
[11Apr2025 23:18:30.753] [main/DEBUG] [net.minecraftforge.fml.loading.moddiscovery.AbstractJarFileDependencyLocator/]: Failed to load resource META-INF/jarjar/metadata.json from waystones-forge-1.20.1-14.1.11.jar, it does not contain dependency information.
[11Apr2025 23:18:30.753] [main/DEBUG] [net.minecraftforge.fml.loading.moddiscovery.AbstractJarFileDependencyLocator/]: Failed to load resource META-INF/jarjar/metadata.json from journeymap-1.20.1-5.10.3-forge.jar, it does not contain dependency information.
[11Apr2025 23:18:30.753] [main/DEBUG] [net.minecraftforge.fml.loading.moddiscovery.AbstractJarFileDependencyLocator/]: Failed to load resource META-INF/jarjar/metadata.json from Placebo-1.20.1-8.6.3.jar, it does not contain dependency information.
[11Apr2025 23:18:30.753] [main/DEBUG] [net.minecraftforge.fml.loading.moddiscovery.AbstractJarFileDependencyLocator/]: Failed to load resource META-INF/jarjar/metadata.json from citadel-2.6.1-1.20.1.jar, it does not contain dependency information.
[11Apr2025 23:18:30.754] [main/DEBUG] [net.minecraftforge.fml.loading.moddiscovery.AbstractJarFileDependencyLocator/]: Failed to load resource META-INF/jarjar/metadata.json from [1.20.1] SecurityCraft v1.9.12.jar, it does not contain dependency information.
[11Apr2025 23:18:30.754] [main/DEBUG] [net.minecraftforge.fml.loading.moddiscovery.AbstractJarFileDependencyLocator/]: Failed to load resource META-INF/jarjar/metadata.json from irons_spellbooks-1.20.1-3.4.0.8.jar, it does not contain dependency information.
[11Apr2025 23:18:30.754] [main/DEBUG] [net.minecraftforge.fml.loading.moddiscovery.AbstractJarFileDependencyLocator/]: Failed to load resource META-INF/jarjar/metadata.json from ApothicAttributes-1.20.1-1.3.7.jar, it does not contain dependency information.
[11Apr2025 23:18:30.754] [main/DEBUG] [net.minecraftforge.fml.loading.moddiscovery.AbstractJarFileDependencyLocator/]: Failed to load resource META-INF/jarjar/metadata.json from Gobber2-Forge-1.20.1-2.8.9.jar, it does not contain dependency information.
[11Apr2025 23:18:30.754] [main/DEBUG] [net.minecraftforge.fml.loading.moddiscovery.AbstractJarFileDependencyLocator/]: Failed to load resource META-INF/jarjar/metadata.json from immersiveores-1.20.1-0.7.jar, it does not contain dependency information.
[11Apr2025 23:18:30.755] [main/DEBUG] [net.minecraftforge.fml.loading.moddiscovery.AbstractJarFileDependencyLocator/]: Failed to load resource META-INF/jarjar/metadata.json from Bookshelf-Forge-1.20.1-20.2.13.jar, it does not contain dependency information.
[11Apr2025 23:18:30.755] [main/DEBUG] [net.minecraftforge.fml.loading.moddiscovery.AbstractJarFileDependencyLocator/]: Failed to load resource META-INF/jarjar/metadata.json from sophisticatedbackpacks-1.20.1-3.23.10.1220.jar, it does not contain dependency information.
[11Apr2025 23:18:30.755] [main/DEBUG] [net.minecraftforge.fml.loading.moddiscovery.AbstractJarFileDependencyLocator/]: Failed to load resource META-INF/jarjar/metadata.json from MoreVanillaArmor-1.20.1-5.1.2.jar, it does not contain dependency information.
[11Apr2025 23:18:30.755] [main/DEBUG] [net.minecraftforge.fml.loading.moddiscovery.AbstractJarFileDependencyLocator/]: Failed to load resource META-INF/jarjar/metadata.json from Apotheosis-1.20.1-7.4.6.jar, it does not contain dependency information.
[11Apr2025 23:18:30.755] [main/DEBUG] [net.minecraftforge.fml.loading.moddiscovery.AbstractJarFileDependencyLocator/]: Failed to load resource META-INF/jarjar/metadata.json from deeperdarker-forge-1.20.1-1.3.3.jar, it does not contain dependency information.
[11Apr2025 23:18:30.755] [main/DEBUG] [net.minecraftforge.fml.loading.moddiscovery.AbstractJarFileDependencyLocator/]: Failed to load resource META-INF/jarjar/metadata.json from architectury-9.2.14-forge.jar, it does not contain dependency information.
[11Apr2025 23:18:30.755] [main/DEBUG] [net.minecraftforge.fml.loading.moddiscovery.AbstractJarFileDependencyLocator/]: Failed to load resource META-INF/jarjar/metadata.json from appleskin-forge-mc1.20.1-2.5.1.jar, it does not contain dependency information.
[11Apr2025 23:18:30.756] [main/DEBUG] [net.minecraftforge.fml.loading.moddiscovery.AbstractJarFileDependencyLocator/]: Failed to load resource META-INF/jarjar/metadata.json from iceandfire-2.1.13-1.20.1-beta-5.jar, it does not contain dependency information.
[11Apr2025 23:18:30.756] [main/DEBUG] [net.minecraftforge.fml.loading.moddiscovery.AbstractJarFileDependencyLocator/]: Failed to load resource META-INF/jarjar/metadata.json from immersive_armors-1.6.1+1.20.1-forge.jar, it does not contain dependency information.
[11Apr2025 23:18:30.756] [main/DEBUG] [net.minecraftforge.fml.loading.moddiscovery.AbstractJarFileDependencyLocator/]: Failed to load resource META-INF/jarjar/metadata.json from cloth-config-11.1.136-forge.jar, it does not contain dependency information.
[11Apr2025 23:18:30.756] [main/DEBUG] [net.minecraftforge.fml.loading.moddiscovery.AbstractJarFileDependencyLocator/]: Failed to load resource META-INF/jarjar/metadata.json from forge-1.20.1-47.3.7-universal.jar, it does not contain dependency information.
[11Apr2025 23:18:30.756] [main/DEBUG] [net.minecraftforge.fml.loading.moddiscovery.AbstractJarFileDependencyLocator/]: Failed to load resource META-INF/jarjar/metadata.json from ScalingHealth-1.20.1-8.0.2+9.jar, it does not contain dependency information.
[11Apr2025 23:18:30.756] [main/DEBUG] [net.minecraftforge.fml.loading.moddiscovery.AbstractJarFileDependencyLocator/]: Failed to load resource META-INF/jarjar/metadata.json from ironchest-1.20.1-14.4.4.jar, it does not contain dependency information.
[11Apr2025 23:18:30.757] [main/DEBUG] [net.minecraftforge.fml.loading.moddiscovery.AbstractJarFileDependencyLocator/]: Failed to load resource META-INF/jarjar/metadata.json from corpse-forge-1.20.1-1.0.19.jar, it does not contain dependency information.
[11Apr2025 23:18:30.757] [main/DEBUG] [net.minecraftforge.fml.loading.moddiscovery.AbstractJarFileDependencyLocator/]: Failed to load resource META-INF/jarjar/metadata.json from DungeonsArise-1.20.x-2.1.58-release.jar, it does not contain dependency information.
[11Apr2025 23:18:30.757] [main/DEBUG] [net.minecraftforge.fml.loading.moddiscovery.AbstractJarFileDependencyLocator/]: Failed to load resource META-INF/jarjar/metadata.json from useless-sword-1.20.1-V1.4.2.jar, it does not contain dependency information.
[11Apr2025 23:18:30.757] [main/DEBUG] [net.minecraftforge.fml.loading.moddiscovery.AbstractJarFileDependencyLocator/]: Failed to load resource META-INF/jarjar/metadata.json from mclanguage-1.20.1-47.3.7.jar, it does not contain dependency information.
[11Apr2025 23:18:30.757] [main/DEBUG] [net.minecraftforge.fml.loading.moddiscovery.AbstractJarFileDependencyLocator/]: Failed to load resource META-INF/jarjar/metadata.json from javafmllanguage-1.20.1-47.3.7.jar, it does not contain dependency information.
[11Apr2025 23:18:30.757] [main/DEBUG] [net.minecraftforge.fml.loading.moddiscovery.AbstractJarFileDependencyLocator/]: Failed to load resource META-INF/jarjar/metadata.json from fmlcore-1.20.1-47.3.7.jar, it does not contain dependency information.
[11Apr2025 23:18:30.757] [main/DEBUG] [net.minecraftforge.fml.loading.moddiscovery.AbstractJarFileDependencyLocator/]: Failed to load resource META-INF/jarjar/metadata.json from lowcodelanguage-1.20.1-47.3.7.jar, it does not contain dependency information.
[11Apr2025 23:18:30.794] [main/DEBUG] [net.minecraftforge.fml.loading.moddiscovery.ModFileParser/LOADING]: Considering mod file candidate 
[11Apr2025 23:18:30.795] [main/DEBUG] [net.minecraftforge.fml.loading.moddiscovery.ModFileInfo/LOADING]: Found valid mod file kuma-api-forge-20.1.10+1.20.1.jar with {kuma_api} mods - versions {20.1.10}
[11Apr2025 23:18:30.797] [main/DEBUG] [net.minecraftforge.fml.loading.moddiscovery.ModFileParser/LOADING]: Considering mod file candidate 
[11Apr2025 23:18:30.797] [main/DEBUG] [net.minecraftforge.fml.loading.moddiscovery.ModFileInfo/LOADING]: Found valid mod file expandability-forge-9.0.4.jar with {expandability} mods - versions {9.0.4}
[11Apr2025 23:18:30.798] [main/DEBUG] [net.minecraftforge.fml.loading.moddiscovery.ModFileParser/LOADING]: Considering mod file candidate 
[11Apr2025 23:18:30.799] [main/DEBUG] [net.minecraftforge.fml.loading.moddiscovery.ModFileInfo/LOADING]: Found valid mod file mixinextras-forge-0.3.5.jar with {mixinextras} mods - versions {0.3.5}
[11Apr2025 23:18:30.804] [main/DEBUG] [net.minecraftforge.fml.loading.moddiscovery.AbstractJarFileDependencyLocator/]: Failed to load resource META-INF/jarjar/metadata.json from kuma-api-forge-20.1.10+1.20.1.jar, it does not contain dependency information.
[11Apr2025 23:18:30.811] [main/DEBUG] [net.minecraftforge.fml.loading.moddiscovery.AbstractJarFileDependencyLocator/]: Failed to load resource META-INF/jarjar/metadata.json from mclib-20.jar, it does not contain dependency information.
[11Apr2025 23:18:30.811] [main/DEBUG] [net.minecraftforge.fml.loading.moddiscovery.AbstractJarFileDependencyLocator/]: Failed to load resource META-INF/jarjar/metadata.json from MixinExtras-0.1.1.jar, it does not contain dependency information.
[11Apr2025 23:18:30.811] [main/DEBUG] [net.minecraftforge.fml.loading.moddiscovery.AbstractJarFileDependencyLocator/]: Failed to load resource META-INF/jarjar/metadata.json from MixinExtras-0.3.5.jar, it does not contain dependency information.
[11Apr2025 23:18:30.832] [main/DEBUG] [net.minecraftforge.fml.loading.moddiscovery.ModFileParser/LOADING]: Considering mod file candidate 
[11Apr2025 23:18:30.833] [main/DEBUG] [net.minecraftforge.fml.loading.moddiscovery.ModFileInfo/LOADING]: Found valid mod file expandability-forge-9.0.4.jar with {expandability} mods - versions {9.0.4}
[11Apr2025 23:18:30.834] [main/DEBUG] [net.minecraftforge.fml.loading.moddiscovery.ModFileParser/LOADING]: Considering mod file candidate 
[11Apr2025 23:18:30.834] [main/DEBUG] [net.minecraftforge.fml.loading.moddiscovery.ModFileInfo/LOADING]: Found valid mod file kuma-api-forge-20.1.10+1.20.1.jar with {kuma_api} mods - versions {20.1.10}
[11Apr2025 23:18:30.839] [main/DEBUG] [net.minecraftforge.fml.loading.moddiscovery.ModFileParser/LOADING]: Considering mod file candidate 
[11Apr2025 23:18:30.840] [main/DEBUG] [net.minecraftforge.fml.loading.moddiscovery.ModFileInfo/LOADING]: Found valid mod file mixinextras-forge-0.3.5.jar with {mixinextras} mods - versions {0.3.5}
[11Apr2025 23:18:30.841] [main/INFO] [net.minecraftforge.fml.loading.moddiscovery.JarInJarDependencyLocator/]: Found 5 dependencies adding them to mods collection
[11Apr2025 23:18:30.843] [main/DEBUG] [net.minecraftforge.fml.loading.moddiscovery.ModFileParser/LOADING]: Considering mod file candidate /workspaces/RATALAND2025/servidor_minecraft/mods/giacomos_exp-1.20.1-1.4.6.jar
[11Apr2025 23:18:30.844] [main/DEBUG] [net.minecraftforge.fml.loading.moddiscovery.ModFileInfo/LOADING]: Found valid mod file giacomos_exp-1.20.1-1.4.6.jar with {giacomos_exp} mods - versions {1.20.1-1.4.6}
[11Apr2025 23:18:30.847] [main/DEBUG] [net.minecraftforge.fml.loading.moddiscovery.ModFile/LOADING]: Loading mod file /workspaces/RATALAND2025/servidor_minecraft/mods/giacomos_exp-1.20.1-1.4.6.jar with languages [LanguageSpec[languageName=javafml, acceptedVersions=[47,)]]
[11Apr2025 23:18:30.847] [main/DEBUG] [net.minecraftforge.fml.loading.moddiscovery.ModFileParser/LOADING]: Considering mod file candidate 
[11Apr2025 23:18:30.848] [main/DEBUG] [net.minecraftforge.fml.loading.moddiscovery.ModFileInfo/LOADING]: Found valid mod file kuma-api-forge-20.1.10+1.20.1.jar with {kuma_api} mods - versions {20.1.10}
[11Apr2025 23:18:30.848] [main/DEBUG] [net.minecraftforge.fml.loading.moddiscovery.ModFile/LOADING]: Loading mod file  with languages [LanguageSpec[languageName=javafml, acceptedVersions=[47,)]]
[11Apr2025 23:18:30.848] [main/DEBUG] [net.minecraftforge.fml.loading.moddiscovery.ModFileParser/LOADING]: Considering mod file candidate /workspaces/RATALAND2025/servidor_minecraft/mods/supermartijn642configlib-1.1.8-forge-mc1.20.jar
[11Apr2025 23:18:30.849] [main/DEBUG] [net.minecraftforge.fml.loading.moddiscovery.ModFileInfo/LOADING]: Found valid mod file supermartijn642configlib-1.1.8-forge-mc1.20.jar with {supermartijn642configlib} mods - versions {1.1.8}
[11Apr2025 23:18:30.849] [main/DEBUG] [net.minecraftforge.fml.loading.moddiscovery.ModFile/LOADING]: Loading mod file /workspaces/RATALAND2025/servidor_minecraft/mods/supermartijn642configlib-1.1.8-forge-mc1.20.jar with languages [LanguageSpec[languageName=javafml, acceptedVersions=[46,)]]
[11Apr2025 23:18:30.849] [main/DEBUG] [net.minecraftforge.fml.loading.moddiscovery.ModFileParser/LOADING]: Considering mod file candidate /workspaces/RATALAND2025/servidor_minecraft/mods/geckolib-forge-1.20.1-4.7.1.2.jar
[11Apr2025 23:18:30.849] [main/DEBUG] [net.minecraftforge.fml.loading.moddiscovery.ModFileInfo/LOADING]: Found valid mod file geckolib-forge-1.20.1-4.7.1.2.jar with {geckolib} mods - versions {4.7.1.2}
[11Apr2025 23:18:30.850] [main/DEBUG] [net.minecraftforge.fml.loading.moddiscovery.ModFile/LOADING]: Loading mod file /workspaces/RATALAND2025/servidor_minecraft/mods/geckolib-forge-1.20.1-4.7.1.2.jar with languages [LanguageSpec[languageName=javafml, acceptedVersions=[47,)]]
[11Apr2025 23:18:30.850] [main/DEBUG] [net.minecraftforge.fml.loading.moddiscovery.ModFileParser/LOADING]: Considering mod file candidate /workspaces/RATALAND2025/servidor_minecraft/mods/minecraft-comes-alive-7.6.3+1.20.1-universal.jar
[11Apr2025 23:18:30.850] [main/DEBUG] [net.minecraftforge.fml.loading.moddiscovery.ModFileInfo/LOADING]: Found valid mod file minecraft-comes-alive-7.6.3+1.20.1-universal.jar with {mca} mods - versions {7.6.3+1.20.1}
[11Apr2025 23:18:30.850] [main/DEBUG] [net.minecraftforge.fml.loading.moddiscovery.ModFile/LOADING]: Loading mod file /workspaces/RATALAND2025/servidor_minecraft/mods/minecraft-comes-alive-7.6.3+1.20.1-universal.jar with languages [LanguageSpec[languageName=javafml, acceptedVersions=[44,)]]
[11Apr2025 23:18:30.851] [main/DEBUG] [net.minecraftforge.fml.loading.moddiscovery.ModFileParser/LOADING]: Considering mod file candidate /workspaces/RATALAND2025/servidor_minecraft/mods/player-animation-lib-forge-1.0.2-rc1+1.20.jar
[11Apr2025 23:18:30.851] [main/DEBUG] [net.minecraftforge.fml.loading.moddiscovery.ModFileInfo/LOADING]: Found valid mod file player-animation-lib-forge-1.0.2-rc1+1.20.jar with {playeranimator} mods - versions {1.0.2-rc1+1.20}
[11Apr2025 23:18:30.852] [main/DEBUG] [net.minecraftforge.fml.loading.moddiscovery.ModFile/LOADING]: Loading mod file /workspaces/RATALAND2025/servidor_minecraft/mods/player-animation-lib-forge-1.0.2-rc1+1.20.jar with languages [LanguageSpec[languageName=javafml, acceptedVersions=[46.0.0,)]]
[11Apr2025 23:18:30.852] [main/DEBUG] [net.minecraftforge.fml.loading.moddiscovery.ModFileParser/LOADING]: Considering mod file candidate /workspaces/RATALAND2025/servidor_minecraft/mods/jei-1.20.1-forge-15.20.0.105.jar
[11Apr2025 23:18:30.853] [main/DEBUG] [net.minecraftforge.fml.loading.moddiscovery.ModFileInfo/LOADING]: Found valid mod file jei-1.20.1-forge-15.20.0.105.jar with {jei} mods - versions {15.20.0.105}
[11Apr2025 23:18:30.853] [main/DEBUG] [net.minecraftforge.fml.loading.moddiscovery.ModFile/LOADING]: Loading mod file /workspaces/RATALAND2025/servidor_minecraft/mods/jei-1.20.1-forge-15.20.0.105.jar with languages [LanguageSpec[languageName=javafml, acceptedVersions=[47,)]]
[11Apr2025 23:18:30.853] [main/DEBUG] [net.minecraftforge.fml.loading.moddiscovery.ModFileParser/LOADING]: Considering mod file candidate /workspaces/RATALAND2025/servidor_minecraft/mods/caelus-forge-3.2.0+1.20.1.jar
[11Apr2025 23:18:30.854] [main/DEBUG] [net.minecraftforge.fml.loading.moddiscovery.ModFileInfo/LOADING]: Found valid mod file caelus-forge-3.2.0+1.20.1.jar with {caelus} mods - versions {3.2.0+1.20.1}
[11Apr2025 23:18:30.854] [main/DEBUG] [net.minecraftforge.fml.loading.moddiscovery.ModFile/LOADING]: Loading mod file /workspaces/RATALAND2025/servidor_minecraft/mods/caelus-forge-3.2.0+1.20.1.jar with languages [LanguageSpec[languageName=javafml, acceptedVersions=[46,)]]
[11Apr2025 23:18:30.854] [main/DEBUG] [net.minecraftforge.fml.loading.moddiscovery.ModFileParser/LOADING]: Considering mod file candidate /workspaces/RATALAND2025/servidor_minecraft/mods/sophisticatedcore-1.20.1-1.2.41.942.jar
[11Apr2025 23:18:30.855] [main/DEBUG] [net.minecraftforge.fml.loading.moddiscovery.ModFileInfo/LOADING]: Found valid mod file sophisticatedcore-1.20.1-1.2.41.942.jar with {sophisticatedcore} mods - versions {1.2.41.942}
[11Apr2025 23:18:30.855] [main/DEBUG] [net.minecraftforge.fml.loading.moddiscovery.ModFile/LOADING]: Loading mod file /workspaces/RATALAND2025/servidor_minecraft/mods/sophisticatedcore-1.20.1-1.2.41.942.jar with languages [LanguageSpec[languageName=javafml, acceptedVersions=[47,)]]
[11Apr2025 23:18:30.855] [main/DEBUG] [net.minecraftforge.fml.loading.moddiscovery.ModFileParser/LOADING]: Considering mod file candidate /workspaces/RATALAND2025/servidor_minecraft/mods/waystones-forge-1.20.1-14.1.11.jar
[11Apr2025 23:18:30.856] [main/DEBUG] [net.minecraftforge.fml.loading.moddiscovery.ModFileInfo/LOADING]: Found valid mod file waystones-forge-1.20.1-14.1.11.jar with {waystones} mods - versions {14.1.11}
[11Apr2025 23:18:30.856] [main/DEBUG] [net.minecraftforge.fml.loading.moddiscovery.ModFile/LOADING]: Loading mod file /workspaces/RATALAND2025/servidor_minecraft/mods/waystones-forge-1.20.1-14.1.11.jar with languages [LanguageSpec[languageName=javafml, acceptedVersions=[46,)]]
[11Apr2025 23:18:30.856] [main/DEBUG] [net.minecraftforge.fml.loading.moddiscovery.ModFileParser/LOADING]: Considering mod file candidate /workspaces/RATALAND2025/servidor_minecraft/mods/journeymap-1.20.1-5.10.3-forge.jar
[11Apr2025 23:18:30.857] [main/DEBUG] [net.minecraftforge.fml.loading.moddiscovery.ModFileInfo/LOADING]: Found valid mod file journeymap-1.20.1-5.10.3-forge.jar with {journeymap} mods - versions {5.10.3}
[11Apr2025 23:18:30.857] [main/DEBUG] [net.minecraftforge.fml.loading.moddiscovery.ModFile/LOADING]: Loading mod file /workspaces/RATALAND2025/servidor_minecraft/mods/journeymap-1.20.1-5.10.3-forge.jar with languages [LanguageSpec[languageName=javafml, acceptedVersions=[44,)]]
[11Apr2025 23:18:30.859] [main/DEBUG] [net.minecraftforge.fml.loading.moddiscovery.ModFileParser/LOADING]: Found coremod journeymap potion effect transformer with Javascript path potion-effects-shift.js
[11Apr2025 23:18:30.859] [main/DEBUG] [net.minecraftforge.fml.loading.moddiscovery.ModFile/LOADING]: Found coremod potion-effects-shift.js
[11Apr2025 23:18:30.859] [main/DEBUG] [net.minecraftforge.fml.loading.moddiscovery.ModFileParser/LOADING]: Considering mod file candidate /workspaces/RATALAND2025/servidor_minecraft/mods/citadel-2.6.1-1.20.1.jar
[11Apr2025 23:18:30.859] [main/DEBUG] [net.minecraftforge.fml.loading.moddiscovery.ModFileInfo/LOADING]: Found valid mod file citadel-2.6.1-1.20.1.jar with {citadel} mods - versions {2.6.1}
[11Apr2025 23:18:30.860] [main/DEBUG] [net.minecraftforge.fml.loading.moddiscovery.ModFile/LOADING]: Loading mod file /workspaces/RATALAND2025/servidor_minecraft/mods/citadel-2.6.1-1.20.1.jar with languages [LanguageSpec[languageName=javafml, acceptedVersions=[47,)]]
[11Apr2025 23:18:30.860] [main/DEBUG] [net.minecraftforge.fml.loading.moddiscovery.ModFileParser/LOADING]: Considering mod file candidate /workspaces/RATALAND2025/servidor_minecraft/mods/Placebo-1.20.1-8.6.3.jar
[11Apr2025 23:18:30.860] [main/DEBUG] [net.minecraftforge.fml.loading.moddiscovery.ModFileInfo/LOADING]: Found valid mod file Placebo-1.20.1-8.6.3.jar with {placebo} mods - versions {8.6.3}
[11Apr2025 23:18:30.860] [main/DEBUG] [net.minecraftforge.fml.loading.moddiscovery.ModFile/LOADING]: Loading mod file /workspaces/RATALAND2025/servidor_minecraft/mods/Placebo-1.20.1-8.6.3.jar with languages [LanguageSpec[languageName=javafml, acceptedVersions=[32,)]]
[11Apr2025 23:18:30.861] [main/DEBUG] [net.minecraftforge.fml.loading.moddiscovery.ModFileParser/LOADING]: Found coremod placebo_get_ench_level_event with Javascript path coremods/get_ench_level_event.js
[11Apr2025 23:18:30.861] [main/DEBUG] [net.minecraftforge.fml.loading.moddiscovery.ModFileParser/LOADING]: Found coremod placebo_get_ench_level_event_specific with Javascript path coremods/get_ench_level_event_specific.js
[11Apr2025 23:18:30.861] [main/DEBUG] [net.minecraftforge.fml.loading.moddiscovery.ModFile/LOADING]: Found coremod coremods/get_ench_level_event.js
[11Apr2025 23:18:30.861] [main/DEBUG] [net.minecraftforge.fml.loading.moddiscovery.ModFile/LOADING]: Found coremod coremods/get_ench_level_event_specific.js
[11Apr2025 23:18:30.861] [main/DEBUG] [net.minecraftforge.fml.loading.moddiscovery.ModFileParser/LOADING]: Considering mod file candidate /workspaces/RATALAND2025/servidor_minecraft/mods/artifacts-forge-9.5.13.jar
[11Apr2025 23:18:30.862] [main/DEBUG] [net.minecraftforge.fml.loading.moddiscovery.ModFileInfo/LOADING]: Found valid mod file artifacts-forge-9.5.13.jar with {artifacts} mods - versions {9.5.13}
[11Apr2025 23:18:30.862] [main/DEBUG] [net.minecraftforge.fml.loading.moddiscovery.ModFile/LOADING]: Loading mod file /workspaces/RATALAND2025/servidor_minecraft/mods/artifacts-forge-9.5.13.jar with languages [LanguageSpec[languageName=javafml, acceptedVersions=[47,)]]
[11Apr2025 23:18:30.862] [main/DEBUG] [net.minecraftforge.fml.loading.moddiscovery.ModFileParser/LOADING]: Considering mod file candidate /workspaces/RATALAND2025/servidor_minecraft/mods/Bookshelf-Forge-1.20.1-20.2.13.jar
[11Apr2025 23:18:30.863] [main/DEBUG] [net.minecraftforge.fml.loading.moddiscovery.ModFileInfo/LOADING]: Found valid mod file Bookshelf-Forge-1.20.1-20.2.13.jar with {bookshelf} mods - versions {20.2.13}
[11Apr2025 23:18:30.863] [main/DEBUG] [net.minecraftforge.fml.loading.moddiscovery.ModFile/LOADING]: Loading mod file /workspaces/RATALAND2025/servidor_minecraft/mods/Bookshelf-Forge-1.20.1-20.2.13.jar with languages [LanguageSpec[languageName=javafml, acceptedVersions=[47,)]]
[11Apr2025 23:18:30.863] [main/DEBUG] [net.minecraftforge.fml.loading.moddiscovery.ModFileParser/LOADING]: Considering mod file candidate /workspaces/RATALAND2025/servidor_minecraft/mods/sophisticatedbackpacks-1.20.1-3.23.10.1220.jar
[11Apr2025 23:18:30.863] [main/DEBUG] [net.minecraftforge.fml.loading.moddiscovery.ModFileInfo/LOADING]: Found valid mod file sophisticatedbackpacks-1.20.1-3.23.10.1220.jar with {sophisticatedbackpacks} mods - versions {3.23.10.1220}
[11Apr2025 23:18:30.864] [main/DEBUG] [net.minecraftforge.fml.loading.moddiscovery.ModFile/LOADING]: Loading mod file /workspaces/RATALAND2025/servidor_minecraft/mods/sophisticatedbackpacks-1.20.1-3.23.10.1220.jar with languages [LanguageSpec[languageName=javafml, acceptedVersions=[47,)]]
[11Apr2025 23:18:30.864] [main/DEBUG] [net.minecraftforge.fml.loading.moddiscovery.ModFileParser/LOADING]: Considering mod file candidate /workspaces/RATALAND2025/servidor_minecraft/mods/Apotheosis-1.20.1-7.4.6.jar
[11Apr2025 23:18:30.864] [main/DEBUG] [net.minecraftforge.fml.loading.moddiscovery.ModFileInfo/LOADING]: Found valid mod file Apotheosis-1.20.1-7.4.6.jar with {apotheosis} mods - versions {7.4.6}
[11Apr2025 23:18:30.864] [main/DEBUG] [net.minecraftforge.fml.loading.moddiscovery.ModFile/LOADING]: Loading mod file /workspaces/RATALAND2025/servidor_minecraft/mods/Apotheosis-1.20.1-7.4.6.jar with languages [LanguageSpec[languageName=javafml, acceptedVersions=[32,)]]
[11Apr2025 23:18:30.865] [main/DEBUG] [net.minecraftforge.fml.loading.moddiscovery.ModFileParser/LOADING]: Found coremod apotheosis_ench/ench_info_loot_redirector with Javascript path coremods/ench/ench_info_loot_redirector.js
[11Apr2025 23:18:30.865] [main/DEBUG] [net.minecraftforge.fml.loading.moddiscovery.ModFileParser/LOADING]: Found coremod apotheosis_ench/ench_info_redirector with Javascript path coremods/ench/ench_info_redirector.js
[11Apr2025 23:18:30.865] [main/DEBUG] [net.minecraftforge.fml.loading.moddiscovery.ModFileParser/LOADING]: Found coremod apotheosis_ench/fishing_hook with Javascript path coremods/ench/fishing_hook.js
[11Apr2025 23:18:30.865] [main/DEBUG] [net.minecraftforge.fml.loading.moddiscovery.ModFile/LOADING]: Found coremod coremods/ench/ench_info_loot_redirector.js
[11Apr2025 23:18:30.865] [main/DEBUG] [net.minecraftforge.fml.loading.moddiscovery.ModFile/LOADING]: Found coremod coremods/ench/ench_info_redirector.js
[11Apr2025 23:18:30.866] [main/DEBUG] [net.minecraftforge.fml.loading.moddiscovery.ModFile/LOADING]: Found coremod coremods/ench/fishing_hook.js
[11Apr2025 23:18:30.866] [main/DEBUG] [net.minecraftforge.fml.loading.moddiscovery.ModFileParser/LOADING]: Considering mod file candidate /workspaces/RATALAND2025/servidor_minecraft/mods/iceandfire-2.1.13-1.20.1-beta-5.jar
[11Apr2025 23:18:30.866] [main/DEBUG] [net.minecraftforge.fml.loading.moddiscovery.ModFileInfo/LOADING]: Found valid mod file iceandfire-2.1.13-1.20.1-beta-5.jar with {iceandfire} mods - versions {2.1.13-1.20.1}
[11Apr2025 23:18:30.866] [main/DEBUG] [net.minecraftforge.fml.loading.moddiscovery.ModFile/LOADING]: Loading mod file /workspaces/RATALAND2025/servidor_minecraft/mods/iceandfire-2.1.13-1.20.1-beta-5.jar with languages [LanguageSpec[languageName=javafml, acceptedVersions=[37.0,)]]
[11Apr2025 23:18:30.867] [main/DEBUG] [net.minecraftforge.fml.loading.moddiscovery.ModFileParser/LOADING]: Considering mod file candidate /workspaces/RATALAND2025/servidor_minecraft/mods/balm-forge-1.20.1-7.3.27-all.jar
[11Apr2025 23:18:30.867] [main/DEBUG] [net.minecraftforge.fml.loading.moddiscovery.ModFileInfo/LOADING]: Found valid mod file balm-forge-1.20.1-7.3.27-all.jar with {balm} mods - versions {7.3.27}
[11Apr2025 23:18:30.867] [main/DEBUG] [net.minecraftforge.fml.loading.moddiscovery.ModFile/LOADING]: Loading mod file /workspaces/RATALAND2025/servidor_minecraft/mods/balm-forge-1.20.1-7.3.27-all.jar with languages [LanguageSpec[languageName=javafml, acceptedVersions=[46,)]]
[11Apr2025 23:18:30.867] [main/DEBUG] [net.minecraftforge.fml.loading.moddiscovery.ModFileParser/LOADING]: Considering mod file candidate /workspaces/RATALAND2025/servidor_minecraft/mods/immersive_armors-1.6.1+1.20.1-forge.jar
[11Apr2025 23:18:30.868] [main/DEBUG] [net.minecraftforge.fml.loading.moddiscovery.ModFileInfo/LOADING]: Found valid mod file immersive_armors-1.6.1+1.20.1-forge.jar with {immersive_armors} mods - versions {1.6.1+1.20.1}
[11Apr2025 23:18:30.868] [main/DEBUG] [net.minecraftforge.fml.loading.moddiscovery.ModFile/LOADING]: Loading mod file /workspaces/RATALAND2025/servidor_minecraft/mods/immersive_armors-1.6.1+1.20.1-forge.jar with languages [LanguageSpec[languageName=javafml, acceptedVersions=[47,)]]
[11Apr2025 23:18:30.868] [main/DEBUG] [net.minecraftforge.fml.loading.moddiscovery.ModFileParser/LOADING]: Considering mod file candidate /workspaces/RATALAND2025/servidor_minecraft/mods/cloth-config-11.1.136-forge.jar
[11Apr2025 23:18:30.869] [main/DEBUG] [net.minecraftforge.fml.loading.moddiscovery.ModFileInfo/LOADING]: Found valid mod file cloth-config-11.1.136-forge.jar with {cloth_config} mods - versions {11.1.136}
[11Apr2025 23:18:30.869] [main/DEBUG] [net.minecraftforge.fml.loading.moddiscovery.ModFile/LOADING]: Loading mod file /workspaces/RATALAND2025/servidor_minecraft/mods/cloth-config-11.1.136-forge.jar with languages [LanguageSpec[languageName=javafml, acceptedVersions=[34,)]]
[11Apr2025 23:18:30.869] [main/DEBUG] [net.minecraftforge.fml.loading.moddiscovery.ModFileParser/LOADING]: Considering mod file candidate /workspaces/RATALAND2025/servidor_minecraft/libraries/net/minecraftforge/forge/1.20.1-47.3.7/forge-1.20.1-47.3.7-universal.jar
[11Apr2025 23:18:30.870] [main/DEBUG] [net.minecraftforge.fml.loading.moddiscovery.ModFileInfo/LOADING]: Found valid mod file forge-1.20.1-47.3.7-universal.jar with {forge} mods - versions {47.3.7}
[11Apr2025 23:18:30.870] [main/DEBUG] [net.minecraftforge.fml.loading.moddiscovery.ModFile/LOADING]: Loading mod file /workspaces/RATALAND2025/servidor_minecraft/libraries/net/minecraftforge/forge/1.20.1-47.3.7/forge-1.20.1-47.3.7-universal.jar with languages [LanguageSpec[languageName=javafml, acceptedVersions=[24,]]]
[11Apr2025 23:18:30.870] [main/DEBUG] [net.minecraftforge.fml.loading.moddiscovery.ModFileParser/LOADING]: Found coremod field_to_method with Javascript path coremods/field_to_method.js
[11Apr2025 23:18:30.870] [main/DEBUG] [net.minecraftforge.fml.loading.moddiscovery.ModFileParser/LOADING]: Found coremod field_to_instanceof with Javascript path coremods/field_to_instanceof.js
[11Apr2025 23:18:30.870] [main/DEBUG] [net.minecraftforge.fml.loading.moddiscovery.ModFileParser/LOADING]: Found coremod add_bouncer_method with Javascript path coremods/add_bouncer_method.js
[11Apr2025 23:18:30.871] [main/DEBUG] [net.minecraftforge.fml.loading.moddiscovery.ModFileParser/LOADING]: Found coremod method_redirector with Javascript path coremods/method_redirector.js
[11Apr2025 23:18:30.871] [main/DEBUG] [net.minecraftforge.fml.loading.moddiscovery.ModFile/LOADING]: Found coremod coremods/field_to_method.js
[11Apr2025 23:18:30.871] [main/DEBUG] [net.minecraftforge.fml.loading.moddiscovery.ModFile/LOADING]: Found coremod coremods/field_to_instanceof.js
[11Apr2025 23:18:30.871] [main/DEBUG] [net.minecraftforge.fml.loading.moddiscovery.ModFile/LOADING]: Found coremod coremods/add_bouncer_method.js
[11Apr2025 23:18:30.871] [main/DEBUG] [net.minecraftforge.fml.loading.moddiscovery.ModFile/LOADING]: Found coremod coremods/method_redirector.js
[11Apr2025 23:18:30.871] [main/DEBUG] [net.minecraftforge.fml.loading.moddiscovery.ModFileParser/LOADING]: Considering mod file candidate /workspaces/RATALAND2025/servidor_minecraft/mods/corpse-forge-1.20.1-1.0.19.jar
[11Apr2025 23:18:30.872] [main/DEBUG] [net.minecraftforge.fml.loading.moddiscovery.ModFileInfo/LOADING]: Found valid mod file corpse-forge-1.20.1-1.0.19.jar with {corpse} mods - versions {1.20.1-1.0.19}
[11Apr2025 23:18:30.872] [main/DEBUG] [net.minecraftforge.fml.loading.moddiscovery.ModFile/LOADING]: Loading mod file /workspaces/RATALAND2025/servidor_minecraft/mods/corpse-forge-1.20.1-1.0.19.jar with languages [LanguageSpec[languageName=javafml, acceptedVersions=*]]
[11Apr2025 23:18:30.872] [main/DEBUG] [net.minecraftforge.fml.loading.moddiscovery.ModFileParser/LOADING]: Considering mod file candidate /workspaces/RATALAND2025/servidor_minecraft/mods/ironchest-1.20.1-14.4.4.jar
[11Apr2025 23:18:30.872] [main/DEBUG] [net.minecraftforge.fml.loading.moddiscovery.ModFileInfo/LOADING]: Found valid mod file ironchest-1.20.1-14.4.4.jar with {ironchest} mods - versions {1.20.1-14.4.4}
[11Apr2025 23:18:30.872] [main/DEBUG] [net.minecraftforge.fml.loading.moddiscovery.ModFile/LOADING]: Loading mod file /workspaces/RATALAND2025/servidor_minecraft/mods/ironchest-1.20.1-14.4.4.jar with languages [LanguageSpec[languageName=javafml, acceptedVersions=[47,)]]
[11Apr2025 23:18:30.873] [main/DEBUG] [net.minecraftforge.fml.loading.moddiscovery.ModFileParser/LOADING]: Considering mod file candidate /workspaces/RATALAND2025/servidor_minecraft/mods/DungeonsArise-1.20.x-2.1.58-release.jar
[11Apr2025 23:18:30.873] [main/DEBUG] [net.minecraftforge.fml.loading.moddiscovery.ModFileInfo/LOADING]: Found valid mod file DungeonsArise-1.20.x-2.1.58-release.jar with {dungeons_arise} mods - versions {2.1.58-1.20.x}
[11Apr2025 23:18:30.873] [main/DEBUG] [net.minecraftforge.fml.loading.moddiscovery.ModFile/LOADING]: Loading mod file /workspaces/RATALAND2025/servidor_minecraft/mods/DungeonsArise-1.20.x-2.1.58-release.jar with languages [LanguageSpec[languageName=javafml, acceptedVersions=[41,)]]
[11Apr2025 23:18:30.873] [main/DEBUG] [net.minecraftforge.fml.loading.moddiscovery.ModFileParser/LOADING]: Considering mod file candidate /workspaces/RATALAND2025/servidor_minecraft/mods/useless-sword-1.20.1-V1.4.2.jar
[11Apr2025 23:18:30.874] [main/DEBUG] [net.minecraftforge.fml.loading.moddiscovery.ModFileInfo/LOADING]: Found valid mod file useless-sword-1.20.1-V1.4.2.jar with {useless_sword} mods - versions {1.4.1}
[11Apr2025 23:18:30.874] [main/DEBUG] [net.minecraftforge.fml.loading.moddiscovery.ModFile/LOADING]: Loading mod file /workspaces/RATALAND2025/servidor_minecraft/mods/useless-sword-1.20.1-V1.4.2.jar with languages [LanguageSpec[languageName=javafml, acceptedVersions=[47,)]]
[11Apr2025 23:18:30.874] [main/DEBUG] [net.minecraftforge.fml.loading.moddiscovery.ModFileInfo/LOADING]: Found valid mod file server-1.20.1-20230612.114412-srg.jar with {minecraft} mods - versions {1.20.1}
[11Apr2025 23:18:30.874] [main/DEBUG] [net.minecraftforge.fml.loading.moddiscovery.ModFile/LOADING]: Loading mod file /workspaces/RATALAND2025/servidor_minecraft/libraries/net/minecraft/server/1.20.1-20230612.114412/server-1.20.1-20230612.114412-srg.jar with languages [LanguageSpec[languageName=minecraft, acceptedVersions=1]]
[11Apr2025 23:18:30.875] [main/DEBUG] [net.minecraftforge.fml.loading.moddiscovery.ModFileParser/LOADING]: Considering mod file candidate /workspaces/RATALAND2025/servidor_minecraft/mods/EnchantmentDescriptions-Forge-1.20.1-17.1.19.jar
[11Apr2025 23:18:30.876] [main/DEBUG] [net.minecraftforge.fml.loading.moddiscovery.ModFileInfo/LOADING]: Found valid mod file EnchantmentDescriptions-Forge-1.20.1-17.1.19.jar with {enchdesc} mods - versions {17.1.19}
[11Apr2025 23:18:30.876] [main/DEBUG] [net.minecraftforge.fml.loading.moddiscovery.ModFile/LOADING]: Loading mod file /workspaces/RATALAND2025/servidor_minecraft/mods/EnchantmentDescriptions-Forge-1.20.1-17.1.19.jar with languages [LanguageSpec[languageName=javafml, acceptedVersions=[47,)]]
[11Apr2025 23:18:30.876] [main/DEBUG] [net.minecraftforge.fml.loading.moddiscovery.ModFileParser/LOADING]: Considering mod file candidate /workspaces/RATALAND2025/servidor_minecraft/mods/voicechat-forge-1.20.1-2.5.15.jar
[11Apr2025 23:18:30.877] [main/DEBUG] [net.minecraftforge.fml.loading.moddiscovery.ModFileInfo/LOADING]: Found valid mod file voicechat-forge-1.20.1-2.5.15.jar with {voicechat} mods - versions {1.20.1-2.5.15}
[11Apr2025 23:18:30.877] [main/DEBUG] [net.minecraftforge.fml.loading.moddiscovery.ModFile/LOADING]: Loading mod file /workspaces/RATALAND2025/servidor_minecraft/mods/voicechat-forge-1.20.1-2.5.15.jar with languages [LanguageSpec[languageName=javafml, acceptedVersions=*]]
[11Apr2025 23:18:30.877] [main/DEBUG] [net.minecraftforge.fml.loading.moddiscovery.ModFileParser/LOADING]: Considering mod file candidate /workspaces/RATALAND2025/servidor_minecraft/mods/silent-lib-1.20.1-8.0.0.jar
[11Apr2025 23:18:30.878] [main/DEBUG] [net.minecraftforge.fml.loading.moddiscovery.ModFileInfo/LOADING]: Found valid mod file silent-lib-1.20.1-8.0.0.jar with {silentlib} mods - versions {8.0.0}
[11Apr2025 23:18:30.878] [main/DEBUG] [net.minecraftforge.fml.loading.moddiscovery.ModFile/LOADING]: Loading mod file /workspaces/RATALAND2025/servidor_minecraft/mods/silent-lib-1.20.1-8.0.0.jar with languages [LanguageSpec[languageName=javafml, acceptedVersions=[46,)]]
[11Apr2025 23:18:30.878] [main/DEBUG] [net.minecraftforge.fml.loading.moddiscovery.ModFileParser/LOADING]: Considering mod file candidate /workspaces/RATALAND2025/servidor_minecraft/mods/Jade-1.20.1-Forge-11.12.3.jar
[11Apr2025 23:18:30.879] [main/DEBUG] [net.minecraftforge.fml.loading.moddiscovery.ModFileInfo/LOADING]: Found valid mod file Jade-1.20.1-Forge-11.12.3.jar with {jade} mods - versions {11.12.3+forge}
[11Apr2025 23:18:30.879] [main/DEBUG] [net.minecraftforge.fml.loading.moddiscovery.ModFile/LOADING]: Loading mod file /workspaces/RATALAND2025/servidor_minecraft/mods/Jade-1.20.1-Forge-11.12.3.jar with languages [LanguageSpec[languageName=javafml, acceptedVersions=[46,)]]
[11Apr2025 23:18:30.879] [main/DEBUG] [net.minecraftforge.fml.loading.moddiscovery.ModFileParser/LOADING]: Considering mod file candidate /workspaces/RATALAND2025/servidor_minecraft/mods/ironfurnaces-1.20.1-4.1.6.jar
[11Apr2025 23:18:30.880] [main/DEBUG] [net.minecraftforge.fml.loading.moddiscovery.ModFileInfo/LOADING]: Found valid mod file ironfurnaces-1.20.1-4.1.6.jar with {ironfurnaces} mods - versions {4.1.6}
[11Apr2025 23:18:30.880] [main/DEBUG] [net.minecraftforge.fml.loading.moddiscovery.ModFile/LOADING]: Loading mod file /workspaces/RATALAND2025/servidor_minecraft/mods/ironfurnaces-1.20.1-4.1.6.jar with languages [LanguageSpec[languageName=javafml, acceptedVersions=[46,)]]
[11Apr2025 23:18:30.881] [main/DEBUG] [net.minecraftforge.fml.loading.moddiscovery.ModFileParser/LOADING]: Considering mod file candidate /workspaces/RATALAND2025/servidor_minecraft/mods/lionfishapi-2.4-Fix.jar
[11Apr2025 23:18:30.881] [main/DEBUG] [net.minecraftforge.fml.loading.moddiscovery.ModFileInfo/LOADING]: Found valid mod file lionfishapi-2.4-Fix.jar with {lionfishapi} mods - versions {2.4-Fix}
[11Apr2025 23:18:30.882] [main/DEBUG] [net.minecraftforge.fml.loading.moddiscovery.ModFile/LOADING]: Loading mod file /workspaces/RATALAND2025/servidor_minecraft/mods/lionfishapi-2.4-Fix.jar with languages [LanguageSpec[languageName=javafml, acceptedVersions=[47,)]]
[11Apr2025 23:18:30.882] [main/DEBUG] [net.minecraftforge.fml.loading.moddiscovery.ModFileParser/LOADING]: Considering mod file candidate /workspaces/RATALAND2025/servidor_minecraft/mods/curios-forge-5.14.0+1.20.1.jar
[11Apr2025 23:18:30.883] [main/DEBUG] [net.minecraftforge.fml.loading.moddiscovery.ModFileInfo/LOADING]: Found valid mod file curios-forge-5.14.0+1.20.1.jar with {curios} mods - versions {5.14.0+1.20.1}
[11Apr2025 23:18:30.883] [main/DEBUG] [net.minecraftforge.fml.loading.moddiscovery.ModFile/LOADING]: Loading mod file /workspaces/RATALAND2025/servidor_minecraft/mods/curios-forge-5.14.0+1.20.1.jar with languages [LanguageSpec[languageName=javafml, acceptedVersions=[41,)]]
[11Apr2025 23:18:30.883] [main/DEBUG] [net.minecraftforge.fml.loading.moddiscovery.ModFileParser/LOADING]: Considering mod file candidate /workspaces/RATALAND2025/servidor_minecraft/mods/L_Enders_Cataclysm-2.63.jar
[11Apr2025 23:18:30.884] [main/DEBUG] [net.minecraftforge.fml.loading.moddiscovery.ModFileInfo/LOADING]: Found valid mod file L_Enders_Cataclysm-2.63.jar with {cataclysm} mods - versions {2.63}
[11Apr2025 23:18:30.884] [main/DEBUG] [net.minecraftforge.fml.loading.moddiscovery.ModFile/LOADING]: Loading mod file /workspaces/RATALAND2025/servidor_minecraft/mods/L_Enders_Cataclysm-2.63.jar with languages [LanguageSpec[languageName=javafml, acceptedVersions=[47,)]]
[11Apr2025 23:18:30.885] [main/DEBUG] [net.minecraftforge.fml.loading.moddiscovery.ModFileParser/LOADING]: Considering mod file candidate /workspaces/RATALAND2025/servidor_minecraft/mods/Patchouli-1.20.1-84.1-FORGE.jar
[11Apr2025 23:18:30.885] [main/DEBUG] [net.minecraftforge.fml.loading.moddiscovery.ModFileInfo/LOADING]: Found valid mod file Patchouli-1.20.1-84.1-FORGE.jar with {patchouli} mods - versions {1.20.1-84.1-FORGE}
[11Apr2025 23:18:30.886] [main/DEBUG] [net.minecraftforge.fml.loading.moddiscovery.ModFile/LOADING]: Loading mod file /workspaces/RATALAND2025/servidor_minecraft/mods/Patchouli-1.20.1-84.1-FORGE.jar with languages [LanguageSpec[languageName=javafml, acceptedVersions=[47,)]]
[11Apr2025 23:18:30.886] [main/DEBUG] [net.minecraftforge.fml.loading.moddiscovery.ModFileParser/LOADING]: Considering mod file candidate /workspaces/RATALAND2025/servidor_minecraft/mods/[1.20.1] SecurityCraft v1.9.12.jar
[11Apr2025 23:18:30.886] [main/DEBUG] [net.minecraftforge.fml.loading.moddiscovery.ModFileInfo/LOADING]: Found valid mod file [1.20.1] SecurityCraft v1.9.12.jar with {securitycraft} mods - versions {1.9.12}
[11Apr2025 23:18:30.887] [main/DEBUG] [net.minecraftforge.fml.loading.moddiscovery.ModFile/LOADING]: Loading mod file /workspaces/RATALAND2025/servidor_minecraft/mods/[1.20.1] SecurityCraft v1.9.12.jar with languages [LanguageSpec[languageName=javafml, acceptedVersions=[46,)]]
[11Apr2025 23:18:30.887] [main/DEBUG] [net.minecraftforge.fml.loading.moddiscovery.ModFileParser/LOADING]: Considering mod file candidate /workspaces/RATALAND2025/servidor_minecraft/mods/ApothicAttributes-1.20.1-1.3.7.jar
[11Apr2025 23:18:30.888] [main/DEBUG] [net.minecraftforge.fml.loading.moddiscovery.ModFileInfo/LOADING]: Found valid mod file ApothicAttributes-1.20.1-1.3.7.jar with {attributeslib} mods - versions {1.3.7}
[11Apr2025 23:18:30.888] [main/DEBUG] [net.minecraftforge.fml.loading.moddiscovery.ModFile/LOADING]: Loading mod file /workspaces/RATALAND2025/servidor_minecraft/mods/ApothicAttributes-1.20.1-1.3.7.jar with languages [LanguageSpec[languageName=javafml, acceptedVersions=[32,)]]
[11Apr2025 23:18:30.888] [main/DEBUG] [net.minecraftforge.fml.loading.moddiscovery.ModFileParser/LOADING]: Found coremod attributeslib_potion_gui_tooltips with Javascript path coremods/potion_gui_tooltips.js
[11Apr2025 23:18:30.889] [main/DEBUG] [net.minecraftforge.fml.loading.moddiscovery.ModFile/LOADING]: Found coremod coremods/potion_gui_tooltips.js
[11Apr2025 23:18:30.889] [main/DEBUG] [net.minecraftforge.fml.loading.moddiscovery.ModFileParser/LOADING]: Considering mod file candidate /workspaces/RATALAND2025/servidor_minecraft/mods/irons_spellbooks-1.20.1-3.4.0.8.jar
[11Apr2025 23:18:30.890] [main/DEBUG] [net.minecraftforge.fml.loading.moddiscovery.ModFileInfo/LOADING]: Found valid mod file irons_spellbooks-1.20.1-3.4.0.8.jar with {irons_spellbooks} mods - versions {1.20.1-3.4.0.8}
[11Apr2025 23:18:30.890] [main/DEBUG] [net.minecraftforge.fml.loading.moddiscovery.ModFile/LOADING]: Loading mod file /workspaces/RATALAND2025/servidor_minecraft/mods/irons_spellbooks-1.20.1-3.4.0.8.jar with languages [LanguageSpec[languageName=javafml, acceptedVersions=[47,)]]
[11Apr2025 23:18:30.890] [main/DEBUG] [net.minecraftforge.fml.loading.moddiscovery.ModFileParser/LOADING]: Considering mod file candidate /workspaces/RATALAND2025/servidor_minecraft/mods/Gobber2-Forge-1.20.1-2.8.9.jar
[11Apr2025 23:18:30.891] [main/DEBUG] [net.minecraftforge.fml.loading.moddiscovery.ModFileInfo/LOADING]: Found valid mod file Gobber2-Forge-1.20.1-2.8.9.jar with {gobber2} mods - versions {2.8.9}
[11Apr2025 23:18:30.891] [main/DEBUG] [net.minecraftforge.fml.loading.moddiscovery.ModFile/LOADING]: Loading mod file /workspaces/RATALAND2025/servidor_minecraft/mods/Gobber2-Forge-1.20.1-2.8.9.jar with languages [LanguageSpec[languageName=javafml, acceptedVersions=[47,)]]
[11Apr2025 23:18:30.891] [main/DEBUG] [net.minecraftforge.fml.loading.moddiscovery.ModFileParser/LOADING]: Considering mod file candidate /workspaces/RATALAND2025/servidor_minecraft/mods/immersiveores-1.20.1-0.7.jar
[11Apr2025 23:18:30.892] [main/DEBUG] [net.minecraftforge.fml.loading.moddiscovery.ModFileInfo/LOADING]: Found valid mod file immersiveores-1.20.1-0.7.jar with {immersiveores} mods - versions {1.20.1-0.7}
[11Apr2025 23:18:30.893] [main/DEBUG] [net.minecraftforge.fml.loading.moddiscovery.ModFile/LOADING]: Loading mod file /workspaces/RATALAND2025/servidor_minecraft/mods/immersiveores-1.20.1-0.7.jar with languages [LanguageSpec[languageName=javafml, acceptedVersions=[47,)]]
[11Apr2025 23:18:30.893] [main/DEBUG] [net.minecraftforge.fml.loading.moddiscovery.ModFileParser/LOADING]: Considering mod file candidate /workspaces/RATALAND2025/servidor_minecraft/mods/MoreVanillaArmor-1.20.1-5.1.2.jar
[11Apr2025 23:18:30.893] [main/DEBUG] [net.minecraftforge.fml.loading.moddiscovery.ModFileInfo/LOADING]: Found valid mod file MoreVanillaArmor-1.20.1-5.1.2.jar with {morevanillaarmor} mods - versions {1.20.1-5.1.2}
[11Apr2025 23:18:30.894] [main/DEBUG] [net.minecraftforge.fml.loading.moddiscovery.ModFile/LOADING]: Loading mod file /workspaces/RATALAND2025/servidor_minecraft/mods/MoreVanillaArmor-1.20.1-5.1.2.jar with languages [LanguageSpec[languageName=javafml, acceptedVersions=[47,)]]
[11Apr2025 23:18:30.894] [main/DEBUG] [net.minecraftforge.fml.loading.moddiscovery.ModFileParser/LOADING]: Considering mod file candidate /workspaces/RATALAND2025/servidor_minecraft/mods/appleskin-forge-mc1.20.1-2.5.1.jar
[11Apr2025 23:18:30.894] [main/DEBUG] [net.minecraftforge.fml.loading.moddiscovery.ModFileInfo/LOADING]: Found valid mod file appleskin-forge-mc1.20.1-2.5.1.jar with {appleskin} mods - versions {2.5.1+mc1.20.1}
[11Apr2025 23:18:30.894] [main/DEBUG] [net.minecraftforge.fml.loading.moddiscovery.ModFile/LOADING]: Loading mod file /workspaces/RATALAND2025/servidor_minecraft/mods/appleskin-forge-mc1.20.1-2.5.1.jar with languages [LanguageSpec[languageName=javafml, acceptedVersions=[47,)]]
[11Apr2025 23:18:30.895] [main/DEBUG] [net.minecraftforge.fml.loading.moddiscovery.ModFileParser/LOADING]: Considering mod file candidate /workspaces/RATALAND2025/servidor_minecraft/mods/architectury-9.2.14-forge.jar
[11Apr2025 23:18:30.895] [main/DEBUG] [net.minecraftforge.fml.loading.moddiscovery.ModFileInfo/LOADING]: Found valid mod file architectury-9.2.14-forge.jar with {architectury} mods - versions {9.2.14}
[11Apr2025 23:18:30.895] [main/DEBUG] [net.minecraftforge.fml.loading.moddiscovery.ModFile/LOADING]: Loading mod file /workspaces/RATALAND2025/servidor_minecraft/mods/architectury-9.2.14-forge.jar with languages [LanguageSpec[languageName=javafml, acceptedVersions=[46,)]]
[11Apr2025 23:18:30.896] [main/DEBUG] [net.minecraftforge.fml.loading.moddiscovery.ModFileParser/LOADING]: Considering mod file candidate /workspaces/RATALAND2025/servidor_minecraft/mods/deeperdarker-forge-1.20.1-1.3.3.jar
[11Apr2025 23:18:30.896] [main/DEBUG] [net.minecraftforge.fml.loading.moddiscovery.ModFileInfo/LOADING]: Found valid mod file deeperdarker-forge-1.20.1-1.3.3.jar with {deeperdarker} mods - versions {1.3.3}
[11Apr2025 23:18:30.896] [main/DEBUG] [net.minecraftforge.fml.loading.moddiscovery.ModFile/LOADING]: Loading mod file /workspaces/RATALAND2025/servidor_minecraft/mods/deeperdarker-forge-1.20.1-1.3.3.jar with languages [LanguageSpec[languageName=javafml, acceptedVersions=[47,)]]
[11Apr2025 23:18:30.897] [main/DEBUG] [net.minecraftforge.fml.loading.moddiscovery.ModFileParser/LOADING]: Considering mod file candidate 
[11Apr2025 23:18:30.897] [main/DEBUG] [net.minecraftforge.fml.loading.moddiscovery.ModFileInfo/LOADING]: Found valid mod file expandability-forge-9.0.4.jar with {expandability} mods - versions {9.0.4}
[11Apr2025 23:18:30.898] [main/DEBUG] [net.minecraftforge.fml.loading.moddiscovery.ModFile/LOADING]: Loading mod file  with languages [LanguageSpec[languageName=javafml, acceptedVersions=[46,)]]
[11Apr2025 23:18:30.898] [main/DEBUG] [net.minecraftforge.fml.loading.moddiscovery.ModFileParser/LOADING]: Considering mod file candidate /workspaces/RATALAND2025/servidor_minecraft/mods/ScalingHealth-1.20.1-8.0.2+9.jar
[11Apr2025 23:18:30.898] [main/DEBUG] [net.minecraftforge.fml.loading.moddiscovery.ModFileInfo/LOADING]: Found valid mod file ScalingHealth-1.20.1-8.0.2+9.jar with {scalinghealth} mods - versions {8.0.2+9}
[11Apr2025 23:18:30.898] [main/DEBUG] [net.minecraftforge.fml.loading.moddiscovery.ModFile/LOADING]: Loading mod file /workspaces/RATALAND2025/servidor_minecraft/mods/ScalingHealth-1.20.1-8.0.2+9.jar with languages [LanguageSpec[languageName=javafml, acceptedVersions=[47,)]]
[11Apr2025 23:18:30.899] [main/DEBUG] [net.minecraftforge.fml.loading.moddiscovery.ModFile/LOADING]: Loading mod file  with languages []
[11Apr2025 23:18:30.899] [main/DEBUG] [net.minecraftforge.fml.loading.moddiscovery.ModFileParser/LOADING]: Considering mod file candidate 
[11Apr2025 23:18:30.899] [main/DEBUG] [net.minecraftforge.fml.loading.moddiscovery.ModFileInfo/LOADING]: Found valid mod file mixinextras-forge-0.3.5.jar with {mixinextras} mods - versions {0.3.5}
[11Apr2025 23:18:30.900] [main/DEBUG] [net.minecraftforge.fml.loading.moddiscovery.ModFile/LOADING]: Loading mod file  with languages [LanguageSpec[languageName=javafml, acceptedVersions=*]]
[11Apr2025 23:18:30.900] [main/DEBUG] [net.minecraftforge.fml.loading.moddiscovery.ModFile/LOADING]: Loading mod file  with languages []
[11Apr2025 23:18:30.900] [main/DEBUG] [net.minecraftforge.fml.loading.moddiscovery.ModFile/LOADING]: Loading mod file  with languages []
[11Apr2025 23:18:30.900] [main/DEBUG] [net.minecraftforge.fml.loading.moddiscovery.ModFileParser/LOADING]: Considering mod file candidate 
[11Apr2025 23:18:30.900] [main/DEBUG] [net.minecraftforge.fml.loading.moddiscovery.ModFileInfo/LOADING]: Found valid mod file mixinextras-forge-0.3.5.jar with {mixinextras} mods - versions {0.3.5}
[11Apr2025 23:18:30.901] [main/DEBUG] [net.minecraftforge.fml.loading.moddiscovery.ModFile/LOADING]: Loading mod file  with languages [LanguageSpec[languageName=javafml, acceptedVersions=*]]
[11Apr2025 23:18:30.901] [main/DEBUG] [net.minecraftforge.fml.loading.moddiscovery.ModFile/LOADING]: Loading mod file  with languages []
[11Apr2025 23:18:30.902] [main/DEBUG] [cpw.mods.modlauncher.TransformationServiceDecorator/MODLAUNCHER]: End scan trigger - transformation service fml
[11Apr2025 23:18:30.914] [main/DEBUG] [net.minecraftforge.fml.loading.LanguageLoadingProvider/CORE]: Found 3 language providers
[11Apr2025 23:18:30.915] [main/DEBUG] [net.minecraftforge.fml.loading.LanguageLoadingProvider/CORE]: Found language provider minecraft, version 1.0
[11Apr2025 23:18:30.916] [main/DEBUG] [net.minecraftforge.fml.loading.LanguageLoadingProvider/CORE]: Found language provider lowcodefml, version 47
[11Apr2025 23:18:30.916] [main/DEBUG] [net.minecraftforge.fml.loading.LanguageLoadingProvider/CORE]: Found language provider javafml, version 47
[11Apr2025 23:18:30.920] [main/DEBUG] [net.minecraftforge.fml.loading.UniqueModListBuilder/]: Found 2 mods for first modid mclib, selecting most recent based on version data
[11Apr2025 23:18:30.921] [main/DEBUG] [net.minecraftforge.fml.loading.UniqueModListBuilder/]: Selected file mclib-20.jar for modid mclib with version 0.0NONE
[11Apr2025 23:18:30.921] [main/DEBUG] [net.minecraftforge.fml.loading.UniqueModListBuilder/]: Found 2 mods for first modid mixinextras, selecting most recent based on version data
[11Apr2025 23:18:30.921] [main/DEBUG] [net.minecraftforge.fml.loading.UniqueModListBuilder/]: Selected file mixinextras-forge-0.3.5.jar for modid mixinextras with version 0.3.5
[11Apr2025 23:18:30.921] [main/DEBUG] [net.minecraftforge.fml.loading.UniqueModListBuilder/]: Found 2 mods for first modid MixinExtras, selecting most recent based on version data
[11Apr2025 23:18:30.921] [main/DEBUG] [net.minecraftforge.fml.loading.UniqueModListBuilder/]: Selected file MixinExtras-0.3.5.jar for modid MixinExtras with version 0.0NONE
[11Apr2025 23:18:30.923] [main/DEBUG] [net.minecraftforge.fml.loading.ModSorter/]: Configured system mods: [minecraft, forge]
[11Apr2025 23:18:30.923] [main/DEBUG] [net.minecraftforge.fml.loading.ModSorter/]: Found system mod: minecraft
[11Apr2025 23:18:30.923] [main/DEBUG] [net.minecraftforge.fml.loading.ModSorter/]: Found system mod: forge
[11Apr2025 23:18:30.926] [main/DEBUG] [net.minecraftforge.fml.loading.ModSorter/LOADING]: Found 91 mod requirements (87 mandatory, 4 optional)
[11Apr2025 23:18:30.927] [main/DEBUG] [net.minecraftforge.fml.loading.ModSorter/LOADING]: Found 0 mod requirements missing (0 mandatory, 0 optional)
[11Apr2025 23:18:31.439] [main/DEBUG] [cpw.mods.modlauncher.TransformationServicesHandler/MODLAUNCHER]: Transformation services loading transformers
[11Apr2025 23:18:31.440] [main/DEBUG] [cpw.mods.modlauncher.TransformationServiceDecorator/MODLAUNCHER]: Initializing transformers for transformation service mixin
[11Apr2025 23:18:31.440] [main/DEBUG] [cpw.mods.modlauncher.TransformationServiceDecorator/MODLAUNCHER]: Initialized transformers for transformation service mixin
[11Apr2025 23:18:31.440] [main/DEBUG] [cpw.mods.modlauncher.TransformationServiceDecorator/MODLAUNCHER]: Initializing transformers for transformation service fml
[11Apr2025 23:18:31.440] [main/DEBUG] [net.minecraftforge.fml.loading.FMLServiceProvider/CORE]: Loading coremod transformers
[11Apr2025 23:18:31.441] [main/DEBUG] [net.minecraftforge.coremod.CoreModEngine/COREMOD]: Loading CoreMod from potion-effects-shift.js
[11Apr2025 23:18:31.729] [main/DEBUG] [net.minecraftforge.coremod.CoreModEngine/COREMOD]: CoreMod loaded successfully
[11Apr2025 23:18:31.729] [main/DEBUG] [net.minecraftforge.coremod.CoreModEngine/COREMOD]: Loading CoreMod from coremods/get_ench_level_event.js
[11Apr2025 23:18:31.745] [main/DEBUG] [net.minecraftforge.coremod.CoreModEngine/COREMOD]: CoreMod loaded successfully
[11Apr2025 23:18:31.745] [main/DEBUG] [net.minecraftforge.coremod.CoreModEngine/COREMOD]: Loading CoreMod from coremods/get_ench_level_event_specific.js
[11Apr2025 23:18:31.757] [main/DEBUG] [net.minecraftforge.coremod.CoreModEngine/COREMOD]: CoreMod loaded successfully
[11Apr2025 23:18:31.757] [main/DEBUG] [net.minecraftforge.coremod.CoreModEngine/COREMOD]: Loading CoreMod from coremods/ench/ench_info_loot_redirector.js
[11Apr2025 23:18:31.793] [main/DEBUG] [net.minecraftforge.coremod.CoreModEngine/COREMOD]: CoreMod loaded successfully
[11Apr2025 23:18:31.793] [main/DEBUG] [net.minecraftforge.coremod.CoreModEngine/COREMOD]: Loading CoreMod from coremods/ench/ench_info_redirector.js
[11Apr2025 23:18:31.867] [main/DEBUG] [net.minecraftforge.coremod.CoreModEngine/COREMOD]: CoreMod loaded successfully
[11Apr2025 23:18:31.867] [main/DEBUG] [net.minecraftforge.coremod.CoreModEngine/COREMOD]: Loading CoreMod from coremods/ench/fishing_hook.js
[11Apr2025 23:18:31.886] [main/DEBUG] [net.minecraftforge.coremod.CoreModEngine/COREMOD]: CoreMod loaded successfully
[11Apr2025 23:18:31.888] [main/DEBUG] [net.minecraftforge.coremod.CoreModEngine/COREMOD]: Loading CoreMod from coremods/potion_gui_tooltips.js
[11Apr2025 23:18:31.906] [main/DEBUG] [net.minecraftforge.coremod.CoreModEngine/COREMOD]: CoreMod loaded successfully
[11Apr2025 23:18:31.906] [main/DEBUG] [net.minecraftforge.coremod.CoreModEngine/COREMOD]: Loading CoreMod from coremods/field_to_method.js
[11Apr2025 23:18:31.950] [main/DEBUG] [net.minecraftforge.coremod.CoreModEngine/COREMOD]: CoreMod loaded successfully
[11Apr2025 23:18:31.950] [main/DEBUG] [net.minecraftforge.coremod.CoreModEngine/COREMOD]: Loading CoreMod from coremods/field_to_instanceof.js
[11Apr2025 23:18:31.987] [main/DEBUG] [net.minecraftforge.coremod.CoreModEngine/COREMOD]: CoreMod loaded successfully
[11Apr2025 23:18:31.987] [main/DEBUG] [net.minecraftforge.coremod.CoreModEngine/COREMOD]: Loading CoreMod from coremods/add_bouncer_method.js
[11Apr2025 23:18:32.025] [main/DEBUG] [net.minecraftforge.coremod.CoreModEngine/COREMOD]: CoreMod loaded successfully
[11Apr2025 23:18:32.025] [main/DEBUG] [net.minecraftforge.coremod.CoreModEngine/COREMOD]: Loading CoreMod from coremods/method_redirector.js
[11Apr2025 23:18:32.096] [main/DEBUG] [net.minecraftforge.coremod.CoreModEngine/COREMOD]: CoreMod loaded successfully
[11Apr2025 23:18:32.112] [main/DEBUG] [cpw.mods.modlauncher.TransformStore/MODLAUNCHER]: Adding transformer net.minecraftforge.coremod.transformer.CoreModClassTransformer@217c23ce to Target : CLASS {Lorg/violetmoon/quark/content/tools/loot/EnchantTome;} {} {V}
[11Apr2025 23:18:32.113] [main/DEBUG] [cpw.mods.modlauncher.TransformStore/MODLAUNCHER]: Adding transformer net.minecraftforge.coremod.transformer.CoreModClassTransformer@217c23ce to Target : CLASS {Lnet/minecraft/world/entity/npc/VillagerTrades$EnchantBookForEmeralds;} {} {V}
[11Apr2025 23:18:32.114] [main/DEBUG] [cpw.mods.modlauncher.TransformStore/MODLAUNCHER]: Adding transformer net.minecraftforge.coremod.transformer.CoreModClassTransformer@217c23ce to Target : CLASS {Lnet/minecraft/world/level/storage/loot/functions/EnchantRandomlyFunction;} {} {V}
[11Apr2025 23:18:32.114] [main/DEBUG] [cpw.mods.modlauncher.TransformStore/MODLAUNCHER]: Adding transformer net.minecraftforge.coremod.transformer.CoreModClassTransformer@3cc30dee to Target : CLASS {Lnet/minecraft/world/item/EnchantedBookItem;} {} {V}
[11Apr2025 23:18:32.114] [main/DEBUG] [cpw.mods.modlauncher.TransformStore/MODLAUNCHER]: Adding transformer net.minecraftforge.coremod.transformer.CoreModClassTransformer@3cc30dee to Target : CLASS {Lnet/minecraft/world/item/CreativeModeTabs;} {} {V}
[11Apr2025 23:18:32.114] [main/DEBUG] [cpw.mods.modlauncher.TransformStore/MODLAUNCHER]: Adding transformer net.minecraftforge.coremod.transformer.CoreModClassTransformer@3cc30dee to Target : CLASS {Lorg/violetmoon/quark/content/experimental/module/GameNerfsModule;} {} {V}
[11Apr2025 23:18:32.114] [main/DEBUG] [cpw.mods.modlauncher.TransformStore/MODLAUNCHER]: Adding transformer net.minecraftforge.coremod.transformer.CoreModClassTransformer@3cc30dee to Target : CLASS {Lorg/violetmoon/quark/content/tools/module/AncientTomesModule;} {} {V}
[11Apr2025 23:18:32.115] [main/DEBUG] [cpw.mods.modlauncher.TransformStore/MODLAUNCHER]: Adding transformer net.minecraftforge.coremod.transformer.CoreModClassTransformer@3cc30dee to Target : CLASS {Lnet/minecraft/world/inventory/AnvilMenu;} {} {V}
[11Apr2025 23:18:32.115] [main/DEBUG] [cpw.mods.modlauncher.TransformStore/MODLAUNCHER]: Adding transformer net.minecraftforge.coremod.transformer.CoreModClassTransformer@3cc30dee to Target : CLASS {Lcom/mrcrayfish/goblintraders/Hooks;} {} {V}
[11Apr2025 23:18:32.115] [main/DEBUG] [cpw.mods.modlauncher.TransformStore/MODLAUNCHER]: Adding transformer net.minecraftforge.coremod.transformer.CoreModClassTransformer@3cc30dee to Target : CLASS {Lorg/violetmoon/quark/content/tools/item/AncientTomeItem;} {} {V}
[11Apr2025 23:18:32.115] [main/DEBUG] [cpw.mods.modlauncher.TransformStore/MODLAUNCHER]: Adding transformer net.minecraftforge.coremod.transformer.CoreModClassTransformer@3cc30dee to Target : CLASS {Lnet/minecraft/server/commands/EnchantCommand;} {} {V}
[11Apr2025 23:18:32.115] [main/DEBUG] [cpw.mods.modlauncher.TransformStore/MODLAUNCHER]: Adding transformer net.minecraftforge.coremod.transformer.CoreModClassTransformer@7d528cf7 to Target : CLASS {Lnet/minecraft/world/level/biome/Biome;} {} {V}
[11Apr2025 23:18:32.115] [main/DEBUG] [cpw.mods.modlauncher.TransformStore/MODLAUNCHER]: Adding transformer net.minecraftforge.coremod.transformer.CoreModClassTransformer@6dee8ae6 to Target : CLASS {Lnet/minecraft/world/level/levelgen/structure/Structure;} {} {V}
[11Apr2025 23:18:32.115] [main/DEBUG] [cpw.mods.modlauncher.TransformStore/MODLAUNCHER]: Adding transformer net.minecraftforge.coremod.transformer.CoreModClassTransformer@5af64ce0 to Target : CLASS {Lnet/minecraft/world/effect/MobEffectInstance;} {} {V}
[11Apr2025 23:18:32.116] [main/DEBUG] [cpw.mods.modlauncher.TransformStore/MODLAUNCHER]: Adding transformer net.minecraftforge.coremod.transformer.CoreModClassTransformer@7e7e962d to Target : CLASS {Lnet/minecraft/world/level/block/LiquidBlock;} {} {V}
[11Apr2025 23:18:32.116] [main/DEBUG] [cpw.mods.modlauncher.TransformStore/MODLAUNCHER]: Adding transformer net.minecraftforge.coremod.transformer.CoreModClassTransformer@17229821 to Target : CLASS {Lnet/minecraft/world/item/BucketItem;} {} {V}
[11Apr2025 23:18:32.116] [main/DEBUG] [cpw.mods.modlauncher.TransformStore/MODLAUNCHER]: Adding transformer net.minecraftforge.coremod.transformer.CoreModClassTransformer@e829999 to Target : CLASS {Lnet/minecraft/world/level/block/StairBlock;} {} {V}
[11Apr2025 23:18:32.116] [main/DEBUG] [cpw.mods.modlauncher.TransformStore/MODLAUNCHER]: Adding transformer net.minecraftforge.coremod.transformer.CoreModClassTransformer@66fb45e5 to Target : CLASS {Lnet/minecraft/world/level/block/FlowerPotBlock;} {} {V}
[11Apr2025 23:18:32.116] [main/DEBUG] [cpw.mods.modlauncher.TransformStore/MODLAUNCHER]: Adding transformer net.minecraftforge.coremod.transformer.CoreModClassTransformer@6cbe68e9 to Target : CLASS {Lnet/minecraft/world/item/ItemStack;} {} {V}
[11Apr2025 23:18:32.116] [main/DEBUG] [cpw.mods.modlauncher.TransformStore/MODLAUNCHER]: Adding transformer net.minecraftforge.coremod.transformer.CoreModClassTransformer@6f5e16cf to Target : CLASS {Lnet/minecraft/network/play/client/CClientSettingsPacket;} {} {V}
[11Apr2025 23:18:32.117] [main/DEBUG] [cpw.mods.modlauncher.TransformStore/MODLAUNCHER]: Adding transformer net.minecraftforge.coremod.transformer.CoreModClassTransformer@750a04ec to Target : CLASS {Lnet/minecraft/world/entity/animal/frog/Tadpole;} {} {V}
[11Apr2025 23:18:32.117] [main/DEBUG] [cpw.mods.modlauncher.TransformStore/MODLAUNCHER]: Adding transformer net.minecraftforge.coremod.transformer.CoreModClassTransformer@750a04ec to Target : CLASS {Lnet/minecraft/world/entity/monster/Evoker$EvokerSummonSpellGoal;} {} {V}
[11Apr2025 23:18:32.117] [main/DEBUG] [cpw.mods.modlauncher.TransformStore/MODLAUNCHER]: Adding transformer net.minecraftforge.coremod.transformer.CoreModClassTransformer@750a04ec to Target : CLASS {Lnet/minecraft/world/level/levelgen/structure/templatesystem/StructureTemplate;} {} {V}
[11Apr2025 23:18:32.117] [main/DEBUG] [cpw.mods.modlauncher.TransformStore/MODLAUNCHER]: Adding transformer net.minecraftforge.coremod.transformer.CoreModClassTransformer@750a04ec to Target : CLASS {Lnet/minecraft/server/commands/SummonCommand;} {} {V}
[11Apr2025 23:18:32.117] [main/DEBUG] [cpw.mods.modlauncher.TransformStore/MODLAUNCHER]: Adding transformer net.minecraftforge.coremod.transformer.CoreModClassTransformer@750a04ec to Target : CLASS {Lnet/minecraft/world/level/levelgen/PhantomSpawner;} {} {V}
[11Apr2025 23:18:32.118] [main/DEBUG] [cpw.mods.modlauncher.TransformStore/MODLAUNCHER]: Adding transformer net.minecraftforge.coremod.transformer.CoreModClassTransformer@750a04ec to Target : CLASS {Lnet/minecraft/world/entity/animal/horse/SkeletonTrapGoal;} {} {V}
[11Apr2025 23:18:32.118] [main/DEBUG] [cpw.mods.modlauncher.TransformStore/MODLAUNCHER]: Adding transformer net.minecraftforge.coremod.transformer.CoreModClassTransformer@750a04ec to Target : CLASS {Lnet/minecraft/world/entity/monster/Strider;} {} {V}
[11Apr2025 23:18:32.118] [main/DEBUG] [cpw.mods.modlauncher.TransformStore/MODLAUNCHER]: Adding transformer net.minecraftforge.coremod.transformer.CoreModClassTransformer@750a04ec to Target : CLASS {Lnet/minecraft/world/level/levelgen/structure/structures/SwampHutPiece;} {} {V}
[11Apr2025 23:18:32.118] [main/DEBUG] [cpw.mods.modlauncher.TransformStore/MODLAUNCHER]: Adding transformer net.minecraftforge.coremod.transformer.CoreModClassTransformer@750a04ec to Target : CLASS {Lnet/minecraft/world/entity/npc/Villager;} {} {V}
[11Apr2025 23:18:32.118] [main/DEBUG] [cpw.mods.modlauncher.TransformStore/MODLAUNCHER]: Adding transformer net.minecraftforge.coremod.transformer.CoreModClassTransformer@750a04ec to Target : CLASS {Lnet/minecraft/world/entity/monster/Spider;} {} {V}
[11Apr2025 23:18:32.119] [main/DEBUG] [cpw.mods.modlauncher.TransformStore/MODLAUNCHER]: Adding transformer net.minecraftforge.coremod.transformer.CoreModClassTransformer@750a04ec to Target : CLASS {Lnet/minecraft/world/entity/raid/Raid;} {} {V}
[11Apr2025 23:18:32.119] [main/DEBUG] [cpw.mods.modlauncher.TransformStore/MODLAUNCHER]: Adding transformer net.minecraftforge.coremod.transformer.CoreModClassTransformer@750a04ec to Target : CLASS {Lnet/minecraft/world/entity/ai/village/VillageSiege;} {} {V}
[11Apr2025 23:18:32.119] [main/DEBUG] [cpw.mods.modlauncher.TransformStore/MODLAUNCHER]: Adding transformer net.minecraftforge.coremod.transformer.CoreModClassTransformer@750a04ec to Target : CLASS {Lnet/minecraft/world/entity/EntityType;} {} {V}
[11Apr2025 23:18:32.119] [main/DEBUG] [cpw.mods.modlauncher.TransformStore/MODLAUNCHER]: Adding transformer net.minecraftforge.coremod.transformer.CoreModClassTransformer@750a04ec to Target : CLASS {Lnet/minecraft/world/level/levelgen/structure/structures/OceanRuinPieces$OceanRuinPiece;} {} {V}
[11Apr2025 23:18:32.119] [main/DEBUG] [cpw.mods.modlauncher.TransformStore/MODLAUNCHER]: Adding transformer net.minecraftforge.coremod.transformer.CoreModClassTransformer@750a04ec to Target : CLASS {Lnet/minecraft/world/level/levelgen/PatrolSpawner;} {} {V}
[11Apr2025 23:18:32.120] [main/DEBUG] [cpw.mods.modlauncher.TransformStore/MODLAUNCHER]: Adding transformer net.minecraftforge.coremod.transformer.CoreModClassTransformer@750a04ec to Target : CLASS {Lnet/minecraft/server/commands/RaidCommand;} {} {V}
[11Apr2025 23:18:32.120] [main/DEBUG] [cpw.mods.modlauncher.TransformStore/MODLAUNCHER]: Adding transformer net.minecraftforge.coremod.transformer.CoreModClassTransformer@750a04ec to Target : CLASS {Lnet/minecraft/world/entity/npc/CatSpawner;} {} {V}
[11Apr2025 23:18:32.120] [main/DEBUG] [cpw.mods.modlauncher.TransformStore/MODLAUNCHER]: Adding transformer net.minecraftforge.coremod.transformer.CoreModClassTransformer@750a04ec to Target : CLASS {Lnet/minecraft/world/entity/monster/ZombieVillager;} {} {V}
[11Apr2025 23:18:32.120] [main/DEBUG] [cpw.mods.modlauncher.TransformStore/MODLAUNCHER]: Adding transformer net.minecraftforge.coremod.transformer.CoreModClassTransformer@750a04ec to Target : CLASS {Lnet/minecraft/world/level/levelgen/structure/structures/OceanMonumentPieces$OceanMonumentPiece;} {} {V}
[11Apr2025 23:18:32.120] [main/DEBUG] [cpw.mods.modlauncher.TransformStore/MODLAUNCHER]: Adding transformer net.minecraftforge.coremod.transformer.CoreModClassTransformer@750a04ec to Target : CLASS {Lnet/minecraft/world/entity/monster/Zombie;} {} {V}
[11Apr2025 23:18:32.120] [main/DEBUG] [cpw.mods.modlauncher.TransformStore/MODLAUNCHER]: Adding transformer net.minecraftforge.coremod.transformer.CoreModClassTransformer@750a04ec to Target : CLASS {Lnet/minecraft/world/level/NaturalSpawner;} {} {V}
[11Apr2025 23:18:32.120] [main/DEBUG] [cpw.mods.modlauncher.TransformStore/MODLAUNCHER]: Adding transformer net.minecraftforge.coremod.transformer.CoreModClassTransformer@750a04ec to Target : CLASS {Lnet/minecraft/world/level/levelgen/structure/structures/WoodlandMansionPieces$WoodlandMansionPiece;} {} {V}
[11Apr2025 23:18:32.121] [main/DEBUG] [cpw.mods.modlauncher.TransformStore/MODLAUNCHER]: Adding transformer net.minecraftforge.coremod.transformer.CoreModMethodTransformer@56846330 to Target : METHOD {Lnet/minecraft/client/gui/Gui;} {m_93028_} {(Lcom/mojang/blaze3d/vertex/PoseStack;)V}
[11Apr2025 23:18:32.121] [main/DEBUG] [cpw.mods.modlauncher.TransformStore/MODLAUNCHER]: Adding transformer net.minecraftforge.coremod.transformer.CoreModMethodTransformer@49f3ff41 to Target : METHOD {Lnet/minecraftforge/common/extensions/IForgeItemStack;} {getAllEnchantments} {()Ljava/util/Map;}
[11Apr2025 23:18:32.121] [main/DEBUG] [cpw.mods.modlauncher.TransformStore/MODLAUNCHER]: Adding transformer net.minecraftforge.coremod.transformer.CoreModMethodTransformer@6cfbbff7 to Target : METHOD {Lnet/minecraftforge/common/extensions/IForgeItemStack;} {getEnchantmentLevel} {(Lnet/minecraft/world/item/enchantment/Enchantment;)I}
[11Apr2025 23:18:32.121] [main/DEBUG] [cpw.mods.modlauncher.TransformStore/MODLAUNCHER]: Adding transformer net.minecraftforge.coremod.transformer.CoreModMethodTransformer@30db5536 to Target : METHOD {Lnet/minecraft/world/entity/projectile/FishingHook;} {m_37145_} {(Lnet/minecraft/core/BlockPos;)V}
[11Apr2025 23:18:32.121] [main/DEBUG] [cpw.mods.modlauncher.TransformStore/MODLAUNCHER]: Adding transformer net.minecraftforge.coremod.transformer.CoreModMethodTransformer@45b32dfe to Target : METHOD {Lnet/minecraft/client/gui/screens/inventory/EffectRenderingInventoryScreen;} {m_280113_} {(Lnet/minecraft/client/gui/GuiGraphics;II)V}
[11Apr2025 23:18:32.121] [main/DEBUG] [cpw.mods.modlauncher.TransformationServiceDecorator/MODLAUNCHER]: Initialized transformers for transformation service fml
[11Apr2025 23:18:33.010] [main/DEBUG] [mixin/]: Processing prepare() for PlatformAgent[MixinPlatformAgentDefault:ModLauncher Root Container(ModLauncher:4f56a0a2)]
[11Apr2025 23:18:33.010] [main/DEBUG] [mixin/]: Processing launch tasks for PlatformAgent[MixinPlatformAgentDefault:ModLauncher Root Container(ModLauncher:4f56a0a2)]
[11Apr2025 23:18:33.013] [main/DEBUG] [mixin/]: Adding mixin platform agents for container SecureJarResource(giacomos_exp)
[11Apr2025 23:18:33.013] [main/DEBUG] [mixin/]: Instancing new MixinPlatformAgentMinecraftForge for SecureJarResource(giacomos_exp)
[11Apr2025 23:18:33.013] [main/DEBUG] [mixin/]: MixinPlatformAgentMinecraftForge rejected container SecureJarResource(giacomos_exp)
[11Apr2025 23:18:33.013] [main/DEBUG] [mixin/]: Instancing new MixinPlatformAgentDefault for SecureJarResource(giacomos_exp)
[11Apr2025 23:18:33.013] [main/DEBUG] [mixin/]: MixinPlatformAgentDefault accepted container SecureJarResource(giacomos_exp)
[11Apr2025 23:18:33.013] [main/DEBUG] [mixin/]: Processing prepare() for PlatformAgent[MixinPlatformAgentDefault:SecureJarResource(giacomos_exp)]
[11Apr2025 23:18:33.014] [main/DEBUG] [mixin/]: Adding mixin platform agents for container SecureJarResource(kuma_api)
[11Apr2025 23:18:33.014] [main/DEBUG] [mixin/]: Instancing new MixinPlatformAgentMinecraftForge for SecureJarResource(kuma_api)
[11Apr2025 23:18:33.014] [main/DEBUG] [mixin/]: MixinPlatformAgentMinecraftForge rejected container SecureJarResource(kuma_api)
[11Apr2025 23:18:33.014] [main/DEBUG] [mixin/]: Instancing new MixinPlatformAgentDefault for SecureJarResource(kuma_api)
[11Apr2025 23:18:33.014] [main/DEBUG] [mixin/]: MixinPlatformAgentDefault accepted container SecureJarResource(kuma_api)
[11Apr2025 23:18:33.014] [main/DEBUG] [mixin/]: Processing prepare() for PlatformAgent[MixinPlatformAgentDefault:SecureJarResource(kuma_api)]
[11Apr2025 23:18:33.014] [main/DEBUG] [mixin/]: Registering mixin config: kuma_api.mixins.json
[11Apr2025 23:18:33.033] [main/DEBUG] [mixin/]: Compatibility level JAVA_17 specified by kuma_api.mixins.json is higher than the maximum level supported by this version of mixin (JAVA_13).
[11Apr2025 23:18:33.036] [main/INFO] [mixin/]: Compatibility level set to JAVA_17
[11Apr2025 23:18:33.039] [main/DEBUG] [mixin/]: Registering mixin config: kuma_api.forge.mixins.json
[11Apr2025 23:18:33.042] [main/DEBUG] [mixin/]: Adding mixin platform agents for container SecureJarResource(supermartijn642configlib)
[11Apr2025 23:18:33.044] [main/DEBUG] [mixin/]: Instancing new MixinPlatformAgentMinecraftForge for SecureJarResource(supermartijn642configlib)
[11Apr2025 23:18:33.044] [main/DEBUG] [mixin/]: MixinPlatformAgentMinecraftForge rejected container SecureJarResource(supermartijn642configlib)
[11Apr2025 23:18:33.044] [main/DEBUG] [mixin/]: Instancing new MixinPlatformAgentDefault for SecureJarResource(supermartijn642configlib)
[11Apr2025 23:18:33.044] [main/DEBUG] [mixin/]: MixinPlatformAgentDefault accepted container SecureJarResource(supermartijn642configlib)
[11Apr2025 23:18:33.044] [main/DEBUG] [mixin/]: Processing prepare() for PlatformAgent[MixinPlatformAgentDefault:SecureJarResource(supermartijn642configlib)]
[11Apr2025 23:18:33.044] [main/DEBUG] [mixin/]: Adding mixin platform agents for container SecureJarResource(geckolib)
[11Apr2025 23:18:33.044] [main/DEBUG] [mixin/]: Instancing new MixinPlatformAgentMinecraftForge for SecureJarResource(geckolib)
[11Apr2025 23:18:33.044] [main/DEBUG] [mixin/]: MixinPlatformAgentMinecraftForge rejected container SecureJarResource(geckolib)
[11Apr2025 23:18:33.044] [main/DEBUG] [mixin/]: Instancing new MixinPlatformAgentDefault for SecureJarResource(geckolib)
[11Apr2025 23:18:33.044] [main/DEBUG] [mixin/]: MixinPlatformAgentDefault accepted container SecureJarResource(geckolib)
[11Apr2025 23:18:33.045] [main/DEBUG] [mixin/]: Processing prepare() for PlatformAgent[MixinPlatformAgentDefault:SecureJarResource(geckolib)]
[11Apr2025 23:18:33.045] [main/DEBUG] [mixin/]: Registering mixin config: geckolib.mixins.json
[11Apr2025 23:18:33.047] [main/DEBUG] [mixin/]: Adding mixin platform agents for container SecureJarResource(playeranimator)
[11Apr2025 23:18:33.049] [main/DEBUG] [mixin/]: Instancing new MixinPlatformAgentMinecraftForge for SecureJarResource(playeranimator)
[11Apr2025 23:18:33.049] [main/DEBUG] [mixin/]: MixinPlatformAgentMinecraftForge rejected container SecureJarResource(playeranimator)
[11Apr2025 23:18:33.049] [main/DEBUG] [mixin/]: Instancing new MixinPlatformAgentDefault for SecureJarResource(playeranimator)
[11Apr2025 23:18:33.049] [main/DEBUG] [mixin/]: MixinPlatformAgentDefault accepted container SecureJarResource(playeranimator)
[11Apr2025 23:18:33.050] [main/DEBUG] [mixin/]: Processing prepare() for PlatformAgent[MixinPlatformAgentDefault:SecureJarResource(playeranimator)]
[11Apr2025 23:18:33.050] [main/DEBUG] [mixin/]: Registering mixin config: playerAnimator-common.mixins.json
[11Apr2025 23:18:33.052] [main/DEBUG] [mixin/]: Compatibility level JAVA_16 specified by playerAnimator-common.mixins.json is higher than the maximum level supported by this version of mixin (JAVA_13).
[11Apr2025 23:18:33.054] [main/DEBUG] [mixin/]: Adding mixin platform agents for container SecureJarResource(jei)
[11Apr2025 23:18:33.054] [main/DEBUG] [mixin/]: Instancing new MixinPlatformAgentMinecraftForge for SecureJarResource(jei)
[11Apr2025 23:18:33.055] [main/DEBUG] [mixin/]: MixinPlatformAgentMinecraftForge rejected container SecureJarResource(jei)
[11Apr2025 23:18:33.055] [main/DEBUG] [mixin/]: Instancing new MixinPlatformAgentDefault for SecureJarResource(jei)
[11Apr2025 23:18:33.055] [main/DEBUG] [mixin/]: MixinPlatformAgentDefault accepted container SecureJarResource(jei)
[11Apr2025 23:18:33.055] [main/DEBUG] [mixin/]: Processing prepare() for PlatformAgent[MixinPlatformAgentDefault:SecureJarResource(jei)]
[11Apr2025 23:18:33.055] [main/DEBUG] [mixin/]: Adding mixin platform agents for container SecureJarResource(caelus)
[11Apr2025 23:18:33.056] [main/DEBUG] [mixin/]: Instancing new MixinPlatformAgentMinecraftForge for SecureJarResource(caelus)
[11Apr2025 23:18:33.056] [main/DEBUG] [mixin/]: MixinPlatformAgentMinecraftForge rejected container SecureJarResource(caelus)
[11Apr2025 23:18:33.056] [main/DEBUG] [mixin/]: Instancing new MixinPlatformAgentDefault for SecureJarResource(caelus)
[11Apr2025 23:18:33.056] [main/DEBUG] [mixin/]: MixinPlatformAgentDefault accepted container SecureJarResource(caelus)
[11Apr2025 23:18:33.056] [main/DEBUG] [mixin/]: Processing prepare() for PlatformAgent[MixinPlatformAgentDefault:SecureJarResource(caelus)]
[11Apr2025 23:18:33.056] [main/DEBUG] [mixin/]: Registering mixin config: caelus.mixins.json
[11Apr2025 23:18:33.058] [main/DEBUG] [mixin/]: Adding mixin platform agents for container SecureJarResource(sophisticatedcore)
[11Apr2025 23:18:33.058] [main/DEBUG] [mixin/]: Instancing new MixinPlatformAgentMinecraftForge for SecureJarResource(sophisticatedcore)
[11Apr2025 23:18:33.058] [main/DEBUG] [mixin/]: MixinPlatformAgentMinecraftForge rejected container SecureJarResource(sophisticatedcore)
[11Apr2025 23:18:33.059] [main/DEBUG] [mixin/]: Instancing new MixinPlatformAgentDefault for SecureJarResource(sophisticatedcore)
[11Apr2025 23:18:33.060] [main/DEBUG] [mixin/]: MixinPlatformAgentDefault accepted container SecureJarResource(sophisticatedcore)
[11Apr2025 23:18:33.060] [main/DEBUG] [mixin/]: Processing prepare() for PlatformAgent[MixinPlatformAgentDefault:SecureJarResource(sophisticatedcore)]
[11Apr2025 23:18:33.060] [main/DEBUG] [mixin/]: Adding mixin platform agents for container SecureJarResource(waystones)
[11Apr2025 23:18:33.060] [main/DEBUG] [mixin/]: Instancing new MixinPlatformAgentMinecraftForge for SecureJarResource(waystones)
[11Apr2025 23:18:33.061] [main/DEBUG] [mixin/]: MixinPlatformAgentMinecraftForge rejected container SecureJarResource(waystones)
[11Apr2025 23:18:33.061] [main/DEBUG] [mixin/]: Instancing new MixinPlatformAgentDefault for SecureJarResource(waystones)
[11Apr2025 23:18:33.061] [main/DEBUG] [mixin/]: MixinPlatformAgentDefault accepted container SecureJarResource(waystones)
[11Apr2025 23:18:33.061] [main/DEBUG] [mixin/]: Processing prepare() for PlatformAgent[MixinPlatformAgentDefault:SecureJarResource(waystones)]
[11Apr2025 23:18:33.062] [main/DEBUG] [mixin/]: Registering mixin config: waystones.mixins.json
[11Apr2025 23:18:33.064] [main/DEBUG] [mixin/]: Adding mixin platform agents for container SecureJarResource(journeymap)
[11Apr2025 23:18:33.066] [main/DEBUG] [mixin/]: Instancing new MixinPlatformAgentMinecraftForge for SecureJarResource(journeymap)
[11Apr2025 23:18:33.066] [main/DEBUG] [mixin/]: MixinPlatformAgentMinecraftForge rejected container SecureJarResource(journeymap)
[11Apr2025 23:18:33.066] [main/DEBUG] [mixin/]: Instancing new MixinPlatformAgentDefault for SecureJarResource(journeymap)
[11Apr2025 23:18:33.066] [main/DEBUG] [mixin/]: MixinPlatformAgentDefault accepted container SecureJarResource(journeymap)
[11Apr2025 23:18:33.066] [main/DEBUG] [mixin/]: Processing prepare() for PlatformAgent[MixinPlatformAgentDefault:SecureJarResource(journeymap)]
[11Apr2025 23:18:33.067] [main/DEBUG] [mixin/]: Registering mixin config: journeymap.mixins.json
[11Apr2025 23:18:33.069] [main/DEBUG] [mixin/]: Adding mixin platform agents for container SecureJarResource(placebo)
[11Apr2025 23:18:33.069] [main/DEBUG] [mixin/]: Instancing new MixinPlatformAgentMinecraftForge for SecureJarResource(placebo)
[11Apr2025 23:18:33.069] [main/DEBUG] [mixin/]: MixinPlatformAgentMinecraftForge rejected container SecureJarResource(placebo)
[11Apr2025 23:18:33.069] [main/DEBUG] [mixin/]: Instancing new MixinPlatformAgentDefault for SecureJarResource(placebo)
[11Apr2025 23:18:33.069] [main/DEBUG] [mixin/]: MixinPlatformAgentDefault accepted container SecureJarResource(placebo)
[11Apr2025 23:18:33.069] [main/DEBUG] [mixin/]: Processing prepare() for PlatformAgent[MixinPlatformAgentDefault:SecureJarResource(placebo)]
[11Apr2025 23:18:33.069] [main/DEBUG] [mixin/]: Registering mixin config: placebo.mixins.json
[11Apr2025 23:18:33.072] [main/DEBUG] [mixin/]: Adding mixin platform agents for container SecureJarResource(citadel)
[11Apr2025 23:18:33.072] [main/DEBUG] [mixin/]: Instancing new MixinPlatformAgentMinecraftForge for SecureJarResource(citadel)
[11Apr2025 23:18:33.072] [main/DEBUG] [mixin/]: MixinPlatformAgentMinecraftForge rejected container SecureJarResource(citadel)
[11Apr2025 23:18:33.072] [main/DEBUG] [mixin/]: Instancing new MixinPlatformAgentDefault for SecureJarResource(citadel)
[11Apr2025 23:18:33.072] [main/DEBUG] [mixin/]: MixinPlatformAgentDefault accepted container SecureJarResource(citadel)
[11Apr2025 23:18:33.072] [main/DEBUG] [mixin/]: Processing prepare() for PlatformAgent[MixinPlatformAgentDefault:SecureJarResource(citadel)]
[11Apr2025 23:18:33.073] [main/DEBUG] [mixin/]: Registering mixin config: citadel.mixins.json
[11Apr2025 23:18:33.076] [main/DEBUG] [mixin/]: Adding mixin platform agents for container SecureJarResource(artifacts)
[11Apr2025 23:18:33.076] [main/DEBUG] [mixin/]: Instancing new MixinPlatformAgentMinecraftForge for SecureJarResource(artifacts)
[11Apr2025 23:18:33.076] [main/DEBUG] [mixin/]: MixinPlatformAgentMinecraftForge rejected container SecureJarResource(artifacts)
[11Apr2025 23:18:33.076] [main/DEBUG] [mixin/]: Instancing new MixinPlatformAgentDefault for SecureJarResource(artifacts)
[11Apr2025 23:18:33.076] [main/DEBUG] [mixin/]: MixinPlatformAgentDefault accepted container SecureJarResource(artifacts)
[11Apr2025 23:18:33.076] [main/DEBUG] [mixin/]: Processing prepare() for PlatformAgent[MixinPlatformAgentDefault:SecureJarResource(artifacts)]
[11Apr2025 23:18:33.077] [main/DEBUG] [mixin/]: Registering mixin config: mixins.artifacts.common.json
[11Apr2025 23:18:33.078] [main/DEBUG] [mixin/]: Registering mixin config: mixins.artifacts.forge.json
[11Apr2025 23:18:33.081] [main/DEBUG] [mixin/]: Adding mixin platform agents for container SecureJarResource(mixinextras)
[11Apr2025 23:18:33.081] [main/DEBUG] [mixin/]: Instancing new MixinPlatformAgentMinecraftForge for SecureJarResource(mixinextras)
[11Apr2025 23:18:33.084] [main/DEBUG] [mixin/]: MixinPlatformAgentMinecraftForge rejected container SecureJarResource(mixinextras)
[11Apr2025 23:18:33.084] [main/DEBUG] [mixin/]: Instancing new MixinPlatformAgentDefault for SecureJarResource(mixinextras)
[11Apr2025 23:18:33.084] [main/DEBUG] [mixin/]: MixinPlatformAgentDefault accepted container SecureJarResource(mixinextras)
[11Apr2025 23:18:33.084] [main/DEBUG] [mixin/]: Processing prepare() for PlatformAgent[MixinPlatformAgentDefault:SecureJarResource(mixinextras)]
[11Apr2025 23:18:33.085] [main/DEBUG] [mixin/]: Registering mixin config: mixinextras.init.mixins.json
[11Apr2025 23:18:33.086] [main/DEBUG] [mixin/]: Adding mixin platform agents for container SecureJarResource(bookshelf)
[11Apr2025 23:18:33.088] [main/DEBUG] [mixin/]: Instancing new MixinPlatformAgentMinecraftForge for SecureJarResource(bookshelf)
[11Apr2025 23:18:33.089] [main/DEBUG] [mixin/]: MixinPlatformAgentMinecraftForge rejected container SecureJarResource(bookshelf)
[11Apr2025 23:18:33.089] [main/DEBUG] [mixin/]: Instancing new MixinPlatformAgentDefault for SecureJarResource(bookshelf)
[11Apr2025 23:18:33.089] [main/DEBUG] [mixin/]: MixinPlatformAgentDefault accepted container SecureJarResource(bookshelf)
[11Apr2025 23:18:33.089] [main/DEBUG] [mixin/]: Processing prepare() for PlatformAgent[MixinPlatformAgentDefault:SecureJarResource(bookshelf)]
[11Apr2025 23:18:33.089] [main/DEBUG] [mixin/]: Registering mixin config: bookshelf.common.mixins.json
[11Apr2025 23:18:33.091] [main/DEBUG] [mixin/]: Registering mixin config: bookshelf.forge.mixins.json
[11Apr2025 23:18:33.096] [main/DEBUG] [mixin/]: Adding mixin platform agents for container SecureJarResource(sophisticatedbackpacks)
[11Apr2025 23:18:33.096] [main/DEBUG] [mixin/]: Instancing new MixinPlatformAgentMinecraftForge for SecureJarResource(sophisticatedbackpacks)
[11Apr2025 23:18:33.096] [main/DEBUG] [mixin/]: MixinPlatformAgentMinecraftForge rejected container SecureJarResource(sophisticatedbackpacks)
[11Apr2025 23:18:33.098] [main/DEBUG] [mixin/]: Instancing new MixinPlatformAgentDefault for SecureJarResource(sophisticatedbackpacks)
[11Apr2025 23:18:33.098] [main/DEBUG] [mixin/]: MixinPlatformAgentDefault accepted container SecureJarResource(sophisticatedbackpacks)
[11Apr2025 23:18:33.098] [main/DEBUG] [mixin/]: Processing prepare() for PlatformAgent[MixinPlatformAgentDefault:SecureJarResource(sophisticatedbackpacks)]
[11Apr2025 23:18:33.098] [main/DEBUG] [mixin/]: Adding mixin platform agents for container SecureJarResource(apotheosis)
[11Apr2025 23:18:33.099] [main/DEBUG] [mixin/]: Instancing new MixinPlatformAgentMinecraftForge for SecureJarResource(apotheosis)
[11Apr2025 23:18:33.099] [main/DEBUG] [mixin/]: MixinPlatformAgentMinecraftForge rejected container SecureJarResource(apotheosis)
[11Apr2025 23:18:33.099] [main/DEBUG] [mixin/]: Instancing new MixinPlatformAgentDefault for SecureJarResource(apotheosis)
[11Apr2025 23:18:33.099] [main/DEBUG] [mixin/]: MixinPlatformAgentDefault accepted container SecureJarResource(apotheosis)
[11Apr2025 23:18:33.099] [main/DEBUG] [mixin/]: Processing prepare() for PlatformAgent[MixinPlatformAgentDefault:SecureJarResource(apotheosis)]
[11Apr2025 23:18:33.100] [main/DEBUG] [mixin/]: Registering mixin config: apotheosis.mixins.json
[11Apr2025 23:18:33.101] [main/DEBUG] [mixin/]: Adding mixin platform agents for container SecureJarResource(iceandfire)
[11Apr2025 23:18:33.101] [main/DEBUG] [mixin/]: Instancing new MixinPlatformAgentMinecraftForge for SecureJarResource(iceandfire)
[11Apr2025 23:18:33.102] [main/DEBUG] [mixin/]: MixinPlatformAgentMinecraftForge rejected container SecureJarResource(iceandfire)
[11Apr2025 23:18:33.102] [main/DEBUG] [mixin/]: Instancing new MixinPlatformAgentDefault for SecureJarResource(iceandfire)
[11Apr2025 23:18:33.102] [main/DEBUG] [mixin/]: MixinPlatformAgentDefault accepted container SecureJarResource(iceandfire)
[11Apr2025 23:18:33.102] [main/DEBUG] [mixin/]: Processing prepare() for PlatformAgent[MixinPlatformAgentDefault:SecureJarResource(iceandfire)]
[11Apr2025 23:18:33.102] [main/DEBUG] [mixin/]: Registering mixin config: iceandfire.mixins.json
[11Apr2025 23:18:33.104] [main/DEBUG] [mixin/]: Adding mixin platform agents for container SecureJarResource(balm)
[11Apr2025 23:18:33.107] [main/DEBUG] [mixin/]: Instancing new MixinPlatformAgentMinecraftForge for SecureJarResource(balm)
[11Apr2025 23:18:33.107] [main/DEBUG] [mixin/]: MixinPlatformAgentMinecraftForge rejected container SecureJarResource(balm)
[11Apr2025 23:18:33.108] [main/DEBUG] [mixin/]: Instancing new MixinPlatformAgentDefault for SecureJarResource(balm)
[11Apr2025 23:18:33.108] [main/DEBUG] [mixin/]: MixinPlatformAgentDefault accepted container SecureJarResource(balm)
[11Apr2025 23:18:33.108] [main/DEBUG] [mixin/]: Processing prepare() for PlatformAgent[MixinPlatformAgentDefault:SecureJarResource(balm)]
[11Apr2025 23:18:33.108] [main/DEBUG] [mixin/]: Registering mixin config: balm.mixins.json
[11Apr2025 23:18:33.111] [main/DEBUG] [mixin/]: Adding mixin platform agents for container SecureJarResource(immersive_armors)
[11Apr2025 23:18:33.111] [main/DEBUG] [mixin/]: Instancing new MixinPlatformAgentMinecraftForge for SecureJarResource(immersive_armors)
[11Apr2025 23:18:33.111] [main/DEBUG] [mixin/]: MixinPlatformAgentMinecraftForge rejected container SecureJarResource(immersive_armors)
[11Apr2025 23:18:33.111] [main/DEBUG] [mixin/]: Instancing new MixinPlatformAgentDefault for SecureJarResource(immersive_armors)
[11Apr2025 23:18:33.111] [main/DEBUG] [mixin/]: MixinPlatformAgentDefault accepted container SecureJarResource(immersive_armors)
[11Apr2025 23:18:33.111] [main/DEBUG] [mixin/]: Processing prepare() for PlatformAgent[MixinPlatformAgentDefault:SecureJarResource(immersive_armors)]
[11Apr2025 23:18:33.111] [main/DEBUG] [mixin/]: Registering mixin config: immersive_armors.mixins.json
[11Apr2025 23:18:33.115] [main/DEBUG] [mixin/]: Adding mixin platform agents for container SecureJarResource(cloth_config)
[11Apr2025 23:18:33.115] [main/DEBUG] [mixin/]: Instancing new MixinPlatformAgentMinecraftForge for SecureJarResource(cloth_config)
[11Apr2025 23:18:33.115] [main/DEBUG] [mixin/]: MixinPlatformAgentMinecraftForge rejected container SecureJarResource(cloth_config)
[11Apr2025 23:18:33.115] [main/DEBUG] [mixin/]: Instancing new MixinPlatformAgentDefault for SecureJarResource(cloth_config)
[11Apr2025 23:18:33.116] [main/DEBUG] [mixin/]: MixinPlatformAgentDefault accepted container SecureJarResource(cloth_config)
[11Apr2025 23:18:33.116] [main/DEBUG] [mixin/]: Processing prepare() for PlatformAgent[MixinPlatformAgentDefault:SecureJarResource(cloth_config)]
[11Apr2025 23:18:33.116] [main/DEBUG] [mixin/]: Adding mixin platform agents for container SecureJarResource(ironchest)
[11Apr2025 23:18:33.116] [main/DEBUG] [mixin/]: Instancing new MixinPlatformAgentMinecraftForge for SecureJarResource(ironchest)
[11Apr2025 23:18:33.116] [main/DEBUG] [mixin/]: MixinPlatformAgentMinecraftForge rejected container SecureJarResource(ironchest)
[11Apr2025 23:18:33.116] [main/DEBUG] [mixin/]: Instancing new MixinPlatformAgentDefault for SecureJarResource(ironchest)
[11Apr2025 23:18:33.116] [main/DEBUG] [mixin/]: MixinPlatformAgentDefault accepted container SecureJarResource(ironchest)
[11Apr2025 23:18:33.116] [main/DEBUG] [mixin/]: Processing prepare() for PlatformAgent[MixinPlatformAgentDefault:SecureJarResource(ironchest)]
[11Apr2025 23:18:33.116] [main/DEBUG] [mixin/]: Adding mixin platform agents for container SecureJarResource(corpse)
[11Apr2025 23:18:33.116] [main/DEBUG] [mixin/]: Instancing new MixinPlatformAgentMinecraftForge for SecureJarResource(corpse)
[11Apr2025 23:18:33.116] [main/DEBUG] [mixin/]: MixinPlatformAgentMinecraftForge rejected container SecureJarResource(corpse)
[11Apr2025 23:18:33.116] [main/DEBUG] [mixin/]: Instancing new MixinPlatformAgentDefault for SecureJarResource(corpse)
[11Apr2025 23:18:33.116] [main/DEBUG] [mixin/]: MixinPlatformAgentDefault accepted container SecureJarResource(corpse)
[11Apr2025 23:18:33.116] [main/DEBUG] [mixin/]: Processing prepare() for PlatformAgent[MixinPlatformAgentDefault:SecureJarResource(corpse)]
[11Apr2025 23:18:33.116] [main/DEBUG] [mixin/]: Adding mixin platform agents for container SecureJarResource(dungeons_arise)
[11Apr2025 23:18:33.116] [main/DEBUG] [mixin/]: Instancing new MixinPlatformAgentMinecraftForge for SecureJarResource(dungeons_arise)
[11Apr2025 23:18:33.117] [main/DEBUG] [mixin/]: MixinPlatformAgentMinecraftForge rejected container SecureJarResource(dungeons_arise)
[11Apr2025 23:18:33.117] [main/DEBUG] [mixin/]: Instancing new MixinPlatformAgentDefault for SecureJarResource(dungeons_arise)
[11Apr2025 23:18:33.117] [main/DEBUG] [mixin/]: MixinPlatformAgentDefault accepted container SecureJarResource(dungeons_arise)
[11Apr2025 23:18:33.117] [main/DEBUG] [mixin/]: Processing prepare() for PlatformAgent[MixinPlatformAgentDefault:SecureJarResource(dungeons_arise)]
[11Apr2025 23:18:33.117] [main/DEBUG] [mixin/]: Adding mixin platform agents for container SecureJarResource(useless_sword)
[11Apr2025 23:18:33.117] [main/DEBUG] [mixin/]: Instancing new MixinPlatformAgentMinecraftForge for SecureJarResource(useless_sword)
[11Apr2025 23:18:33.117] [main/DEBUG] [mixin/]: MixinPlatformAgentMinecraftForge rejected container SecureJarResource(useless_sword)
[11Apr2025 23:18:33.117] [main/DEBUG] [mixin/]: Instancing new MixinPlatformAgentDefault for SecureJarResource(useless_sword)
[11Apr2025 23:18:33.117] [main/DEBUG] [mixin/]: MixinPlatformAgentDefault accepted container SecureJarResource(useless_sword)
[11Apr2025 23:18:33.117] [main/DEBUG] [mixin/]: Processing prepare() for PlatformAgent[MixinPlatformAgentDefault:SecureJarResource(useless_sword)]
[11Apr2025 23:18:33.117] [main/DEBUG] [mixin/]: Adding mixin platform agents for container SecureJarResource(minecraft)
[11Apr2025 23:18:33.117] [main/DEBUG] [mixin/]: Instancing new MixinPlatformAgentMinecraftForge for SecureJarResource(minecraft)
[11Apr2025 23:18:33.120] [main/DEBUG] [mixin/]: MixinPlatformAgentMinecraftForge rejected container SecureJarResource(minecraft)
[11Apr2025 23:18:33.120] [main/DEBUG] [mixin/]: Instancing new MixinPlatformAgentDefault for SecureJarResource(minecraft)
[11Apr2025 23:18:33.120] [main/DEBUG] [mixin/]: MixinPlatformAgentDefault accepted container SecureJarResource(minecraft)
[11Apr2025 23:18:33.120] [main/DEBUG] [mixin/]: Processing prepare() for PlatformAgent[MixinPlatformAgentDefault:SecureJarResource(minecraft)]
[11Apr2025 23:18:33.121] [main/DEBUG] [mixin/]: Adding mixin platform agents for container SecureJarResource(voicechat)
[11Apr2025 23:18:33.121] [main/DEBUG] [mixin/]: Instancing new MixinPlatformAgentMinecraftForge for SecureJarResource(voicechat)
[11Apr2025 23:18:33.121] [main/DEBUG] [mixin/]: MixinPlatformAgentMinecraftForge rejected container SecureJarResource(voicechat)
[11Apr2025 23:18:33.121] [main/DEBUG] [mixin/]: Instancing new MixinPlatformAgentDefault for SecureJarResource(voicechat)
[11Apr2025 23:18:33.121] [main/DEBUG] [mixin/]: MixinPlatformAgentDefault accepted container SecureJarResource(voicechat)
[11Apr2025 23:18:33.121] [main/DEBUG] [mixin/]: Processing prepare() for PlatformAgent[MixinPlatformAgentDefault:SecureJarResource(voicechat)]
[11Apr2025 23:18:33.121] [main/DEBUG] [mixin/]: Adding mixin platform agents for container SecureJarResource(enchdesc)
[11Apr2025 23:18:33.121] [main/DEBUG] [mixin/]: Instancing new MixinPlatformAgentMinecraftForge for SecureJarResource(enchdesc)
[11Apr2025 23:18:33.121] [main/DEBUG] [mixin/]: MixinPlatformAgentMinecraftForge rejected container SecureJarResource(enchdesc)
[11Apr2025 23:18:33.121] [main/DEBUG] [mixin/]: Instancing new MixinPlatformAgentDefault for SecureJarResource(enchdesc)
[11Apr2025 23:18:33.121] [main/DEBUG] [mixin/]: MixinPlatformAgentDefault accepted container SecureJarResource(enchdesc)
[11Apr2025 23:18:33.121] [main/DEBUG] [mixin/]: Processing prepare() for PlatformAgent[MixinPlatformAgentDefault:SecureJarResource(enchdesc)]
[11Apr2025 23:18:33.121] [main/DEBUG] [mixin/]: Adding mixin platform agents for container SecureJarResource(silentlib)
[11Apr2025 23:18:33.121] [main/DEBUG] [mixin/]: Instancing new MixinPlatformAgentMinecraftForge for SecureJarResource(silentlib)
[11Apr2025 23:18:33.121] [main/DEBUG] [mixin/]: MixinPlatformAgentMinecraftForge rejected container SecureJarResource(silentlib)
[11Apr2025 23:18:33.121] [main/DEBUG] [mixin/]: Instancing new MixinPlatformAgentDefault for SecureJarResource(silentlib)
[11Apr2025 23:18:33.121] [main/DEBUG] [mixin/]: MixinPlatformAgentDefault accepted container SecureJarResource(silentlib)
[11Apr2025 23:18:33.121] [main/DEBUG] [mixin/]: Processing prepare() for PlatformAgent[MixinPlatformAgentDefault:SecureJarResource(silentlib)]
[11Apr2025 23:18:33.122] [main/DEBUG] [mixin/]: Adding mixin platform agents for container SecureJarResource(jade)
[11Apr2025 23:18:33.122] [main/DEBUG] [mixin/]: Instancing new MixinPlatformAgentMinecraftForge for SecureJarResource(jade)
[11Apr2025 23:18:33.122] [main/DEBUG] [mixin/]: MixinPlatformAgentMinecraftForge rejected container SecureJarResource(jade)
[11Apr2025 23:18:33.122] [main/DEBUG] [mixin/]: Instancing new MixinPlatformAgentDefault for SecureJarResource(jade)
[11Apr2025 23:18:33.122] [main/DEBUG] [mixin/]: MixinPlatformAgentDefault accepted container SecureJarResource(jade)
[11Apr2025 23:18:33.122] [main/DEBUG] [mixin/]: Processing prepare() for PlatformAgent[MixinPlatformAgentDefault:SecureJarResource(jade)]
[11Apr2025 23:18:33.122] [main/DEBUG] [mixin/]: Registering mixin config: jade.mixins.json
[11Apr2025 23:18:33.126] [main/DEBUG] [mixin/]: Compatibility level JAVA_16 specified by jade.mixins.json is higher than the maximum level supported by this version of mixin (JAVA_13).
[11Apr2025 23:18:33.127] [main/DEBUG] [mixin/]: Adding mixin platform agents for container SecureJarResource(ironfurnaces)
[11Apr2025 23:18:33.127] [main/DEBUG] [mixin/]: Instancing new MixinPlatformAgentMinecraftForge for SecureJarResource(ironfurnaces)
[11Apr2025 23:18:33.127] [main/DEBUG] [mixin/]: MixinPlatformAgentMinecraftForge rejected container SecureJarResource(ironfurnaces)
[11Apr2025 23:18:33.127] [main/DEBUG] [mixin/]: Instancing new MixinPlatformAgentDefault for SecureJarResource(ironfurnaces)
[11Apr2025 23:18:33.127] [main/DEBUG] [mixin/]: MixinPlatformAgentDefault accepted container SecureJarResource(ironfurnaces)
[11Apr2025 23:18:33.127] [main/DEBUG] [mixin/]: Processing prepare() for PlatformAgent[MixinPlatformAgentDefault:SecureJarResource(ironfurnaces)]
[11Apr2025 23:18:33.127] [main/DEBUG] [mixin/]: Adding mixin platform agents for container SecureJarResource(lionfishapi)
[11Apr2025 23:18:33.127] [main/DEBUG] [mixin/]: Instancing new MixinPlatformAgentMinecraftForge for SecureJarResource(lionfishapi)
[11Apr2025 23:18:33.127] [main/DEBUG] [mixin/]: MixinPlatformAgentMinecraftForge rejected container SecureJarResource(lionfishapi)
[11Apr2025 23:18:33.127] [main/DEBUG] [mixin/]: Instancing new MixinPlatformAgentDefault for SecureJarResource(lionfishapi)
[11Apr2025 23:18:33.127] [main/DEBUG] [mixin/]: MixinPlatformAgentDefault accepted container SecureJarResource(lionfishapi)
[11Apr2025 23:18:33.127] [main/DEBUG] [mixin/]: Processing prepare() for PlatformAgent[MixinPlatformAgentDefault:SecureJarResource(lionfishapi)]
[11Apr2025 23:18:33.127] [main/DEBUG] [mixin/]: Registering mixin config: lionfishapi.mixins.json
[11Apr2025 23:18:33.128] [main/DEBUG] [mixin/]: Adding mixin platform agents for container SecureJarResource(cataclysm)
[11Apr2025 23:18:33.128] [main/DEBUG] [mixin/]: Instancing new MixinPlatformAgentMinecraftForge for SecureJarResource(cataclysm)
[11Apr2025 23:18:33.128] [main/DEBUG] [mixin/]: MixinPlatformAgentMinecraftForge rejected container SecureJarResource(cataclysm)
[11Apr2025 23:18:33.129] [main/DEBUG] [mixin/]: Instancing new MixinPlatformAgentDefault for SecureJarResource(cataclysm)
[11Apr2025 23:18:33.129] [main/DEBUG] [mixin/]: MixinPlatformAgentDefault accepted container SecureJarResource(cataclysm)
[11Apr2025 23:18:33.129] [main/DEBUG] [mixin/]: Processing prepare() for PlatformAgent[MixinPlatformAgentDefault:SecureJarResource(cataclysm)]
[11Apr2025 23:18:33.129] [main/DEBUG] [mixin/]: Registering mixin config: lionfishapi.mixins.json
[11Apr2025 23:18:33.129] [main/DEBUG] [mixin/]: Registering mixin config: cataclysm.mixins.json
[11Apr2025 23:18:33.131] [main/DEBUG] [mixin/]: Adding mixin platform agents for container SecureJarResource(curios)
[11Apr2025 23:18:33.131] [main/DEBUG] [mixin/]: Instancing new MixinPlatformAgentMinecraftForge for SecureJarResource(curios)
[11Apr2025 23:18:33.131] [main/DEBUG] [mixin/]: MixinPlatformAgentMinecraftForge rejected container SecureJarResource(curios)
[11Apr2025 23:18:33.131] [main/DEBUG] [mixin/]: Instancing new MixinPlatformAgentDefault for SecureJarResource(curios)
[11Apr2025 23:18:33.131] [main/DEBUG] [mixin/]: MixinPlatformAgentDefault accepted container SecureJarResource(curios)
[11Apr2025 23:18:33.132] [main/DEBUG] [mixin/]: Processing prepare() for PlatformAgent[MixinPlatformAgentDefault:SecureJarResource(curios)]
[11Apr2025 23:18:33.132] [main/DEBUG] [mixin/]: Registering mixin config: curios.mixins.json
[11Apr2025 23:18:33.133] [main/DEBUG] [mixin/]: Adding mixin platform agents for container SecureJarResource(patchouli)
[11Apr2025 23:18:33.134] [main/DEBUG] [mixin/]: Instancing new MixinPlatformAgentMinecraftForge for SecureJarResource(patchouli)
[11Apr2025 23:18:33.134] [main/DEBUG] [mixin/]: MixinPlatformAgentMinecraftForge rejected container SecureJarResource(patchouli)
[11Apr2025 23:18:33.134] [main/DEBUG] [mixin/]: Instancing new MixinPlatformAgentDefault for SecureJarResource(patchouli)
[11Apr2025 23:18:33.134] [main/DEBUG] [mixin/]: MixinPlatformAgentDefault accepted container SecureJarResource(patchouli)
[11Apr2025 23:18:33.134] [main/DEBUG] [mixin/]: Processing prepare() for PlatformAgent[MixinPlatformAgentDefault:SecureJarResource(patchouli)]
[11Apr2025 23:18:33.135] [main/DEBUG] [mixin/]: Registering mixin config: patchouli_xplat.mixins.json
[11Apr2025 23:18:33.136] [main/DEBUG] [mixin/]: Adding mixin platform agents for container SecureJarResource(securitycraft)
[11Apr2025 23:18:33.136] [main/DEBUG] [mixin/]: Instancing new MixinPlatformAgentMinecraftForge for SecureJarResource(securitycraft)
[11Apr2025 23:18:33.136] [main/DEBUG] [mixin/]: MixinPlatformAgentMinecraftForge rejected container SecureJarResource(securitycraft)
[11Apr2025 23:18:33.136] [main/DEBUG] [mixin/]: Instancing new MixinPlatformAgentDefault for SecureJarResource(securitycraft)
[11Apr2025 23:18:33.136] [main/DEBUG] [mixin/]: MixinPlatformAgentDefault accepted container SecureJarResource(securitycraft)
[11Apr2025 23:18:33.136] [main/DEBUG] [mixin/]: Processing prepare() for PlatformAgent[MixinPlatformAgentDefault:SecureJarResource(securitycraft)]
[11Apr2025 23:18:33.136] [main/DEBUG] [mixin/]: Registering mixin config: securitycraft.mixins.json
[11Apr2025 23:18:33.138] [main/DEBUG] [mixin/]: Adding mixin platform agents for container SecureJarResource(irons_spellbooks)
[11Apr2025 23:18:33.138] [main/DEBUG] [mixin/]: Instancing new MixinPlatformAgentMinecraftForge for SecureJarResource(irons_spellbooks)
[11Apr2025 23:18:33.138] [main/DEBUG] [mixin/]: MixinPlatformAgentMinecraftForge rejected container SecureJarResource(irons_spellbooks)
[11Apr2025 23:18:33.138] [main/DEBUG] [mixin/]: Instancing new MixinPlatformAgentDefault for SecureJarResource(irons_spellbooks)
[11Apr2025 23:18:33.138] [main/DEBUG] [mixin/]: MixinPlatformAgentDefault accepted container SecureJarResource(irons_spellbooks)
[11Apr2025 23:18:33.139] [main/DEBUG] [mixin/]: Processing prepare() for PlatformAgent[MixinPlatformAgentDefault:SecureJarResource(irons_spellbooks)]
[11Apr2025 23:18:33.139] [main/DEBUG] [mixin/]: Registering mixin config: mixins.irons_spellbooks.json
[11Apr2025 23:18:33.140] [main/DEBUG] [mixin/]: Adding mixin platform agents for container SecureJarResource(attributeslib)
[11Apr2025 23:18:33.140] [main/DEBUG] [mixin/]: Instancing new MixinPlatformAgentMinecraftForge for SecureJarResource(attributeslib)
[11Apr2025 23:18:33.141] [main/DEBUG] [mixin/]: MixinPlatformAgentMinecraftForge rejected container SecureJarResource(attributeslib)
[11Apr2025 23:18:33.141] [main/DEBUG] [mixin/]: Instancing new MixinPlatformAgentDefault for SecureJarResource(attributeslib)
[11Apr2025 23:18:33.141] [main/DEBUG] [mixin/]: MixinPlatformAgentDefault accepted container SecureJarResource(attributeslib)
[11Apr2025 23:18:33.141] [main/DEBUG] [mixin/]: Processing prepare() for PlatformAgent[MixinPlatformAgentDefault:SecureJarResource(attributeslib)]
[11Apr2025 23:18:33.141] [main/DEBUG] [mixin/]: Registering mixin config: attributeslib.mixins.json
[11Apr2025 23:18:33.142] [main/DEBUG] [mixin/]: Adding mixin platform agents for container SecureJarResource(gobber2)
[11Apr2025 23:18:33.142] [main/DEBUG] [mixin/]: Instancing new MixinPlatformAgentMinecraftForge for SecureJarResource(gobber2)
[11Apr2025 23:18:33.142] [main/DEBUG] [mixin/]: MixinPlatformAgentMinecraftForge rejected container SecureJarResource(gobber2)
[11Apr2025 23:18:33.143] [main/DEBUG] [mixin/]: Instancing new MixinPlatformAgentDefault for SecureJarResource(gobber2)
[11Apr2025 23:18:33.143] [main/DEBUG] [mixin/]: MixinPlatformAgentDefault accepted container SecureJarResource(gobber2)
[11Apr2025 23:18:33.143] [main/DEBUG] [mixin/]: Processing prepare() for PlatformAgent[MixinPlatformAgentDefault:SecureJarResource(gobber2)]
[11Apr2025 23:18:33.143] [main/DEBUG] [mixin/]: Adding mixin platform agents for container SecureJarResource(immersiveores)
[11Apr2025 23:18:33.143] [main/DEBUG] [mixin/]: Instancing new MixinPlatformAgentMinecraftForge for SecureJarResource(immersiveores)
[11Apr2025 23:18:33.144] [main/DEBUG] [mixin/]: MixinPlatformAgentMinecraftForge rejected container SecureJarResource(immersiveores)
[11Apr2025 23:18:33.144] [main/DEBUG] [mixin/]: Instancing new MixinPlatformAgentDefault for SecureJarResource(immersiveores)
[11Apr2025 23:18:33.144] [main/DEBUG] [mixin/]: MixinPlatformAgentDefault accepted container SecureJarResource(immersiveores)
[11Apr2025 23:18:33.144] [main/DEBUG] [mixin/]: Processing prepare() for PlatformAgent[MixinPlatformAgentDefault:SecureJarResource(immersiveores)]
[11Apr2025 23:18:33.144] [main/DEBUG] [mixin/]: Adding mixin platform agents for container SecureJarResource(morevanillaarmor)
[11Apr2025 23:18:33.145] [main/DEBUG] [mixin/]: Instancing new MixinPlatformAgentMinecraftForge for SecureJarResource(morevanillaarmor)
[11Apr2025 23:18:33.145] [main/DEBUG] [mixin/]: MixinPlatformAgentMinecraftForge rejected container SecureJarResource(morevanillaarmor)
[11Apr2025 23:18:33.145] [main/DEBUG] [mixin/]: Instancing new MixinPlatformAgentDefault for SecureJarResource(morevanillaarmor)
[11Apr2025 23:18:33.145] [main/DEBUG] [mixin/]: MixinPlatformAgentDefault accepted container SecureJarResource(morevanillaarmor)
[11Apr2025 23:18:33.145] [main/DEBUG] [mixin/]: Processing prepare() for PlatformAgent[MixinPlatformAgentDefault:SecureJarResource(morevanillaarmor)]
[11Apr2025 23:18:33.145] [main/DEBUG] [mixin/]: Adding mixin platform agents for container SecureJarResource(deeperdarker)
[11Apr2025 23:18:33.145] [main/DEBUG] [mixin/]: Instancing new MixinPlatformAgentMinecraftForge for SecureJarResource(deeperdarker)
[11Apr2025 23:18:33.145] [main/DEBUG] [mixin/]: MixinPlatformAgentMinecraftForge rejected container SecureJarResource(deeperdarker)
[11Apr2025 23:18:33.145] [main/DEBUG] [mixin/]: Instancing new MixinPlatformAgentDefault for SecureJarResource(deeperdarker)
[11Apr2025 23:18:33.145] [main/DEBUG] [mixin/]: MixinPlatformAgentDefault accepted container SecureJarResource(deeperdarker)
[11Apr2025 23:18:33.146] [main/DEBUG] [mixin/]: Processing prepare() for PlatformAgent[MixinPlatformAgentDefault:SecureJarResource(deeperdarker)]
[11Apr2025 23:18:33.146] [main/DEBUG] [mixin/]: Registering mixin config: mixins.deeperdarker.json
[11Apr2025 23:18:33.147] [main/DEBUG] [mixin/]: Adding mixin platform agents for container SecureJarResource(architectury)
[11Apr2025 23:18:33.147] [main/DEBUG] [mixin/]: Instancing new MixinPlatformAgentMinecraftForge for SecureJarResource(architectury)
[11Apr2025 23:18:33.147] [main/DEBUG] [mixin/]: MixinPlatformAgentMinecraftForge rejected container SecureJarResource(architectury)
[11Apr2025 23:18:33.147] [main/DEBUG] [mixin/]: Instancing new MixinPlatformAgentDefault for SecureJarResource(architectury)
[11Apr2025 23:18:33.147] [main/DEBUG] [mixin/]: MixinPlatformAgentDefault accepted container SecureJarResource(architectury)
[11Apr2025 23:18:33.147] [main/DEBUG] [mixin/]: Processing prepare() for PlatformAgent[MixinPlatformAgentDefault:SecureJarResource(architectury)]
[11Apr2025 23:18:33.147] [main/DEBUG] [mixin/]: Registering mixin config: architectury.mixins.json
[11Apr2025 23:18:33.149] [main/DEBUG] [mixin/]: Compatibility level JAVA_16 specified by architectury.mixins.json is higher than the maximum level supported by this version of mixin (JAVA_13).
[11Apr2025 23:18:33.149] [main/DEBUG] [mixin/]: Registering mixin config: architectury-common.mixins.json
[11Apr2025 23:18:33.150] [main/DEBUG] [mixin/]: Compatibility level JAVA_16 specified by architectury-common.mixins.json is higher than the maximum level supported by this version of mixin (JAVA_13).
[11Apr2025 23:18:33.151] [main/DEBUG] [mixin/]: Adding mixin platform agents for container SecureJarResource(mca)
[11Apr2025 23:18:33.151] [main/DEBUG] [mixin/]: Instancing new MixinPlatformAgentMinecraftForge for SecureJarResource(mca)
[11Apr2025 23:18:33.151] [main/DEBUG] [mixin/]: MixinPlatformAgentMinecraftForge rejected container SecureJarResource(mca)
[11Apr2025 23:18:33.151] [main/DEBUG] [mixin/]: Instancing new MixinPlatformAgentDefault for SecureJarResource(mca)
[11Apr2025 23:18:33.151] [main/DEBUG] [mixin/]: MixinPlatformAgentDefault accepted container SecureJarResource(mca)
[11Apr2025 23:18:33.152] [main/DEBUG] [mixin/]: Processing prepare() for PlatformAgent[MixinPlatformAgentDefault:SecureJarResource(mca)]
[11Apr2025 23:18:33.152] [main/DEBUG] [mixin/]: Registering mixin config: forge-mca.mixin.json
[11Apr2025 23:18:33.153] [main/DEBUG] [mixin/]: Adding mixin platform agents for container SecureJarResource(scalinghealth)
[11Apr2025 23:18:33.154] [main/DEBUG] [mixin/]: Instancing new MixinPlatformAgentMinecraftForge for SecureJarResource(scalinghealth)
[11Apr2025 23:18:33.154] [main/DEBUG] [mixin/]: MixinPlatformAgentMinecraftForge rejected container SecureJarResource(scalinghealth)
[11Apr2025 23:18:33.154] [main/DEBUG] [mixin/]: Instancing new MixinPlatformAgentDefault for SecureJarResource(scalinghealth)
[11Apr2025 23:18:33.154] [main/DEBUG] [mixin/]: MixinPlatformAgentDefault accepted container SecureJarResource(scalinghealth)
[11Apr2025 23:18:33.154] [main/DEBUG] [mixin/]: Processing prepare() for PlatformAgent[MixinPlatformAgentDefault:SecureJarResource(scalinghealth)]
[11Apr2025 23:18:33.155] [main/DEBUG] [mixin/]: Adding mixin platform agents for container SecureJarResource(forge)
[11Apr2025 23:18:33.155] [main/DEBUG] [mixin/]: Instancing new MixinPlatformAgentMinecraftForge for SecureJarResource(forge)
[11Apr2025 23:18:33.155] [main/DEBUG] [mixin/]: MixinPlatformAgentMinecraftForge rejected container SecureJarResource(forge)
[11Apr2025 23:18:33.155] [main/DEBUG] [mixin/]: Instancing new MixinPlatformAgentDefault for SecureJarResource(forge)
[11Apr2025 23:18:33.156] [main/DEBUG] [mixin/]: MixinPlatformAgentDefault accepted container SecureJarResource(forge)
[11Apr2025 23:18:33.156] [main/DEBUG] [mixin/]: Processing prepare() for PlatformAgent[MixinPlatformAgentDefault:SecureJarResource(forge)]
[11Apr2025 23:18:33.156] [main/DEBUG] [mixin/]: Adding mixin platform agents for container SecureJarResource(appleskin)
[11Apr2025 23:18:33.156] [main/DEBUG] [mixin/]: Instancing new MixinPlatformAgentMinecraftForge for SecureJarResource(appleskin)
[11Apr2025 23:18:33.156] [main/DEBUG] [mixin/]: MixinPlatformAgentMinecraftForge rejected container SecureJarResource(appleskin)
[11Apr2025 23:18:33.157] [main/DEBUG] [mixin/]: Instancing new MixinPlatformAgentDefault for SecureJarResource(appleskin)
[11Apr2025 23:18:33.157] [main/DEBUG] [mixin/]: MixinPlatformAgentDefault accepted container SecureJarResource(appleskin)
[11Apr2025 23:18:33.157] [main/DEBUG] [mixin/]: Processing prepare() for PlatformAgent[MixinPlatformAgentDefault:SecureJarResource(appleskin)]
[11Apr2025 23:18:33.157] [main/DEBUG] [mixin/]: Adding mixin platform agents for container SecureJarResource(expandability)
[11Apr2025 23:18:33.157] [main/DEBUG] [mixin/]: Instancing new MixinPlatformAgentMinecraftForge for SecureJarResource(expandability)
[11Apr2025 23:18:33.158] [main/DEBUG] [mixin/]: MixinPlatformAgentMinecraftForge rejected container SecureJarResource(expandability)
[11Apr2025 23:18:33.158] [main/DEBUG] [mixin/]: Instancing new MixinPlatformAgentDefault for SecureJarResource(expandability)
[11Apr2025 23:18:33.158] [main/DEBUG] [mixin/]: MixinPlatformAgentDefault accepted container SecureJarResource(expandability)
[11Apr2025 23:18:33.158] [main/DEBUG] [mixin/]: Processing prepare() for PlatformAgent[MixinPlatformAgentDefault:SecureJarResource(expandability)]
[11Apr2025 23:18:33.158] [main/DEBUG] [mixin/]: Registering mixin config: expandability.mixins.json
[11Apr2025 23:18:33.159] [main/DEBUG] [mixin/]: Registering mixin config: expandability-common.mixins.json
[11Apr2025 23:18:33.160] [main/DEBUG] [mixin/]: Adding mixin platform agents for container SecureJarResource(mclib)
[11Apr2025 23:18:33.161] [main/DEBUG] [mixin/]: Instancing new MixinPlatformAgentMinecraftForge for SecureJarResource(mclib)
[11Apr2025 23:18:33.161] [main/DEBUG] [mixin/]: MixinPlatformAgentMinecraftForge rejected container SecureJarResource(mclib)
[11Apr2025 23:18:33.161] [main/DEBUG] [mixin/]: Instancing new MixinPlatformAgentDefault for SecureJarResource(mclib)
[11Apr2025 23:18:33.161] [main/DEBUG] [mixin/]: MixinPlatformAgentDefault accepted container SecureJarResource(mclib)
[11Apr2025 23:18:33.161] [main/DEBUG] [mixin/]: Processing prepare() for PlatformAgent[MixinPlatformAgentDefault:SecureJarResource(mclib)]
[11Apr2025 23:18:33.162] [main/DEBUG] [mixin/]: Adding mixin platform agents for container SecureJarResource(MixinExtras)
[11Apr2025 23:18:33.162] [main/DEBUG] [mixin/]: Instancing new MixinPlatformAgentMinecraftForge for SecureJarResource(MixinExtras)
[11Apr2025 23:18:33.162] [main/DEBUG] [mixin/]: MixinPlatformAgentMinecraftForge rejected container SecureJarResource(MixinExtras)
[11Apr2025 23:18:33.162] [main/DEBUG] [mixin/]: Instancing new MixinPlatformAgentDefault for SecureJarResource(MixinExtras)
[11Apr2025 23:18:33.162] [main/DEBUG] [mixin/]: MixinPlatformAgentDefault accepted container SecureJarResource(MixinExtras)
[11Apr2025 23:18:33.162] [main/DEBUG] [mixin/]: Processing prepare() for PlatformAgent[MixinPlatformAgentDefault:SecureJarResource(MixinExtras)]
[11Apr2025 23:18:33.163] [main/DEBUG] [mixin/]: inject() running with 51 agents
[11Apr2025 23:18:33.163] [main/DEBUG] [mixin/]: Processing inject() for PlatformAgent[MixinPlatformAgentDefault:ModLauncher Root Container(ModLauncher:4f56a0a2)]
[11Apr2025 23:18:33.163] [main/DEBUG] [mixin/]: Processing inject() for PlatformAgent[MixinPlatformAgentDefault:SecureJarResource(giacomos_exp)]
[11Apr2025 23:18:33.163] [main/DEBUG] [mixin/]: Processing inject() for PlatformAgent[MixinPlatformAgentDefault:SecureJarResource(kuma_api)]
[11Apr2025 23:18:33.163] [main/DEBUG] [mixin/]: Processing inject() for PlatformAgent[MixinPlatformAgentDefault:SecureJarResource(supermartijn642configlib)]
[11Apr2025 23:18:33.164] [main/DEBUG] [mixin/]: Processing inject() for PlatformAgent[MixinPlatformAgentDefault:SecureJarResource(geckolib)]
[11Apr2025 23:18:33.164] [main/DEBUG] [mixin/]: Processing inject() for PlatformAgent[MixinPlatformAgentDefault:SecureJarResource(playeranimator)]
[11Apr2025 23:18:33.164] [main/DEBUG] [mixin/]: Processing inject() for PlatformAgent[MixinPlatformAgentDefault:SecureJarResource(jei)]
[11Apr2025 23:18:33.164] [main/DEBUG] [mixin/]: Processing inject() for PlatformAgent[MixinPlatformAgentDefault:SecureJarResource(caelus)]
[11Apr2025 23:18:33.164] [main/DEBUG] [mixin/]: Processing inject() for PlatformAgent[MixinPlatformAgentDefault:SecureJarResource(sophisticatedcore)]
[11Apr2025 23:18:33.165] [main/DEBUG] [mixin/]: Processing inject() for PlatformAgent[MixinPlatformAgentDefault:SecureJarResource(waystones)]
[11Apr2025 23:18:33.165] [main/DEBUG] [mixin/]: Processing inject() for PlatformAgent[MixinPlatformAgentDefault:SecureJarResource(journeymap)]
[11Apr2025 23:18:33.165] [main/DEBUG] [mixin/]: Processing inject() for PlatformAgent[MixinPlatformAgentDefault:SecureJarResource(placebo)]
[11Apr2025 23:18:33.165] [main/DEBUG] [mixin/]: Processing inject() for PlatformAgent[MixinPlatformAgentDefault:SecureJarResource(citadel)]
[11Apr2025 23:18:33.165] [main/DEBUG] [mixin/]: Processing inject() for PlatformAgent[MixinPlatformAgentDefault:SecureJarResource(artifacts)]
[11Apr2025 23:18:33.165] [main/DEBUG] [mixin/]: Processing inject() for PlatformAgent[MixinPlatformAgentDefault:SecureJarResource(mixinextras)]
[11Apr2025 23:18:33.165] [main/DEBUG] [mixin/]: Processing inject() for PlatformAgent[MixinPlatformAgentDefault:SecureJarResource(bookshelf)]
[11Apr2025 23:18:33.165] [main/DEBUG] [mixin/]: Processing inject() for PlatformAgent[MixinPlatformAgentDefault:SecureJarResource(sophisticatedbackpacks)]
[11Apr2025 23:18:33.165] [main/DEBUG] [mixin/]: Processing inject() for PlatformAgent[MixinPlatformAgentDefault:SecureJarResource(apotheosis)]
[11Apr2025 23:18:33.165] [main/DEBUG] [mixin/]: Processing inject() for PlatformAgent[MixinPlatformAgentDefault:SecureJarResource(iceandfire)]
[11Apr2025 23:18:33.165] [main/DEBUG] [mixin/]: Processing inject() for PlatformAgent[MixinPlatformAgentDefault:SecureJarResource(balm)]
[11Apr2025 23:18:33.166] [main/DEBUG] [mixin/]: Processing inject() for PlatformAgent[MixinPlatformAgentDefault:SecureJarResource(immersive_armors)]
[11Apr2025 23:18:33.166] [main/DEBUG] [mixin/]: Processing inject() for PlatformAgent[MixinPlatformAgentDefault:SecureJarResource(cloth_config)]
[11Apr2025 23:18:33.166] [main/DEBUG] [mixin/]: Processing inject() for PlatformAgent[MixinPlatformAgentDefault:SecureJarResource(ironchest)]
[11Apr2025 23:18:33.166] [main/DEBUG] [mixin/]: Processing inject() for PlatformAgent[MixinPlatformAgentDefault:SecureJarResource(corpse)]
[11Apr2025 23:18:33.166] [main/DEBUG] [mixin/]: Processing inject() for PlatformAgent[MixinPlatformAgentDefault:SecureJarResource(dungeons_arise)]
[11Apr2025 23:18:33.166] [main/DEBUG] [mixin/]: Processing inject() for PlatformAgent[MixinPlatformAgentDefault:SecureJarResource(useless_sword)]
[11Apr2025 23:18:33.166] [main/DEBUG] [mixin/]: Processing inject() for PlatformAgent[MixinPlatformAgentDefault:SecureJarResource(minecraft)]
[11Apr2025 23:18:33.166] [main/DEBUG] [mixin/]: Processing inject() for PlatformAgent[MixinPlatformAgentDefault:SecureJarResource(voicechat)]
[11Apr2025 23:18:33.166] [main/DEBUG] [mixin/]: Processing inject() for PlatformAgent[MixinPlatformAgentDefault:SecureJarResource(enchdesc)]
[11Apr2025 23:18:33.166] [main/DEBUG] [mixin/]: Processing inject() for PlatformAgent[MixinPlatformAgentDefault:SecureJarResource(silentlib)]
[11Apr2025 23:18:33.166] [main/DEBUG] [mixin/]: Processing inject() for PlatformAgent[MixinPlatformAgentDefault:SecureJarResource(jade)]
[11Apr2025 23:18:33.166] [main/DEBUG] [mixin/]: Processing inject() for PlatformAgent[MixinPlatformAgentDefault:SecureJarResource(ironfurnaces)]
[11Apr2025 23:18:33.166] [main/DEBUG] [mixin/]: Processing inject() for PlatformAgent[MixinPlatformAgentDefault:SecureJarResource(lionfishapi)]
[11Apr2025 23:18:33.166] [main/DEBUG] [mixin/]: Processing inject() for PlatformAgent[MixinPlatformAgentDefault:SecureJarResource(cataclysm)]
[11Apr2025 23:18:33.166] [main/DEBUG] [mixin/]: Processing inject() for PlatformAgent[MixinPlatformAgentDefault:SecureJarResource(curios)]
[11Apr2025 23:18:33.166] [main/DEBUG] [mixin/]: Processing inject() for PlatformAgent[MixinPlatformAgentDefault:SecureJarResource(patchouli)]
[11Apr2025 23:18:33.166] [main/DEBUG] [mixin/]: Processing inject() for PlatformAgent[MixinPlatformAgentDefault:SecureJarResource(securitycraft)]
[11Apr2025 23:18:33.166] [main/DEBUG] [mixin/]: Processing inject() for PlatformAgent[MixinPlatformAgentDefault:SecureJarResource(irons_spellbooks)]
[11Apr2025 23:18:33.166] [main/DEBUG] [mixin/]: Processing inject() for PlatformAgent[MixinPlatformAgentDefault:SecureJarResource(attributeslib)]
[11Apr2025 23:18:33.166] [main/DEBUG] [mixin/]: Processing inject() for PlatformAgent[MixinPlatformAgentDefault:SecureJarResource(gobber2)]
[11Apr2025 23:18:33.169] [main/DEBUG] [mixin/]: Processing inject() for PlatformAgent[MixinPlatformAgentDefault:SecureJarResource(immersiveores)]
[11Apr2025 23:18:33.169] [main/DEBUG] [mixin/]: Processing inject() for PlatformAgent[MixinPlatformAgentDefault:SecureJarResource(morevanillaarmor)]
[11Apr2025 23:18:33.169] [main/DEBUG] [mixin/]: Processing inject() for PlatformAgent[MixinPlatformAgentDefault:SecureJarResource(deeperdarker)]
[11Apr2025 23:18:33.169] [main/DEBUG] [mixin/]: Processing inject() for PlatformAgent[MixinPlatformAgentDefault:SecureJarResource(architectury)]
[11Apr2025 23:18:33.170] [main/DEBUG] [mixin/]: Processing inject() for PlatformAgent[MixinPlatformAgentDefault:SecureJarResource(mca)]
[11Apr2025 23:18:33.170] [main/DEBUG] [mixin/]: Processing inject() for PlatformAgent[MixinPlatformAgentDefault:SecureJarResource(scalinghealth)]
[11Apr2025 23:18:33.170] [main/DEBUG] [mixin/]: Processing inject() for PlatformAgent[MixinPlatformAgentDefault:SecureJarResource(forge)]
[11Apr2025 23:18:33.170] [main/DEBUG] [mixin/]: Processing inject() for PlatformAgent[MixinPlatformAgentDefault:SecureJarResource(appleskin)]
[11Apr2025 23:18:33.170] [main/DEBUG] [mixin/]: Processing inject() for PlatformAgent[MixinPlatformAgentDefault:SecureJarResource(expandability)]
[11Apr2025 23:18:33.170] [main/DEBUG] [mixin/]: Processing inject() for PlatformAgent[MixinPlatformAgentDefault:SecureJarResource(mclib)]
[11Apr2025 23:18:33.170] [main/DEBUG] [mixin/]: Processing inject() for PlatformAgent[MixinPlatformAgentDefault:SecureJarResource(MixinExtras)]
[11Apr2025 23:18:33.170] [main/INFO] [cpw.mods.modlauncher.LaunchServiceHandler/MODLAUNCHER]: Launching target 'forgeserver' with arguments [nogui]
[11Apr2025 23:18:33.194] [main/DEBUG] [mixin/]: Error cleaning class output directory: .mixin.out
[11Apr2025 23:18:33.195] [main/DEBUG] [mixin/]: Preparing mixins for MixinEnvironment[DEFAULT]
[11Apr2025 23:18:33.195] [main/DEBUG] [mixin/]: Selecting config kuma_api.mixins.json
[11Apr2025 23:18:33.199] [main/DEBUG] [mixin/]: Selecting config kuma_api.forge.mixins.json
[11Apr2025 23:18:33.200] [main/DEBUG] [mixin/]: Selecting config geckolib.mixins.json
[11Apr2025 23:18:33.201] [main/DEBUG] [mixin/]: Selecting config playerAnimator-common.mixins.json
[11Apr2025 23:18:33.209] [main/DEBUG] [mixin/]: Selecting config caelus.mixins.json
[11Apr2025 23:18:33.211] [main/DEBUG] [mixin/]: Selecting config waystones.mixins.json
[11Apr2025 23:18:33.213] [main/DEBUG] [mixin/]: Selecting config journeymap.mixins.json
[11Apr2025 23:18:33.214] [main/DEBUG] [mixin/]: Selecting config placebo.mixins.json
[11Apr2025 23:18:33.215] [main/DEBUG] [mixin/]: Selecting config citadel.mixins.json
[11Apr2025 23:18:33.217] [main/DEBUG] [mixin/]: Selecting config mixins.artifacts.common.json
[11Apr2025 23:18:33.218] [main/DEBUG] [mixin/]: Selecting config mixins.artifacts.forge.json
[11Apr2025 23:18:33.219] [main/DEBUG] [mixin/]: Selecting config mixinextras.init.mixins.json
[11Apr2025 23:18:33.257] [main/DEBUG] [MixinExtras|Service/]: com.llamalad7.mixinextras.service.MixinExtrasServiceImpl(version=0.3.5) is taking over from null
[11Apr2025 23:18:33.288] [main/DEBUG] [mixin/]: Registering new injector for @Inject with org.spongepowered.asm.mixin.injection.struct.CallbackInjectionInfo
[11Apr2025 23:18:33.289] [main/DEBUG] [mixin/]: Registering new injector for @ModifyArg with org.spongepowered.asm.mixin.injection.struct.ModifyArgInjectionInfo
[11Apr2025 23:18:33.290] [main/DEBUG] [mixin/]: Registering new injector for @ModifyArgs with org.spongepowered.asm.mixin.injection.struct.ModifyArgsInjectionInfo
[11Apr2025 23:18:33.291] [main/DEBUG] [mixin/]: Registering new injector for @Redirect with org.spongepowered.asm.mixin.injection.struct.RedirectInjectionInfo
[11Apr2025 23:18:33.292] [main/DEBUG] [mixin/]: Registering new injector for @ModifyVariable with org.spongepowered.asm.mixin.injection.struct.ModifyVariableInjectionInfo
[11Apr2025 23:18:33.293] [main/DEBUG] [mixin/]: Registering new injector for @ModifyConstant with org.spongepowered.asm.mixin.injection.struct.ModifyConstantInjectionInfo
[11Apr2025 23:18:33.309] [main/DEBUG] [mixin/]: Selecting config bookshelf.common.mixins.json
[11Apr2025 23:18:33.311] [main/DEBUG] [mixin/]: Selecting config bookshelf.forge.mixins.json
[11Apr2025 23:18:33.319] [main/DEBUG] [mixin/]: Selecting config apotheosis.mixins.json
[11Apr2025 23:18:33.321] [main/DEBUG] [mixin/]: Selecting config iceandfire.mixins.json
[11Apr2025 23:18:33.325] [main/DEBUG] [mixin/]: Selecting config balm.mixins.json
[11Apr2025 23:18:33.350] [main/DEBUG] [mixin/]: Selecting config immersive_armors.mixins.json
[11Apr2025 23:18:33.352] [main/DEBUG] [mixin/]: Selecting config jade.mixins.json
[11Apr2025 23:18:33.355] [main/DEBUG] [mixin/]: Selecting config lionfishapi.mixins.json
[11Apr2025 23:18:33.356] [main/DEBUG] [mixin/]: Selecting config cataclysm.mixins.json
[11Apr2025 23:18:33.361] [main/DEBUG] [mixin/]: Selecting config curios.mixins.json
[11Apr2025 23:18:33.362] [main/DEBUG] [mixin/]: Selecting config patchouli_xplat.mixins.json
[11Apr2025 23:18:33.366] [main/DEBUG] [mixin/]: Selecting config securitycraft.mixins.json
[11Apr2025 23:18:33.368] [main/DEBUG] [mixin/]: Selecting config mixins.irons_spellbooks.json
[11Apr2025 23:18:33.369] [main/DEBUG] [mixin/]: Selecting config attributeslib.mixins.json
[11Apr2025 23:18:33.373] [main/DEBUG] [mixin/]: Selecting config mixins.deeperdarker.json
[11Apr2025 23:18:33.375] [main/DEBUG] [mixin/]: Selecting config architectury.mixins.json
[11Apr2025 23:18:33.377] [main/DEBUG] [mixin/]: Selecting config architectury-common.mixins.json
[11Apr2025 23:18:33.378] [main/DEBUG] [mixin/]: Selecting config forge-mca.mixin.json
[11Apr2025 23:18:33.380] [main/DEBUG] [mixin/]: Selecting config expandability.mixins.json
[11Apr2025 23:18:33.382] [main/DEBUG] [mixin/]: Selecting config expandability-common.mixins.json
[11Apr2025 23:18:33.384] [main/DEBUG] [mixin/]: Preparing kuma_api.mixins.json (1)
[11Apr2025 23:18:33.385] [main/DEBUG] [mixin/]: Preparing kuma_api.forge.mixins.json (0)
[11Apr2025 23:18:33.385] [main/DEBUG] [mixin/]: Preparing geckolib.mixins.json (1)
[11Apr2025 23:18:33.385] [main/DEBUG] [mixin/]: Preparing playerAnimator-common.mixins.json (14)
[11Apr2025 23:18:33.385] [main/DEBUG] [mixin/]: Preparing caelus.mixins.json (4)
[11Apr2025 23:18:33.451] [main/DEBUG] [mixin/]: Preparing waystones.mixins.json (3)
[11Apr2025 23:18:33.460] [main/DEBUG] [mixin/]: Preparing journeymap.mixins.json (3)
[11Apr2025 23:18:33.460] [main/DEBUG] [mixin/]: Preparing placebo.mixins.json (6)
[11Apr2025 23:18:33.477] [main/DEBUG] [net.minecraftforge.coremod.transformer.CoreModBaseTransformer/COREMOD]: Transforming net/minecraft/world/item/ItemStack
[11Apr2025 23:18:33.498] [main/DEBUG] [net.minecraftforge.coremod.transformer.CoreModBaseTransformer/COREMOD]: Transforming getEnchantmentLevel with desc (Lnet/minecraft/world/item/enchantment/Enchantment;)I
[11Apr2025 23:18:33.521] [main/INFO] [net.minecraftforge.coremod.CoreMod.placebo/COREMODLOG]: Patching IForgeItemStack#getEnchantmentLevel
[11Apr2025 23:18:33.560] [main/DEBUG] [net.minecraftforge.coremod.transformer.CoreModBaseTransformer/COREMOD]: Transforming getAllEnchantments with desc ()Ljava/util/Map;
[11Apr2025 23:18:33.571] [main/INFO] [net.minecraftforge.coremod.CoreMod.placebo/COREMODLOG]: Patching IForgeItemStack#getEnchantmentLevel
[11Apr2025 23:18:33.605] [main/DEBUG] [mixin/]: Preparing citadel.mixins.json (15)
[11Apr2025 23:18:33.669] [main/DEBUG] [mixin/]: Preparing mixins.artifacts.common.json (20)
[11Apr2025 23:18:33.724] [main/DEBUG] [net.minecraftforge.coremod.transformer.CoreModBaseTransformer/COREMOD]: Transforming net/minecraft/world/level/NaturalSpawner
[11Apr2025 23:18:33.978] [main/DEBUG] [net.minecraftforge.coremod.transformer.CoreModBaseTransformer/COREMOD]: Transforming net/minecraft/world/entity/npc/Villager
[11Apr2025 23:18:34.276] [main/DEBUG] [mixin/]: Preparing mixins.artifacts.forge.json (3)
[11Apr2025 23:18:34.279] [main/DEBUG] [mixin/]: Preparing mixinextras.init.mixins.json (0)
[11Apr2025 23:18:34.279] [main/DEBUG] [mixin/]: Preparing bookshelf.common.mixins.json (23)
[11Apr2025 23:18:34.286] [main/DEBUG] [net.minecraftforge.coremod.transformer.CoreModBaseTransformer/COREMOD]: Transforming net/minecraft/world/effect/MobEffectInstance
[11Apr2025 23:18:34.302] [main/DEBUG] [mixin/]: Preparing bookshelf.forge.mixins.json (1)
[11Apr2025 23:18:34.304] [main/DEBUG] [mixin/]: Preparing apotheosis.mixins.json (31)
[11Apr2025 23:18:34.318] [main/DEBUG] [net.minecraftforge.coremod.transformer.CoreModBaseTransformer/COREMOD]: Transforming net/minecraft/world/inventory/AnvilMenu
[11Apr2025 23:18:34.448] [main/INFO] [net.minecraftforge.coremod.CoreMod.apotheosis/COREMODLOG]: Replaced 2 calls to Enchantment#getMaxLevel() in net/minecraft/world/inventory/AnvilMenu
[11Apr2025 23:18:34.488] [main/WARN] [mixin/]: Error loading class: org/violetmoon/quark/content/tweaks/module/GoldToolsHaveFortuneModule (java.lang.ClassNotFoundException: org.violetmoon.quark.content.tweaks.module.GoldToolsHaveFortuneModule)
[11Apr2025 23:18:34.489] [main/DEBUG] [mixin/]: Skipping virtual target org.violetmoon.quark.content.tweaks.module.GoldToolsHaveFortuneModule for apotheosis.mixins.json:GoldToolsHaveFortuneModuleMixin
[11Apr2025 23:18:34.490] [main/DEBUG] [net.minecraftforge.coremod.transformer.CoreModBaseTransformer/COREMOD]: Transforming getEnchantmentLevel with desc (Lnet/minecraft/world/item/enchantment/Enchantment;)I
[11Apr2025 23:18:34.491] [main/INFO] [net.minecraftforge.coremod.CoreMod.placebo/COREMODLOG]: Patching IForgeItemStack#getEnchantmentLevel
[11Apr2025 23:18:34.491] [main/DEBUG] [net.minecraftforge.coremod.transformer.CoreModBaseTransformer/COREMOD]: Transforming getAllEnchantments with desc ()Ljava/util/Map;
[11Apr2025 23:18:34.495] [main/INFO] [net.minecraftforge.coremod.CoreMod.placebo/COREMODLOG]: Patching IForgeItemStack#getEnchantmentLevel
[11Apr2025 23:18:34.511] [main/WARN] [mixin/]: Error loading class: com/hollingsworth/arsnouveau/common/items/SpellCrossbow (java.lang.ClassNotFoundException: com.hollingsworth.arsnouveau.common.items.SpellCrossbow)
[11Apr2025 23:18:34.512] [main/DEBUG] [mixin/]: Skipping virtual target com.hollingsworth.arsnouveau.common.items.SpellCrossbow for apotheosis.mixins.json:SpellCrossbowMixin
[11Apr2025 23:18:34.521] [main/DEBUG] [mixin/]: Preparing iceandfire.mixins.json (2)
[11Apr2025 23:18:34.530] [main/DEBUG] [mixin/]: Preparing balm.mixins.json (16)
[11Apr2025 23:18:34.554] [main/DEBUG] [mixin/]: Preparing immersive_armors.mixins.json (10)
[11Apr2025 23:18:34.557] [main/DEBUG] [mixin/]: Preparing jade.mixins.json (3)
[11Apr2025 23:18:34.557] [main/DEBUG] [mixin/]: Preparing lionfishapi.mixins.json (2)
[11Apr2025 23:18:34.558] [main/DEBUG] [mixin/]: Preparing cataclysm.mixins.json (21)
[11Apr2025 23:18:34.570] [main/DEBUG] [net.minecraftforge.coremod.transformer.CoreModBaseTransformer/COREMOD]: Transforming net/minecraft/world/level/levelgen/structure/templatesystem/StructureTemplate
[11Apr2025 23:18:34.738] [main/DEBUG] [mixin/]: Preparing curios.mixins.json (13)
[11Apr2025 23:18:34.755] [main/DEBUG] [mixin/]: Preparing patchouli_xplat.mixins.json (10)
[11Apr2025 23:18:34.758] [main/DEBUG] [mixin/]: Preparing securitycraft.mixins.json (19)
[11Apr2025 23:18:34.793] [main/DEBUG] [mixin/]: Preparing mixins.irons_spellbooks.json (20)
[11Apr2025 23:18:34.809] [main/DEBUG] [mixin/]: Preparing attributeslib.mixins.json (17)
[11Apr2025 23:18:34.819] [main/DEBUG] [mixin/]: Preparing mixins.deeperdarker.json (8)
[11Apr2025 23:18:34.837] [main/WARN] [mixin/]: Error loading class: net/minecraft/client/renderer/entity/PhantomRenderer (java.lang.ClassNotFoundException: net.minecraft.client.renderer.entity.PhantomRenderer)
[11Apr2025 23:18:34.838] [main/WARN] [mixin/]: @Mixin target net.minecraft.client.renderer.entity.PhantomRenderer was not found mixins.deeperdarker.json:PhantomRendererMixin
[11Apr2025 23:18:34.840] [main/DEBUG] [mixin/]: Preparing architectury.mixins.json (9)
[11Apr2025 23:18:34.847] [main/DEBUG] [mixin/]: Preparing architectury-common.mixins.json (10)
[11Apr2025 23:18:34.852] [main/DEBUG] [net.minecraftforge.coremod.transformer.CoreModBaseTransformer/COREMOD]: Transforming net/minecraft/world/item/BucketItem
[11Apr2025 23:18:34.863] [main/DEBUG] [net.minecraftforge.coremod.transformer.CoreModBaseTransformer/COREMOD]: Transforming net/minecraft/world/entity/EntityType
[11Apr2025 23:18:34.973] [main/DEBUG] [net.minecraftforge.coremod.transformer.CoreModBaseTransformer/COREMOD]: Transforming net/minecraft/world/level/block/LiquidBlock
[11Apr2025 23:18:34.980] [main/DEBUG] [mixin/]: Preparing forge-mca.mixin.json (31)
[11Apr2025 23:18:35.011] [main/DEBUG] [net.minecraftforge.coremod.transformer.CoreModBaseTransformer/COREMOD]: Transforming net/minecraft/world/entity/monster/Zombie
[11Apr2025 23:18:35.099] [main/DEBUG] [net.minecraftforge.coremod.transformer.CoreModBaseTransformer/COREMOD]: Transforming net/minecraft/world/entity/monster/ZombieVillager
[11Apr2025 23:18:35.152] [main/DEBUG] [mixin/]: Preparing expandability.mixins.json (4)
[11Apr2025 23:18:35.153] [main/DEBUG] [mixin/]: Preparing expandability-common.mixins.json (9)
[11Apr2025 23:18:35.207] [main/DEBUG] [mixin/]: Inner class immersive_armors/mixin/MobEntityMixin$1 in immersive_armors/mixin/MobEntityMixin on net/minecraft/world/entity/Mob gets unique name net/minecraft/world/entity/Mob$Anonymous$9475c95fc7cb4bcda337053ae7bd42ef
[11Apr2025 23:18:35.242] [main/DEBUG] [mixin/]: Prepared 221 mixins in 2.046 sec (9.3ms avg) (0ms load, 0ms transform, 0ms plugin)
[11Apr2025 23:18:35.252] [main/INFO] [MixinExtras|Service/]: Initializing MixinExtras via com.llamalad7.mixinextras.service.MixinExtrasServiceImpl(version=0.3.5).
[11Apr2025 23:18:35.253] [main/DEBUG] [mixin/]: Registering new injector for @SugarWrapper with com.llamalad7.mixinextras.sugar.impl.SugarWrapperInjectionInfo
[11Apr2025 23:18:35.254] [main/DEBUG] [mixin/]: Registering new injector for @FactoryRedirectWrapper with com.llamalad7.mixinextras.wrapper.factory.FactoryRedirectWrapperInjectionInfo
[11Apr2025 23:18:35.257] [main/DEBUG] [mixin/]: Mixing MinecraftServerMixin from citadel.mixins.json into net.minecraft.server.MinecraftServer
[11Apr2025 23:18:35.268] [main/DEBUG] [mixin/]: Mixing MinecraftServerMixin from balm.mixins.json into net.minecraft.server.MinecraftServer
[11Apr2025 23:18:35.268] [main/DEBUG] [mixin/]: Renaming synthetic method lambda$reloadResources$0(Ljava/lang/Void;)V to md9818a3$lambda$reloadResources$0$0 in balm.mixins.json:MinecraftServerMixin
[11Apr2025 23:18:35.388] [main/DEBUG] [io.netty.util.internal.logging.InternalLoggerFactory/]: Using SLF4J as the default logging framework
[11Apr2025 23:18:35.391] [main/DEBUG] [io.netty.util.ResourceLeakDetector/]: -Dio.netty.leakDetection.level: simple
[11Apr2025 23:18:35.391] [main/DEBUG] [io.netty.util.ResourceLeakDetector/]: -Dio.netty.leakDetection.targetRecords: 4
[11Apr2025 23:18:35.402] [main/DEBUG] [mixin/]: Mixing MixinTranslatableText from forge-mca.mixin.json into net.minecraft.network.chat.contents.TranslatableContents
[11Apr2025 23:18:35.547] [main/DEBUG] [oshi.util.FileUtil/]: No oshi.properties file found from ClassLoader cpw.mods.modlauncher.TransformingClassLoader@3e39baf0
[11Apr2025 23:18:35.548] [main/DEBUG] [oshi.util.FileUtil/]: No oshi.properties file found from ClassLoader jdk.internal.loader.ClassLoaders$AppClassLoader@76ed5528
[11Apr2025 23:18:35.606] [main/DEBUG] [oshi.util.FileUtil/]: Reading file /proc/self/auxv
[11Apr2025 23:18:35.607] [main/DEBUG] [oshi.util.FileUtil/]: Reading file /proc/self/auxv
[11Apr2025 23:18:35.612] [main/DEBUG] [oshi.util.FileUtil/]: Reading file /proc/stat
[11Apr2025 23:18:35.618] [main/DEBUG] [oshi.util.FileUtil/]: Reading file /sys/devices/system/cpu/cpu0/topology/core_id
[11Apr2025 23:18:35.618] [main/DEBUG] [oshi.util.FileUtil/]: Reading file /sys/devices/system/cpu/cpu0/topology/core_id
[11Apr2025 23:18:35.619] [main/DEBUG] [oshi.util.FileUtil/]: Reading file /sys/devices/system/cpu/cpu0/topology/physical_package_id
[11Apr2025 23:18:35.619] [main/DEBUG] [oshi.util.FileUtil/]: Reading file /sys/devices/system/cpu/cpu0/topology/physical_package_id
[11Apr2025 23:18:35.619] [main/DEBUG] [oshi.util.FileUtil/]: Reading file /sys/devices/system/cpu/cpu0/cpu_capacity
[11Apr2025 23:18:35.621] [main/DEBUG] [oshi.util.FileUtil/]: Reading file /sys/devices/system/cpu/cpu1/topology/core_id
[11Apr2025 23:18:35.621] [main/DEBUG] [oshi.util.FileUtil/]: Reading file /sys/devices/system/cpu/cpu1/topology/core_id
[11Apr2025 23:18:35.621] [main/DEBUG] [oshi.util.FileUtil/]: Reading file /sys/devices/system/cpu/cpu1/topology/physical_package_id
[11Apr2025 23:18:35.621] [main/DEBUG] [oshi.util.FileUtil/]: Reading file /sys/devices/system/cpu/cpu1/topology/physical_package_id
[11Apr2025 23:18:35.621] [main/DEBUG] [oshi.util.FileUtil/]: Reading file /sys/devices/system/cpu/cpu1/cpu_capacity
[11Apr2025 23:18:35.622] [main/DEBUG] [oshi.util.FileUtil/]: Reading file /sys/devices/system/cpu/cpu2/topology/core_id
[11Apr2025 23:18:35.622] [main/DEBUG] [oshi.util.FileUtil/]: Reading file /sys/devices/system/cpu/cpu2/topology/core_id
[11Apr2025 23:18:35.622] [main/DEBUG] [oshi.util.FileUtil/]: Reading file /sys/devices/system/cpu/cpu2/topology/physical_package_id
[11Apr2025 23:18:35.622] [main/DEBUG] [oshi.util.FileUtil/]: Reading file /sys/devices/system/cpu/cpu2/topology/physical_package_id
[11Apr2025 23:18:35.622] [main/DEBUG] [oshi.util.FileUtil/]: Reading file /sys/devices/system/cpu/cpu2/cpu_capacity
[11Apr2025 23:18:35.624] [main/DEBUG] [oshi.util.FileUtil/]: Reading file /sys/devices/system/cpu/cpu3/topology/core_id
[11Apr2025 23:18:35.624] [main/DEBUG] [oshi.util.FileUtil/]: Reading file /sys/devices/system/cpu/cpu3/topology/core_id
[11Apr2025 23:18:35.624] [main/DEBUG] [oshi.util.FileUtil/]: Reading file /sys/devices/system/cpu/cpu3/topology/physical_package_id
[11Apr2025 23:18:35.624] [main/DEBUG] [oshi.util.FileUtil/]: Reading file /sys/devices/system/cpu/cpu3/topology/physical_package_id
[11Apr2025 23:18:35.624] [main/DEBUG] [oshi.util.FileUtil/]: Reading file /sys/devices/system/cpu/cpu3/cpu_capacity
[11Apr2025 23:18:35.626] [main/DEBUG] [oshi.util.FileUtil/]: Reading file /proc/cpuinfo
[11Apr2025 23:18:35.636] [main/DEBUG] [oshi.util.FileUtil/]: Reading file /proc/self/auxv
[11Apr2025 23:18:35.638] [main/DEBUG] [oshi.util.FileUtil/]: No oshi.architecture.properties file found from ClassLoader cpw.mods.modlauncher.TransformingClassLoader@3e39baf0
[11Apr2025 23:18:35.640] [main/DEBUG] [oshi.util.FileUtil/]: No oshi.architecture.properties file found from ClassLoader jdk.internal.loader.ClassLoaders$AppClassLoader@76ed5528
[11Apr2025 23:18:35.653] [main/DEBUG] [oshi.util.FileUtil/]: Reading file /proc/meminfo
[11Apr2025 23:18:35.653] [main/DEBUG] [oshi.util.FileUtil/]: Reading file /proc/meminfo
[11Apr2025 23:18:35.733] [main/DEBUG] [mixin/]: Mixing inject.MixinGameEvent from architectury-common.mixins.json into net.minecraft.world.level.gameevent.GameEvent
[11Apr2025 23:18:35.773] [main/DEBUG] [mixin/]: Mixing BlockMixin from apotheosis.mixins.json into net.minecraft.world.level.block.Block
[11Apr2025 23:18:35.784] [main/DEBUG] [mixin/]: Mixing inject.MixinBlock from architectury-common.mixins.json into net.minecraft.world.level.block.Block
[11Apr2025 23:18:35.811] [main/DEBUG] [mixin/]: Mixing fluidcollision.BlockStateBaseMixin from expandability-common.mixins.json into net.minecraft.world.level.block.state.BlockBehaviour$BlockStateBase
[11Apr2025 23:18:35.846] [main/DEBUG] [mixin/]: Mixing item.umbrella.EntityMixin from mixins.artifacts.common.json into net.minecraft.world.entity.Entity
[11Apr2025 23:18:35.848] [main/DEBUG] [mixin/]: Mixing item.wearable.aquadashers.EntityMixin from mixins.artifacts.common.json into net.minecraft.world.entity.Entity
[11Apr2025 23:18:35.875] [main/DEBUG] [mixin/]: Mixing accessors.entity.AccessorEntity from bookshelf.common.mixins.json into net.minecraft.world.entity.Entity
[11Apr2025 23:18:35.879] [main/DEBUG] [mixin/]: Mixing EntityMixin from balm.mixins.json into net.minecraft.world.entity.Entity
[11Apr2025 23:18:35.885] [main/DEBUG] [mixin/]: Mixing EntityMixin from lionfishapi.mixins.json into net.minecraft.world.entity.Entity
[11Apr2025 23:18:35.905] [main/DEBUG] [mixin/]: Mixing AccessorEntity from curios.mixins.json into net.minecraft.world.entity.Entity
[11Apr2025 23:18:35.906] [main/DEBUG] [mixin/]: Mixing EntityMixin from mixins.irons_spellbooks.json into net.minecraft.world.entity.Entity
[11Apr2025 23:18:35.925] [main/DEBUG] [mixin/]: Mixing EntityMixin from attributeslib.mixins.json into net.minecraft.world.entity.Entity
[11Apr2025 23:18:35.930] [main/DEBUG] [mixin/]: Mixing swimming.EntityMixin from expandability.mixins.json into net.minecraft.world.entity.Entity
[11Apr2025 23:18:35.935] [main/DEBUG] [mixin/]: Mixing swimming.EntityMixin from expandability-common.mixins.json into net.minecraft.world.entity.Entity
[11Apr2025 23:18:36.089] [main/DEBUG] [mixin/]: Mixing IForgeEntityMixin from attributeslib.mixins.json into net.minecraftforge.common.extensions.IForgeEntity
[11Apr2025 23:18:36.114] [main/DEBUG] [mixin/]: Mixing MixinLivingEntity from caelus.mixins.json into net.minecraft.world.entity.LivingEntity
[11Apr2025 23:18:36.116] [main/DEBUG] [mixin/]: Mixing LivingEntityMixin from citadel.mixins.json into net.minecraft.world.entity.LivingEntity
[11Apr2025 23:18:36.121] [main/DEBUG] [mixin/]: Mixing accessors.LivingEntityAccessor from mixins.artifacts.common.json into net.minecraft.world.entity.LivingEntity
[11Apr2025 23:18:36.122] [main/DEBUG] [mixin/]: Mixing item.hurtsound.LivingEntityMixin from mixins.artifacts.common.json into net.minecraft.world.entity.LivingEntity
[11Apr2025 23:18:36.129] [main/DEBUG] [mixin/]: Mixing item.wearable.chorustotem.LivingEntityMixin from mixins.artifacts.common.json into net.minecraft.world.entity.LivingEntity
[11Apr2025 23:18:36.148] [main/DEBUG] [mixin/]: Mixing item.wearable.snowshoes.LivingEntityMixin from mixins.artifacts.forge.json into net.minecraft.world.entity.LivingEntity
[11Apr2025 23:18:36.150] [main/DEBUG] [mixin/]: Mixing accessors.entity.AccessorLivingEntity from bookshelf.common.mixins.json into net.minecraft.world.entity.LivingEntity
[11Apr2025 23:18:36.151] [main/DEBUG] [mixin/]: Mixing patches.entity.MixinLivingEntity from bookshelf.common.mixins.json into net.minecraft.world.entity.LivingEntity
[11Apr2025 23:18:36.153] [main/DEBUG] [mixin/]: Mixing LivingEntityInvoker from apotheosis.mixins.json into net.minecraft.world.entity.LivingEntity
[11Apr2025 23:18:36.153] [main/DEBUG] [mixin/]: Mixing LivingEntityMixin from apotheosis.mixins.json into net.minecraft.world.entity.LivingEntity
[11Apr2025 23:18:36.157] [main/DEBUG] [mixin/]: Mixing MHFMixinLivingEntity from apotheosis.mixins.json into net.minecraft.world.entity.LivingEntity
[11Apr2025 23:18:36.159] [main/DEBUG] [mixin/]: Mixing MixinLivingEntity from immersive_armors.mixins.json into net.minecraft.world.entity.LivingEntity
[11Apr2025 23:18:36.165] [main/DEBUG] [mixin/]: Mixing LivingEntityMixin from cataclysm.mixins.json into net.minecraft.world.entity.LivingEntity
[11Apr2025 23:18:36.167] [main/DEBUG] [mixin/]: Mixing MixinLivingEntity from curios.mixins.json into net.minecraft.world.entity.LivingEntity
[11Apr2025 23:18:36.168] [main/DEBUG] [mixin/]: Mixing LivingEntityMixin from mixins.irons_spellbooks.json into net.minecraft.world.entity.LivingEntity
[11Apr2025 23:18:36.169] [main/DEBUG] [mixin/]: Renaming synthetic method lambda$static$1(Lnet/minecraft/world/entity/ai/attributes/Attribute;)Z to md9818a3$lambda$static$1$0 in mixins.irons_spellbooks.json:LivingEntityMixin
[11Apr2025 23:18:36.169] [main/DEBUG] [mixin/]: Renaming synthetic method lambda$static$0(Lnet/minecraft/world/entity/ai/attributes/Attribute;)Z to md9818a3$lambda$static$0$1 in mixins.irons_spellbooks.json:LivingEntityMixin
[11Apr2025 23:18:36.182] [main/DEBUG] [mixin/]: Mixing LivingEntityMixin from attributeslib.mixins.json into net.minecraft.world.entity.LivingEntity
[11Apr2025 23:18:36.186] [main/DEBUG] [mixin/]: Mixing swimming.LivingEntityMixin from expandability.mixins.json into net.minecraft.world.entity.LivingEntity
[11Apr2025 23:18:36.187] [main/DEBUG] [mixin/]: Mixing swimming.LivingEntityMixin from expandability-common.mixins.json into net.minecraft.world.entity.LivingEntity
[11Apr2025 23:18:36.307] [main/DEBUG] [mixin/]: Mixing LevelMixin from citadel.mixins.json into net.minecraft.world.level.Level
[11Apr2025 23:18:36.335] [main/DEBUG] [mixin/]: Mixing ServerLevelMixin from citadel.mixins.json into net.minecraft.server.level.ServerLevel
[11Apr2025 23:18:36.337] [main/DEBUG] [mixin/]: Mixing MixinServerWorld from forge-mca.mixin.json into net.minecraft.server.level.ServerLevel
[11Apr2025 23:18:36.364] [main/DEBUG] [mixin/]: Mixing ItemMixin from cataclysm.mixins.json into net.minecraft.world.entity.item.ItemEntity
[11Apr2025 23:18:36.373] [main/DEBUG] [mixin/]: Mixing PlayerMixin from mixins.irons_spellbooks.json into net.minecraft.world.entity.player.Player
[11Apr2025 23:18:36.374] [main/DEBUG] [mixin/]: Mixing PlayerMixin from attributeslib.mixins.json into net.minecraft.world.entity.player.Player
[11Apr2025 23:18:36.376] [main/DEBUG] [mixin/]: Mixing MixinPlayerEntity from forge-mca.mixin.json into net.minecraft.world.entity.player.Player
[11Apr2025 23:18:36.378] [main/DEBUG] [mixin/]: Mixing swimming.PlayerMixin from expandability-common.mixins.json into net.minecraft.world.entity.player.Player
[11Apr2025 23:18:36.414] [main/DEBUG] [mixin/]: Mixing inject.MixinFluid from architectury-common.mixins.json into net.minecraft.world.level.material.Fluid
[11Apr2025 23:18:36.418] [main/DEBUG] [mixin/]: Mixing accessors.item.AccessorItem from bookshelf.common.mixins.json into net.minecraft.world.item.Item
[11Apr2025 23:18:36.418] [main/DEBUG] [mixin/]: Mixing ItemMixin from apotheosis.mixins.json into net.minecraft.world.item.Item
[11Apr2025 23:18:36.420] [main/DEBUG] [mixin/]: Mixing ItemMixin from mixins.irons_spellbooks.json into net.minecraft.world.item.Item
[11Apr2025 23:18:36.422] [main/DEBUG] [mixin/]: Mixing inject.MixinItem from architectury-common.mixins.json into net.minecraft.world.item.Item
[11Apr2025 23:18:36.430] [main/DEBUG] [mixin/]: Mixing IForgeItemMixin from attributeslib.mixins.json into net.minecraftforge.common.extensions.IForgeItem
[11Apr2025 23:18:36.437] [main/DEBUG] [net.minecraftforge.coremod.transformer.CoreModBaseTransformer/COREMOD]: Transforming net/minecraft/world/entity/EntityType
[11Apr2025 23:18:36.481] [main/DEBUG] [mixin/]: Mixing inject.MixinEntityType from architectury-common.mixins.json into net.minecraft.world.entity.EntityType
[11Apr2025 23:18:36.485] [main/DEBUG] [mixin/]: Mixing MixinEntityType from forge-mca.mixin.json into net.minecraft.world.entity.EntityType
[11Apr2025 23:18:36.498] [main/DEBUG] [mixin/]: Mixing MobEffectMixin from mixins.irons_spellbooks.json into net.minecraft.world.effect.MobEffect
[11Apr2025 23:18:36.504] [main/DEBUG] [mixin/]: Mixing EnchantmentMixin from apotheosis.mixins.json into net.minecraft.world.item.enchantment.Enchantment
[11Apr2025 23:18:36.504] [main/DEBUG] [mixin/]: Renaming synthetic method lambda$apoth_modifyEnchColorForAboveMaxLevel$0(Lnet/minecraft/network/chat/Style;)Lnet/minecraft/network/chat/Style; to md9818a3$lambda$apoth_modifyEnchColorForAboveMaxLevel$0$0 in apotheosis.mixins.json:EnchantmentMixin
[11Apr2025 23:18:36.519] [main/DEBUG] [mixin/]: Mixing AttributeMixin from attributeslib.mixins.json into net.minecraft.world.entity.ai.attributes.Attribute
[11Apr2025 23:18:36.529] [main/DEBUG] [mixin/]: Mixing MixinVillagerProfession from forge-mca.mixin.json into net.minecraft.world.entity.npc.VillagerProfession
[11Apr2025 23:18:36.530] [main/DEBUG] [mixin/]: Renaming @Invoker method init(Ljava/lang/String;Ljava/util/function/Predicate;Ljava/util/function/Predicate;Lcom/google/common/collect/ImmutableSet;Lcom/google/common/collect/ImmutableSet;Lnet/minecraft/sounds/SoundEvent;)Lnet/minecraft/world/entity/npc/VillagerProfession; to init_$md$9818a3$0 in forge-mca.mixin.json:MixinVillagerProfession
[11Apr2025 23:18:36.534] [main/DEBUG] [mixin/]: Mixing MixinMemoryModuleType from forge-mca.mixin.json into net.minecraft.world.entity.ai.memory.MemoryModuleType
[11Apr2025 23:18:36.534] [main/DEBUG] [mixin/]: Renaming @Invoker method init(Ljava/util/Optional;)Lnet/minecraft/world/entity/ai/memory/MemoryModuleType; to init_$md$9818a3$0 in forge-mca.mixin.json:MixinMemoryModuleType
[11Apr2025 23:18:36.536] [main/DEBUG] [mixin/]: Mixing MixinSensorType from forge-mca.mixin.json into net.minecraft.world.entity.ai.sensing.SensorType
[11Apr2025 23:18:36.536] [main/DEBUG] [mixin/]: Renaming @Invoker method init(Ljava/util/function/Supplier;)Lnet/minecraft/world/entity/ai/sensing/SensorType; to init_$md$9818a3$0 in forge-mca.mixin.json:MixinSensorType
[11Apr2025 23:18:36.539] [main/DEBUG] [mixin/]: Mixing MixinActivity from forge-mca.mixin.json into net.minecraft.world.entity.schedule.Activity
[11Apr2025 23:18:36.539] [main/DEBUG] [mixin/]: Renaming @Invoker method init(Ljava/lang/String;)Lnet/minecraft/world/entity/schedule/Activity; to init_$md$9818a3$0 in forge-mca.mixin.json:MixinActivity
[11Apr2025 23:18:36.567] [main/DEBUG] [net.minecraftforge.coremod.transformer.CoreModBaseTransformer/COREMOD]: Transforming net/minecraft/world/item/CreativeModeTabs
[11Apr2025 23:18:36.633] [main/INFO] [net.minecraftforge.coremod.CoreMod.apotheosis/COREMODLOG]: Replaced 2 calls to Enchantment#getMaxLevel() in net/minecraft/world/item/CreativeModeTabs
[11Apr2025 23:18:36.771] [main/DEBUG] [net.minecraftforge.coremod.transformer.CoreModBaseTransformer/COREMOD]: Transforming net/minecraft/world/level/block/LiquidBlock
[11Apr2025 23:18:36.772] [main/DEBUG] [mixin/]: Mixing inject.MixinLiquidBlock from architectury-common.mixins.json into net.minecraft.world.level.block.LiquidBlock
[11Apr2025 23:18:36.801] [main/DEBUG] [net.minecraftforge.coremod.transformer.CoreModBaseTransformer/COREMOD]: Transforming net/minecraft/world/level/block/StairBlock
[11Apr2025 23:18:36.812] [main/DEBUG] [mixin/]: Mixing CropBlockMixin from balm.mixins.json into net.minecraft.world.level.block.CropBlock
[11Apr2025 23:18:36.851] [main/DEBUG] [mixin/]: Mixing StemBlockMixin from balm.mixins.json into net.minecraft.world.level.block.StemBlock
[11Apr2025 23:18:36.872] [main/DEBUG] [net.minecraftforge.coremod.transformer.CoreModBaseTransformer/COREMOD]: Transforming net/minecraft/world/level/block/FlowerPotBlock
[11Apr2025 23:18:36.883] [main/DEBUG] [mixin/]: Mixing AnvilBlockMixin from placebo.mixins.json into net.minecraft.world.level.block.AnvilBlock
[11Apr2025 23:18:36.917] [main/DEBUG] [mixin/]: Mixing reinforced.BubbleColumnBlockMixin from securitycraft.mixins.json into net.minecraft.world.level.block.BubbleColumnBlock
[11Apr2025 23:18:36.938] [main/DEBUG] [mixin/]: Mixing swimming.BubbleColumnBlockMixin from expandability-common.mixins.json into net.minecraft.world.level.block.BubbleColumnBlock
[11Apr2025 23:18:36.978] [main/DEBUG] [mixin/]: Mixing CandleBlockMixin from apotheosis.mixins.json into net.minecraft.world.level.block.CandleBlock
[11Apr2025 23:18:36.988] [main/DEBUG] [mixin/]: Mixing MixinPowderSnowBlock from curios.mixins.json into net.minecraft.world.level.block.PowderSnowBlock
[11Apr2025 23:18:37.101] [main/DEBUG] [mixin/]: Mixing FallingBlockEntityMixin from apotheosis.mixins.json into net.minecraft.world.entity.item.FallingBlockEntity
[11Apr2025 23:18:37.103] [main/DEBUG] [mixin/]: Mixing MixinFallingBlockEntity from architectury.mixins.json into net.minecraft.world.entity.item.FallingBlockEntity
[11Apr2025 23:18:37.163] [main/DEBUG] [mixin/]: Mixing patches.block.entity.MixinBaseContainerBlockEntity from bookshelf.forge.mixins.json into net.minecraft.world.level.block.entity.BaseContainerBlockEntity
[11Apr2025 23:18:37.329] [main/DEBUG] [mixin/]: Mixing camera.ServerPlayerMixin from securitycraft.mixins.json into net.minecraft.server.level.ServerPlayer
[11Apr2025 23:18:37.340] [main/DEBUG] [mixin/]: Mixing AttributesMixin from mixins.irons_spellbooks.json into net.minecraft.world.entity.ai.attributes.Attributes
[11Apr2025 23:18:37.407] [main/DEBUG] [mixin/]: Mixing MixinDefaultParticleType from forge-mca.mixin.json into net.minecraft.core.particles.SimpleParticleType
[11Apr2025 23:18:37.408] [main/DEBUG] [mixin/]: Renaming @Invoker method init(Z)Lnet/minecraft/core/particles/SimpleParticleType; to init_$md$9818a3$0 in forge-mca.mixin.json:MixinDefaultParticleType
[11Apr2025 23:18:37.574] [main/DEBUG] [mixin/]: Mixing AbstractContainerMenuInvoker from placebo.mixins.json into net.minecraft.world.inventory.AbstractContainerMenu
[11Apr2025 23:18:37.579] [main/DEBUG] [mixin/]: Mixing accessors.inventory.AccessorCraftingMenu from bookshelf.common.mixins.json into net.minecraft.world.inventory.CraftingMenu
[11Apr2025 23:18:37.580] [main/DEBUG] [mixin/]: Mixing ContainerMenuMixin from mixins.deeperdarker.json into net.minecraft.world.inventory.CraftingMenu
[11Apr2025 23:18:37.590] [main/DEBUG] [mixin/]: Mixing MixinAbstractFurnaceBlockEntity from forge-mca.mixin.json into net.minecraft.world.level.block.entity.AbstractFurnaceBlockEntity
[11Apr2025 23:18:37.592] [main/DEBUG] [mixin/]: Renaming synthetic method lambda$onDropExperience$0(Lnet/minecraft/server/level/ServerPlayer;Lnet/minecraft/resources/ResourceLocation;Ljava/lang/Integer;)V to md9818a3$lambda$onDropExperience$0$0 in forge-mca.mixin.json:MixinAbstractFurnaceBlockEntity
[11Apr2025 23:18:37.605] [main/DEBUG] [mixin/]: Mixing accessors.block.entity.AccessorSignBlockEntity from bookshelf.common.mixins.json into net.minecraft.world.level.block.entity.SignBlockEntity
[11Apr2025 23:18:37.775] [main/DEBUG] [mixin/]: Mixing accessors.MobAccessor from mixins.artifacts.common.json into net.minecraft.world.entity.Mob
[11Apr2025 23:18:37.775] [main/DEBUG] [mixin/]: Mixing accessors.entity.AccessorMob from bookshelf.common.mixins.json into net.minecraft.world.entity.Mob
[11Apr2025 23:18:37.776] [main/DEBUG] [mixin/]: Mixing MobEntityMixin from immersive_armors.mixins.json into net.minecraft.world.entity.Mob
[11Apr2025 23:18:37.855] [main/DEBUG] [mixin/]: Mixing ContainerMenuMixin from mixins.deeperdarker.json into net.minecraft.world.inventory.EnchantmentMenu
[11Apr2025 23:18:37.869] [main/DEBUG] [net.minecraftforge.coremod.transformer.CoreModBaseTransformer/COREMOD]: Transforming net/minecraft/world/item/ItemStack
[11Apr2025 23:18:37.870] [main/DEBUG] [mixin/]: Mixing ItemStackMixin from apotheosis.mixins.json into net.minecraft.world.item.ItemStack
[11Apr2025 23:18:37.870] [main/DEBUG] [mixin/]: Renaming synthetic method lambda$swapDura$2(DD)D to md9818a3$lambda$swapDura$2$0 in apotheosis.mixins.json:ItemStackMixin
[11Apr2025 23:18:37.870] [main/DEBUG] [mixin/]: Renaming synthetic method lambda$swapDura$1(Lnet/minecraft/server/level/ServerPlayer;Ldev/shadowsoffire/apotheosis/adventure/affix/AffixInstance;)D to md9818a3$lambda$swapDura$1$1 in apotheosis.mixins.json:ItemStackMixin
[11Apr2025 23:18:37.871] [main/DEBUG] [mixin/]: Renaming synthetic method lambda$apoth_affixItemName$0(Ldev/shadowsoffire/placebo/reload/DynamicHolder;Lnet/minecraft/network/chat/Style;)Lnet/minecraft/network/chat/Style; to md9818a3$lambda$apoth_affixItemName$0$2 in apotheosis.mixins.json:ItemStackMixin
[11Apr2025 23:18:37.887] [main/DEBUG] [mixin/]: Mixing ItemStackMixin from placebo.mixins.json into net.minecraft.world.item.ItemStack
[11Apr2025 23:18:37.887] [main/DEBUG] [mixin/]: Renaming synthetic method lambda$getOrCreate$0(Ljava/util/function/Function;Ljava/util/function/ToIntFunction;Lnet/minecraft/resources/ResourceLocation;)Ldev/shadowsoffire/placebo/util/CachedObject; to md9818a3$lambda$getOrCreate$0$3 in placebo.mixins.json:ItemStackMixin
[11Apr2025 23:18:37.894] [main/DEBUG] [mixin/]: Mixing ItemStackMixin from mixins.irons_spellbooks.json into net.minecraft.world.item.ItemStack
[11Apr2025 23:18:37.895] [main/DEBUG] [mixin/]: Mixing ItemStackMixin from attributeslib.mixins.json into net.minecraft.world.item.ItemStack
[11Apr2025 23:18:37.895] [main/DEBUG] [mixin/]: Mixing ItemStackMixin from mixins.deeperdarker.json into net.minecraft.world.item.ItemStack
[11Apr2025 23:18:37.918] [main/DEBUG] [net.minecraftforge.coremod.transformer.CoreModBaseTransformer/COREMOD]: Transforming getEnchantmentLevel with desc (Lnet/minecraft/world/item/enchantment/Enchantment;)I
[11Apr2025 23:18:37.918] [main/INFO] [net.minecraftforge.coremod.CoreMod.placebo/COREMODLOG]: Patching IForgeItemStack#getEnchantmentLevel
[11Apr2025 23:18:37.919] [main/DEBUG] [net.minecraftforge.coremod.transformer.CoreModBaseTransformer/COREMOD]: Transforming getAllEnchantments with desc ()Ljava/util/Map;
[11Apr2025 23:18:37.919] [main/INFO] [net.minecraftforge.coremod.CoreMod.placebo/COREMODLOG]: Patching IForgeItemStack#getEnchantmentLevel
[11Apr2025 23:18:37.919] [main/DEBUG] [mixin/]: Mixing IForgeItemStackMixin from apotheosis.mixins.json into net.minecraftforge.common.extensions.IForgeItemStack
[11Apr2025 23:18:37.930] [main/DEBUG] [mixin/]: Mixing ContainerMenuMixin from mixins.deeperdarker.json into net.minecraft.world.inventory.ChestMenu
[11Apr2025 23:18:37.991] [main/DEBUG] [net.minecraftforge.coremod.transformer.CoreModBaseTransformer/COREMOD]: Transforming net/minecraft/world/inventory/AnvilMenu
[11Apr2025 23:18:38.013] [main/INFO] [net.minecraftforge.coremod.CoreMod.apotheosis/COREMODLOG]: Replaced 2 calls to Enchantment#getMaxLevel() in net/minecraft/world/inventory/AnvilMenu
[11Apr2025 23:18:38.013] [main/DEBUG] [mixin/]: Mixing AnvilMenuMixin from apotheosis.mixins.json into net.minecraft.world.inventory.AnvilMenu
[11Apr2025 23:18:38.017] [main/DEBUG] [mixin/]: Mixing ContainerMenuMixin from mixins.deeperdarker.json into net.minecraft.world.inventory.ItemCombinerMenu
[11Apr2025 23:18:38.290] [main/DEBUG] [mixin/]: Mixing ContainerMenuMixin from mixins.deeperdarker.json into net.minecraft.world.inventory.LoomMenu
[11Apr2025 23:18:38.298] [main/DEBUG] [mixin/]: Mixing ContainerMenuMixin from mixins.deeperdarker.json into net.minecraft.world.inventory.CartographyTableMenu
[11Apr2025 23:18:38.303] [main/DEBUG] [mixin/]: Mixing ContainerMenuMixin from mixins.deeperdarker.json into net.minecraft.world.inventory.GrindstoneMenu
[11Apr2025 23:18:38.311] [main/DEBUG] [mixin/]: Mixing SmithingMenuMixin from citadel.mixins.json into net.minecraft.world.inventory.SmithingMenu
[11Apr2025 23:18:38.312] [main/DEBUG] [mixin/]: Mixing SmithingMenuMixin from apotheosis.mixins.json into net.minecraft.world.inventory.SmithingMenu
[11Apr2025 23:18:38.319] [main/DEBUG] [mixin/]: Mixing ContainerMenuMixin from mixins.deeperdarker.json into net.minecraft.world.inventory.StonecutterMenu
[11Apr2025 23:18:38.482] [main/DEBUG] [mixin/]: Mixing patches.entity.MixinLightningBolt from bookshelf.common.mixins.json into net.minecraft.world.entity.LightningBolt
[11Apr2025 23:18:38.484] [main/DEBUG] [mixin/]: Mixing MixinLightningBolt from architectury-common.mixins.json into net.minecraft.world.entity.LightningBolt
[11Apr2025 23:18:38.572] [main/DEBUG] [net.minecraftforge.coremod.transformer.CoreModBaseTransformer/COREMOD]: Transforming net/minecraft/world/entity/animal/frog/Tadpole
[11Apr2025 23:18:38.605] [main/DEBUG] [mixin/]: Mixing boat.BoatItemMixin from securitycraft.mixins.json into net.minecraft.world.item.BoatItem
[11Apr2025 23:18:38.611] [main/DEBUG] [mixin/]: Mixing MixinFlintAndSteelItem from forge-mca.mixin.json into net.minecraft.world.item.FlintAndSteelItem
[11Apr2025 23:18:38.611] [main/DEBUG] [mixin/]: Renaming synthetic method lambda$mca$onUseOnBlock$0(Lnet/minecraft/server/level/ServerLevel;Lnet/minecraft/world/item/context/UseOnContext;)V to md9818a3$lambda$mca$onUseOnBlock$0$0 in forge-mca.mixin.json:MixinFlintAndSteelItem
[11Apr2025 23:18:38.616] [main/DEBUG] [mixin/]: Mixing ArrowItemMixin from apotheosis.mixins.json into net.minecraft.world.item.ArrowItem
[11Apr2025 23:18:38.624] [main/DEBUG] [mixin/]: Mixing HangingEntityItemMixin from mixins.deeperdarker.json into net.minecraft.world.item.HangingEntityItem
[11Apr2025 23:18:38.632] [main/DEBUG] [net.minecraftforge.coremod.transformer.CoreModBaseTransformer/COREMOD]: Transforming net/minecraft/world/item/BucketItem
[11Apr2025 23:18:38.633] [main/DEBUG] [mixin/]: Mixing inject.MixinBucketItem from architectury-common.mixins.json into net.minecraft.world.item.BucketItem
[11Apr2025 23:18:38.636] [main/DEBUG] [mixin/]: Mixing MixinMilkBucketItem from forge-mca.mixin.json into net.minecraft.world.item.MilkBucketItem
[11Apr2025 23:18:38.645] [main/DEBUG] [mixin/]: Mixing item.wearable.anglershat.FishingRodItemMixin from mixins.artifacts.common.json into net.minecraft.world.item.FishingRodItem
[11Apr2025 23:18:38.653] [main/DEBUG] [mixin/]: Mixing ShearsItemMixin from apotheosis.mixins.json into net.minecraft.world.item.ShearsItem
[11Apr2025 23:18:38.662] [main/DEBUG] [mixin/]: Mixing MixinShearsItem from curios.mixins.json into net.minecraft.world.item.ShearsItem
[11Apr2025 23:18:38.670] [main/DEBUG] [mixin/]: Mixing reinforced.WritableAndWrittenBookItemMixin from securitycraft.mixins.json into net.minecraft.world.item.WritableBookItem
[11Apr2025 23:18:38.675] [main/DEBUG] [mixin/]: Mixing reinforced.WritableAndWrittenBookItemMixin from securitycraft.mixins.json into net.minecraft.world.item.WrittenBookItem
[11Apr2025 23:18:38.681] [main/DEBUG] [net.minecraftforge.coremod.transformer.CoreModBaseTransformer/COREMOD]: Transforming net/minecraft/world/item/EnchantedBookItem
[11Apr2025 23:18:38.697] [main/DEBUG] [mixin/]: Mixing TridentItemMixin from apotheosis.mixins.json into net.minecraft.world.item.TridentItem
[11Apr2025 23:18:38.697] [main/DEBUG] [mixin/]: Mixing TridentItemMixin from mixins.irons_spellbooks.json into net.minecraft.world.item.TridentItem
[11Apr2025 23:18:38.702] [main/DEBUG] [mixin/]: Mixing CrossbowItemMixin from apotheosis.mixins.json into net.minecraft.world.item.CrossbowItem
[11Apr2025 23:18:38.711] [main/DEBUG] [mixin/]: Mixing suspiciousmines.BrushItemMixin from securitycraft.mixins.json into net.minecraft.world.item.BrushItem
[11Apr2025 23:18:38.711] [main/DEBUG] [mixin/]: Renaming synthetic method lambda$securitycraft$checkForSuspiciousMine$1(Lnet/minecraft/world/entity/player/Player;)V to md9818a3$lambda$securitycraft$checkForSuspiciousMine$1$0 in securitycraft.mixins.json:suspiciousmines.BrushItemMixin
[11Apr2025 23:18:38.711] [main/DEBUG] [mixin/]: Renaming synthetic method lambda$securitycraft$makeSuspiciousMinesBrushablePartTwo$0(Lnet/minecraft/world/entity/Entity;)Z to md9818a3$lambda$securitycraft$makeSuspiciousMinesBrushablePartTwo$0$1 in securitycraft.mixins.json:suspiciousmines.BrushItemMixin
[11Apr2025 23:18:38.726] [main/DEBUG] [mixin/]: Mixing inject.MixinItemProperties from architectury-common.mixins.json into net.minecraft.world.item.Item$Properties
[11Apr2025 23:18:39.407] [main/DEBUG] [mixin/]: Mixing TemptGoalMixin from apotheosis.mixins.json into net.minecraft.world.entity.ai.goal.TemptGoal
[11Apr2025 23:18:39.414] [main/DEBUG] [mixin/]: Mixing MixinFollowTargetGoal from immersive_armors.mixins.json into net.minecraft.world.entity.ai.goal.target.NearestAttackableTargetGoal
[11Apr2025 23:18:39.416] [main/DEBUG] [mixin/]: Mixing NearestAttackableTargetGoalMixin from attributeslib.mixins.json into net.minecraft.world.entity.ai.goal.target.NearestAttackableTargetGoal
[11Apr2025 23:18:39.429] [main/DEBUG] [mixin/]: Mixing boat.BoatMixin from securitycraft.mixins.json into net.minecraft.world.entity.vehicle.Boat
[11Apr2025 23:18:39.438] [main/DEBUG] [mixin/]: Mixing MixinHorseBaseEntity from forge-mca.mixin.json into net.minecraft.world.entity.animal.horse.AbstractHorse
[11Apr2025 23:18:39.476] [main/DEBUG] [net.minecraftforge.coremod.transformer.CoreModBaseTransformer/COREMOD]: Transforming net/minecraft/world/entity/monster/Spider
[11Apr2025 23:18:39.514] [main/DEBUG] [mixin/]: Mixing CreeperMixin from mixins.irons_spellbooks.json into net.minecraft.world.entity.monster.Creeper
[11Apr2025 23:18:39.533] [main/DEBUG] [net.minecraftforge.coremod.transformer.CoreModBaseTransformer/COREMOD]: Transforming net/minecraft/world/entity/monster/Zombie
[11Apr2025 23:18:39.595] [main/DEBUG] [mixin/]: Mixing MixinZombieEntity from forge-mca.mixin.json into net.minecraft.world.entity.monster.Zombie
[11Apr2025 23:18:39.601] [main/DEBUG] [net.minecraftforge.coremod.transformer.CoreModBaseTransformer/COREMOD]: Transforming net/minecraft/world/entity/monster/ZombieVillager
[11Apr2025 23:18:39.647] [main/DEBUG] [mixin/]: Mixing MixinZombieVillagerEntity from forge-mca.mixin.json into net.minecraft.world.entity.monster.ZombieVillager
[11Apr2025 23:18:39.661] [main/DEBUG] [mixin/]: Mixing ThrownTridentMixin from apotheosis.mixins.json into net.minecraft.world.entity.projectile.ThrownTrident
[11Apr2025 23:18:39.671] [main/DEBUG] [mixin/]: Mixing ThrownTridentMixin from attributeslib.mixins.json into net.minecraft.world.entity.projectile.ThrownTrident
[11Apr2025 23:18:39.709] [main/DEBUG] [net.minecraftforge.coremod.transformer.CoreModBaseTransformer/COREMOD]: Transforming net/minecraft/world/entity/monster/Evoker$EvokerSummonSpellGoal
[11Apr2025 23:18:39.755] [main/DEBUG] [mixin/]: Mixing MixinGoatEntity from forge-mca.mixin.json into net.minecraft.world.entity.animal.goat.Goat
[11Apr2025 23:18:39.755] [main/DEBUG] [mixin/]: Renaming synthetic method lambda$getMilkingSound$1(Lnet/minecraft/server/level/ServerPlayer;)V to md9818a3$lambda$getMilkingSound$1$0 in forge-mca.mixin.json:MixinGoatEntity
[11Apr2025 23:18:39.756] [main/DEBUG] [mixin/]: Renaming synthetic method lambda$getMilkingSound$0(Lnet/minecraft/server/level/ServerPlayer;)Z to md9818a3$lambda$getMilkingSound$0$1 in forge-mca.mixin.json:MixinGoatEntity
[11Apr2025 23:18:39.757] [main/DEBUG] [net.minecraftforge.coremod.transformer.CoreModBaseTransformer/COREMOD]: Transforming net/minecraft/world/level/biome/Biome
[11Apr2025 23:18:39.783] [main/DEBUG] [mixin/]: Mixing ContainerMenuMixin from mixins.deeperdarker.json into net.minecraft.world.inventory.HopperMenu
[11Apr2025 23:18:39.805] [main/DEBUG] [mixin/]: Mixing SlimeMixin from apotheosis.mixins.json into net.minecraft.world.entity.monster.Slime
[11Apr2025 23:18:39.817] [main/DEBUG] [mixin/]: Mixing PaintingMixin from mixins.deeperdarker.json into net.minecraft.world.entity.decoration.Painting
[11Apr2025 23:18:39.832] [main/DEBUG] [mixin/]: Mixing PhantomMixin from mixins.deeperdarker.json into net.minecraft.world.entity.monster.Phantom
[11Apr2025 23:18:39.859] [main/DEBUG] [mixin/]: Mixing SheepMixin from apotheosis.mixins.json into net.minecraft.world.entity.animal.Sheep
[11Apr2025 23:18:39.873] [main/DEBUG] [net.minecraftforge.coremod.transformer.CoreModBaseTransformer/COREMOD]: Transforming net/minecraft/world/entity/animal/horse/SkeletonTrapGoal
[11Apr2025 23:18:39.893] [main/DEBUG] [net.minecraftforge.coremod.transformer.CoreModBaseTransformer/COREMOD]: Transforming net/minecraft/world/entity/monster/Strider
[11Apr2025 23:18:39.974] [main/DEBUG] [mixin/]: Mixing WardenMixin from mixins.deeperdarker.json into net.minecraft.world.entity.monster.warden.Warden
[11Apr2025 23:18:40.012] [main/DEBUG] [net.minecraftforge.coremod.transformer.CoreModBaseTransformer/COREMOD]: Transforming net/minecraft/world/entity/npc/Villager
[11Apr2025 23:18:40.076] [main/DEBUG] [mixin/]: Mixing item.wearable.villagerhat.VillagerMixin from mixins.artifacts.common.json into net.minecraft.world.entity.npc.Villager
[11Apr2025 23:18:40.078] [main/DEBUG] [mixin/]: Mixing MixinVillagerEntity from forge-mca.mixin.json into net.minecraft.world.entity.npc.Villager
[11Apr2025 23:18:40.078] [main/DEBUG] [mixin/]: Mixing MixinVillagerEntityInvoker from forge-mca.mixin.json into net.minecraft.world.entity.npc.Villager
[11Apr2025 23:18:40.120] [main/DEBUG] [net.minecraftforge.coremod.transformer.CoreModBaseTransformer/COREMOD]: Transforming m_37145_ with desc (Lnet/minecraft/core/BlockPos;)V
[11Apr2025 23:18:40.128] [main/INFO] [net.minecraftforge.coremod.CoreMod.apotheosis/COREMODLOG]: Patching FishingHook#catchingFish
[11Apr2025 23:18:40.144] [main/DEBUG] [mixin/]: Mixing inject.MixinFoodPropertiesBuilder from architectury-common.mixins.json into net.minecraft.world.food.FoodProperties$Builder
[11Apr2025 23:18:40.147] [main/DEBUG] [net.minecraftforge.coremod.transformer.CoreModBaseTransformer/COREMOD]: Transforming net/minecraft/world/effect/MobEffectInstance
[11Apr2025 23:18:40.147] [main/DEBUG] [mixin/]: Mixing accessors.effect.AccessorMobEffectInstance from bookshelf.common.mixins.json into net.minecraft.world.effect.MobEffectInstance
[11Apr2025 23:18:40.175] [main/DEBUG] [mixin/]: Mixing item.umbrella.server.ServerGamePacketListenerImplMixin from mixins.artifacts.common.json into net.minecraft.server.network.ServerGamePacketListenerImpl
[11Apr2025 23:18:40.176] [main/DEBUG] [mixin/]: Mixing MixinServerPlayNetworkHandler from forge-mca.mixin.json into net.minecraft.server.network.ServerGamePacketListenerImpl
[11Apr2025 23:18:40.176] [main/DEBUG] [mixin/]: Renaming synthetic method lambda$mca$runAsyncAnswerRequest$2(Lnet/minecraft/server/level/ServerPlayer;Lforge/net/mca/entity/VillagerEntityMCA;Ljava/lang/String;)V to md9818a3$lambda$mca$runAsyncAnswerRequest$2$0 in forge-mca.mixin.json:MixinServerPlayNetworkHandler
[11Apr2025 23:18:40.176] [main/DEBUG] [mixin/]: Renaming synthetic method lambda$mca$runAsyncAnswerRequest$1(Lforge/net/mca/entity/VillagerEntityMCA;Lnet/minecraft/server/level/ServerPlayer;Ljava/lang/String;)V to md9818a3$lambda$mca$runAsyncAnswerRequest$1$1 in forge-mca.mixin.json:MixinServerPlayNetworkHandler
[11Apr2025 23:18:40.176] [main/DEBUG] [mixin/]: Renaming synthetic method lambda$sendMessage$0(Ljava/lang/String;Lforge/net/mca/entity/VillagerEntityMCA;)V to md9818a3$lambda$sendMessage$0$2 in forge-mca.mixin.json:MixinServerPlayNetworkHandler
[11Apr2025 23:18:40.180] [main/DEBUG] [mixin/]: Mixing swimming.server.ServerGamePacketListenerImplMixin from expandability-common.mixins.json into net.minecraft.server.network.ServerGamePacketListenerImpl
[11Apr2025 23:18:40.241] [main/DEBUG] [mixin/]: Mixing ContainerMenuMixin from mixins.deeperdarker.json into net.minecraft.world.inventory.AbstractFurnaceMenu
[11Apr2025 23:18:40.251] [main/DEBUG] [mixin/]: Mixing ContainerMenuMixin from mixins.deeperdarker.json into net.minecraft.world.inventory.DispenserMenu
[11Apr2025 23:18:40.258] [main/DEBUG] [mixin/]: Mixing ContainerMenuMixin from mixins.deeperdarker.json into net.minecraft.world.inventory.BrewingStandMenu
[11Apr2025 23:18:40.259] [main/DEBUG] [mixin/]: Mixing potion.BrewingStandMenuMixin from securitycraft.mixins.json into net.minecraft.world.inventory.BrewingStandMenu
[11Apr2025 23:18:40.264] [main/DEBUG] [mixin/]: Mixing ContainerMenuMixin from mixins.deeperdarker.json into net.minecraft.world.inventory.BeaconMenu
[11Apr2025 23:18:40.271] [main/DEBUG] [mixin/]: Mixing StructureProcessorAccessor from cataclysm.mixins.json into net.minecraft.world.level.levelgen.structure.templatesystem.StructureProcessor
[11Apr2025 23:18:40.274] [main/DEBUG] [mixin/]: Mixing ContainerMenuMixin from mixins.deeperdarker.json into net.minecraft.world.inventory.ShulkerBoxMenu
[11Apr2025 23:18:40.302] [main/DEBUG] [mixin/]: Mixing ChunkGeneratorMixin from citadel.mixins.json into net.minecraft.world.level.chunk.ChunkGenerator
[11Apr2025 23:18:40.330] [main/DEBUG] [mixin/]: Mixing MixinInventory from curios.mixins.json into net.minecraft.world.entity.player.Inventory
[11Apr2025 23:18:40.331] [main/DEBUG] [mixin/]: Mixing MixinPlayerInventory from forge-mca.mixin.json into net.minecraft.world.entity.player.Inventory
[11Apr2025 23:18:40.339] [main/DEBUG] [mixin/]: Mixing SlotAccessor from balm.mixins.json into net.minecraft.world.inventory.Slot
[11Apr2025 23:18:40.361] [main/DEBUG] [mixin/]: Mixing accessors.item.crafting.AccessorShapedRecipe from bookshelf.common.mixins.json into net.minecraft.world.item.crafting.ShapedRecipe
[11Apr2025 23:18:40.362] [main/DEBUG] [mixin/]: Renaming @Invoker method bookshelf$keyFromJson(Lcom/google/gson/JsonObject;)Ljava/util/Map; to bookshelf$keyFromJson_$md$9818a3$0 in bookshelf.common.mixins.json:accessors.item.crafting.AccessorShapedRecipe
[11Apr2025 23:18:40.362] [main/DEBUG] [mixin/]: Renaming @Invoker method bookshelf$shrink([Ljava/lang/String;)[Ljava/lang/String; to bookshelf$shrink_$md$9818a3$1 in bookshelf.common.mixins.json:accessors.item.crafting.AccessorShapedRecipe
[11Apr2025 23:18:40.362] [main/DEBUG] [mixin/]: Renaming @Invoker method bookshelf$patternFromJson(Lcom/google/gson/JsonArray;)[Ljava/lang/String; to bookshelf$patternFromJson_$md$9818a3$2 in bookshelf.common.mixins.json:accessors.item.crafting.AccessorShapedRecipe
[11Apr2025 23:18:40.362] [main/DEBUG] [mixin/]: Renaming @Invoker method bookshelf$dissolvePattern([Ljava/lang/String;Ljava/util/Map;II)Lnet/minecraft/core/NonNullList; to bookshelf$dissolvePattern_$md$9818a3$3 in bookshelf.common.mixins.json:accessors.item.crafting.AccessorShapedRecipe
[11Apr2025 23:18:40.454] [main/DEBUG] [net.minecraftforge.coremod.transformer.CoreModBaseTransformer/COREMOD]: Transforming net/minecraft/world/level/storage/loot/functions/EnchantRandomlyFunction
[11Apr2025 23:18:40.497] [main/INFO] [net.minecraftforge.coremod.CoreMod.apotheosis/COREMODLOG]: Replaced 1 calls to Enchantment#getMaxLevel() in net/minecraft/world/level/storage/loot/functions/EnchantRandomlyFunction
[11Apr2025 23:18:40.497] [main/INFO] [net.minecraftforge.coremod.CoreMod.apotheosis/COREMODLOG]: Replaced 1 calls to Enchantment#isDiscoverable() in net/minecraft/world/level/storage/loot/functions/EnchantRandomlyFunction
[11Apr2025 23:18:40.511] [main/DEBUG] [mixin/]: Mixing MixinApplyBonusCount from curios.mixins.json into net.minecraft.world.level.storage.loot.functions.ApplyBonusCount
[11Apr2025 23:18:40.557] [main/DEBUG] [mixin/]: Mixing accessors.util.random.AccessorWeightedRandomList from bookshelf.common.mixins.json into net.minecraft.util.random.WeightedRandomList
[11Apr2025 23:18:40.631] [main/DEBUG] [mixin/]: Mixing NoMultifaceGrowthFeatureInStructuresMixin from cataclysm.mixins.json into net.minecraft.world.level.levelgen.feature.MultifaceGrowthFeature
[11Apr2025 23:18:40.639] [main/DEBUG] [mixin/]: Mixing NoMagmaBlockInStructuresMixin from cataclysm.mixins.json into net.minecraft.world.level.levelgen.feature.UnderwaterMagmaFeature
[11Apr2025 23:18:40.645] [main/DEBUG] [mixin/]: Mixing gen.NoLakesInStructuresMixin from iceandfire.mixins.json into net.minecraft.world.level.levelgen.feature.LakeFeature
[11Apr2025 23:18:40.646] [main/DEBUG] [mixin/]: Mixing NoLakesInStructuresMixin from cataclysm.mixins.json into net.minecraft.world.level.levelgen.feature.LakeFeature
[11Apr2025 23:18:40.650] [main/DEBUG] [mixin/]: Mixing NoOreInStructuresMixin from cataclysm.mixins.json into net.minecraft.world.level.levelgen.feature.OreFeature
[11Apr2025 23:18:40.661] [main/DEBUG] [mixin/]: Mixing NoBasaltColumnsInStructuresMixin from cataclysm.mixins.json into net.minecraft.world.level.levelgen.feature.BasaltColumnsFeature
[11Apr2025 23:18:40.664] [main/DEBUG] [mixin/]: Mixing NoDeltasInStructuresMixin from cataclysm.mixins.json into net.minecraft.world.level.levelgen.feature.DeltaFeature
[11Apr2025 23:18:40.670] [main/DEBUG] [mixin/]: Mixing NoGeodeInStructuresMixin from cataclysm.mixins.json into net.minecraft.world.level.levelgen.feature.GeodeFeature
[11Apr2025 23:18:40.785] [main/DEBUG] [net.minecraftforge.coremod.transformer.CoreModBaseTransformer/COREMOD]: Transforming net/minecraft/world/level/levelgen/structure/Structure
[11Apr2025 23:18:40.828] [main/DEBUG] [net.minecraftforge.coremod.transformer.CoreModBaseTransformer/COREMOD]: Transforming net/minecraft/world/level/levelgen/structure/structures/OceanRuinPieces$OceanRuinPiece
[11Apr2025 23:18:40.844] [main/DEBUG] [net.minecraftforge.coremod.transformer.CoreModBaseTransformer/COREMOD]: Transforming net/minecraft/world/level/levelgen/structure/structures/SwampHutPiece
[11Apr2025 23:18:40.855] [main/DEBUG] [net.minecraftforge.coremod.transformer.CoreModBaseTransformer/COREMOD]: Transforming net/minecraft/world/level/levelgen/structure/structures/OceanMonumentPieces$OceanMonumentPiece
[11Apr2025 23:18:40.872] [main/DEBUG] [net.minecraftforge.coremod.transformer.CoreModBaseTransformer/COREMOD]: Transforming net/minecraft/world/level/levelgen/structure/structures/WoodlandMansionPieces$WoodlandMansionPiece
[11Apr2025 23:18:40.901] [main/DEBUG] [mixin/]: Mixing StructureTemplatePoolAccessor from waystones.mixins.json into net.minecraft.world.level.levelgen.structure.pools.StructureTemplatePool
[11Apr2025 23:18:40.901] [main/DEBUG] [mixin/]: Mixing accessors.world.AccessorStructureTemplatePool from bookshelf.common.mixins.json into net.minecraft.world.level.levelgen.structure.pools.StructureTemplatePool
[11Apr2025 23:18:40.901] [main/DEBUG] [mixin/]: Mixing accessor.StructureTemplatePoolAccessor from cataclysm.mixins.json into net.minecraft.world.level.levelgen.structure.pools.StructureTemplatePool
[11Apr2025 23:18:40.902] [main/DEBUG] [mixin/]: Unexpected: Registered method getRawTemplates()Ljava/util/List; in net.minecraft.world.level.levelgen.structure.pools.StructureTemplatePool was not merged
[11Apr2025 23:18:40.983] [main/DEBUG] [net.minecraftforge.coremod.transformer.CoreModBaseTransformer/COREMOD]: Transforming net/minecraft/world/level/biome/Biome
[11Apr2025 23:18:41.034] [main/DEBUG] [mixin/]: Mixing NoiseBasedChunkGeneratorMixin from citadel.mixins.json into net.minecraft.world.level.levelgen.NoiseBasedChunkGenerator
[11Apr2025 23:18:41.120] [main/DEBUG] [mixin/]: Mixing SinglePoolElementMixin from waystones.mixins.json into net.minecraft.world.level.levelgen.structure.pools.SinglePoolElement
[11Apr2025 23:18:41.121] [main/DEBUG] [mixin/]: Renaming synthetic method lambda$waystones$isWaystone$1(Lnet/minecraft/world/level/levelgen/structure/templatesystem/StructureTemplate;)V to md9818a3$lambda$waystones$isWaystone$1$0 in waystones.mixins.json:SinglePoolElementMixin
[11Apr2025 23:18:41.121] [main/DEBUG] [mixin/]: Renaming synthetic method lambda$waystones$isWaystone$0(Lnet/minecraft/resources/ResourceLocation;)V to md9818a3$lambda$waystones$isWaystone$0$1 in waystones.mixins.json:SinglePoolElementMixin
[11Apr2025 23:18:41.124] [main/DEBUG] [mixin/]: Mixing accessor.SinglePoolElementAccessor from cataclysm.mixins.json into net.minecraft.world.level.levelgen.structure.pools.SinglePoolElement
[11Apr2025 23:18:41.131] [main/DEBUG] [mixin/]: Mixing accessor.ListPoolElementAccessor from cataclysm.mixins.json into net.minecraft.world.level.levelgen.structure.pools.ListPoolElement
[11Apr2025 23:18:41.133] [main/DEBUG] [mixin/]: Mixing accessor.FeaturePoolElementAccessor from cataclysm.mixins.json into net.minecraft.world.level.levelgen.structure.pools.FeaturePoolElement
[11Apr2025 23:18:41.259] [main/DEBUG] [net.minecraftforge.common.ForgeI18n/CORE]: Loading I18N data entries: 6430
[11Apr2025 23:18:41.277] [main/DEBUG] [net.minecraftforge.fml.ModWorkManager/LOADING]: Using 4 threads for parallel mod-loading
[11Apr2025 23:18:41.283] [main/DEBUG] [net.minecraftforge.fml.javafmlmod.FMLJavaModLanguageProvider/LOADING]: Loading FMLModContainer from classloader cpw.mods.modlauncher.TransformingClassLoader@3e39baf0 - got cpw.mods.cl.ModuleClassLoader@52a36910
[11Apr2025 23:18:41.283] [main/DEBUG] [net.minecraftforge.fml.javafmlmod.FMLModContainer/LOADING]: Creating FMLModContainer instance for com.polipo.expmod.ExpMod
[11Apr2025 23:18:41.288] [main/DEBUG] [net.minecraftforge.fml.javafmlmod.FMLJavaModLanguageProvider/LOADING]: Loading FMLModContainer from classloader cpw.mods.modlauncher.TransformingClassLoader@3e39baf0 - got cpw.mods.cl.ModuleClassLoader@52a36910
[11Apr2025 23:18:41.288] [main/DEBUG] [net.minecraftforge.fml.javafmlmod.FMLModContainer/LOADING]: Creating FMLModContainer instance for net.blay09.mods.kuma.forge.ForgeKumaAPI
[11Apr2025 23:18:41.289] [main/DEBUG] [net.minecraftforge.fml.javafmlmod.FMLJavaModLanguageProvider/LOADING]: Loading FMLModContainer from classloader cpw.mods.modlauncher.TransformingClassLoader@3e39baf0 - got cpw.mods.cl.ModuleClassLoader@52a36910
[11Apr2025 23:18:41.289] [main/DEBUG] [net.minecraftforge.fml.javafmlmod.FMLModContainer/LOADING]: Creating FMLModContainer instance for com.supermartijn642.configlib.ConfigLib
[11Apr2025 23:18:41.290] [main/DEBUG] [net.minecraftforge.fml.javafmlmod.FMLJavaModLanguageProvider/LOADING]: Loading FMLModContainer from classloader cpw.mods.modlauncher.TransformingClassLoader@3e39baf0 - got cpw.mods.cl.ModuleClassLoader@52a36910
[11Apr2025 23:18:41.290] [main/DEBUG] [net.minecraftforge.fml.javafmlmod.FMLModContainer/LOADING]: Creating FMLModContainer instance for software.bernie.example.GeckoLibMod
[11Apr2025 23:18:41.290] [main/DEBUG] [net.minecraftforge.fml.javafmlmod.FMLJavaModLanguageProvider/LOADING]: Loading FMLModContainer from classloader cpw.mods.modlauncher.TransformingClassLoader@3e39baf0 - got cpw.mods.cl.ModuleClassLoader@52a36910
[11Apr2025 23:18:41.290] [main/DEBUG] [net.minecraftforge.fml.javafmlmod.FMLModContainer/LOADING]: Creating FMLModContainer instance for dev.kosmx.playerAnim.forge.ForgeModInterface
[11Apr2025 23:18:41.291] [main/DEBUG] [net.minecraftforge.fml.javafmlmod.FMLJavaModLanguageProvider/LOADING]: Loading FMLModContainer from classloader cpw.mods.modlauncher.TransformingClassLoader@3e39baf0 - got cpw.mods.cl.ModuleClassLoader@52a36910
[11Apr2025 23:18:41.291] [main/DEBUG] [net.minecraftforge.fml.javafmlmod.FMLModContainer/LOADING]: Creating FMLModContainer instance for mezz.jei.forge.JustEnoughItems
[11Apr2025 23:18:41.291] [main/DEBUG] [net.minecraftforge.fml.javafmlmod.FMLJavaModLanguageProvider/LOADING]: Loading FMLModContainer from classloader cpw.mods.modlauncher.TransformingClassLoader@3e39baf0 - got cpw.mods.cl.ModuleClassLoader@52a36910
[11Apr2025 23:18:41.291] [main/DEBUG] [net.minecraftforge.fml.javafmlmod.FMLModContainer/LOADING]: Creating FMLModContainer instance for top.theillusivec4.caelus.Caelus
[11Apr2025 23:18:41.292] [main/DEBUG] [net.minecraftforge.fml.javafmlmod.FMLJavaModLanguageProvider/LOADING]: Loading FMLModContainer from classloader cpw.mods.modlauncher.TransformingClassLoader@3e39baf0 - got cpw.mods.cl.ModuleClassLoader@52a36910
[11Apr2025 23:18:41.292] [main/DEBUG] [net.minecraftforge.fml.javafmlmod.FMLModContainer/LOADING]: Creating FMLModContainer instance for net.p3pp3rf1y.sophisticatedcore.SophisticatedCore
[11Apr2025 23:18:41.292] [main/DEBUG] [net.minecraftforge.fml.javafmlmod.FMLJavaModLanguageProvider/LOADING]: Loading FMLModContainer from classloader cpw.mods.modlauncher.TransformingClassLoader@3e39baf0 - got cpw.mods.cl.ModuleClassLoader@52a36910
[11Apr2025 23:18:41.292] [main/DEBUG] [net.minecraftforge.fml.javafmlmod.FMLModContainer/LOADING]: Creating FMLModContainer instance for net.blay09.mods.waystones.ForgeWaystones
[11Apr2025 23:18:41.293] [main/DEBUG] [net.minecraftforge.fml.javafmlmod.FMLJavaModLanguageProvider/LOADING]: Loading FMLModContainer from classloader cpw.mods.modlauncher.TransformingClassLoader@3e39baf0 - got cpw.mods.cl.ModuleClassLoader@52a36910
[11Apr2025 23:18:41.293] [main/DEBUG] [net.minecraftforge.fml.javafmlmod.FMLModContainer/LOADING]: Creating FMLModContainer instance for journeymap.common.Journeymap
[11Apr2025 23:18:41.294] [main/DEBUG] [net.minecraftforge.fml.javafmlmod.FMLJavaModLanguageProvider/LOADING]: Loading FMLModContainer from classloader cpw.mods.modlauncher.TransformingClassLoader@3e39baf0 - got cpw.mods.cl.ModuleClassLoader@52a36910
[11Apr2025 23:18:41.294] [main/DEBUG] [net.minecraftforge.fml.javafmlmod.FMLModContainer/LOADING]: Creating FMLModContainer instance for dev.shadowsoffire.placebo.Placebo
[11Apr2025 23:18:41.295] [main/DEBUG] [net.minecraftforge.fml.javafmlmod.FMLJavaModLanguageProvider/LOADING]: Loading FMLModContainer from classloader cpw.mods.modlauncher.TransformingClassLoader@3e39baf0 - got cpw.mods.cl.ModuleClassLoader@52a36910
[11Apr2025 23:18:41.295] [main/DEBUG] [net.minecraftforge.fml.javafmlmod.FMLModContainer/LOADING]: Creating FMLModContainer instance for com.github.alexthe666.citadel.Citadel
[11Apr2025 23:18:41.296] [main/DEBUG] [net.minecraftforge.fml.javafmlmod.FMLJavaModLanguageProvider/LOADING]: Loading FMLModContainer from classloader cpw.mods.modlauncher.TransformingClassLoader@3e39baf0 - got cpw.mods.cl.ModuleClassLoader@52a36910
[11Apr2025 23:18:41.296] [main/DEBUG] [net.minecraftforge.fml.javafmlmod.FMLModContainer/LOADING]: Creating FMLModContainer instance for artifacts.forge.ArtifactsForge
[11Apr2025 23:18:41.297] [main/DEBUG] [net.minecraftforge.fml.javafmlmod.FMLJavaModLanguageProvider/LOADING]: Loading FMLModContainer from classloader cpw.mods.modlauncher.TransformingClassLoader@3e39baf0 - got cpw.mods.cl.ModuleClassLoader@52a36910
[11Apr2025 23:18:41.297] [main/DEBUG] [net.minecraftforge.fml.javafmlmod.FMLModContainer/LOADING]: Creating FMLModContainer instance for com.llamalad7.mixinextras.platform.forge.MixinExtrasMod
[11Apr2025 23:18:41.297] [main/DEBUG] [net.minecraftforge.fml.javafmlmod.FMLJavaModLanguageProvider/LOADING]: Loading FMLModContainer from classloader cpw.mods.modlauncher.TransformingClassLoader@3e39baf0 - got cpw.mods.cl.ModuleClassLoader@52a36910
[11Apr2025 23:18:41.298] [main/DEBUG] [net.minecraftforge.fml.javafmlmod.FMLModContainer/LOADING]: Creating FMLModContainer instance for net.darkhax.bookshelf.BookshelfForge
[11Apr2025 23:18:41.298] [main/DEBUG] [net.minecraftforge.fml.javafmlmod.FMLJavaModLanguageProvider/LOADING]: Loading FMLModContainer from classloader cpw.mods.modlauncher.TransformingClassLoader@3e39baf0 - got cpw.mods.cl.ModuleClassLoader@52a36910
[11Apr2025 23:18:41.299] [main/DEBUG] [net.minecraftforge.fml.javafmlmod.FMLModContainer/LOADING]: Creating FMLModContainer instance for net.p3pp3rf1y.sophisticatedbackpacks.SophisticatedBackpacks
[11Apr2025 23:18:41.299] [main/DEBUG] [net.minecraftforge.fml.javafmlmod.FMLJavaModLanguageProvider/LOADING]: Loading FMLModContainer from classloader cpw.mods.modlauncher.TransformingClassLoader@3e39baf0 - got cpw.mods.cl.ModuleClassLoader@52a36910
[11Apr2025 23:18:41.299] [main/DEBUG] [net.minecraftforge.fml.javafmlmod.FMLModContainer/LOADING]: Creating FMLModContainer instance for dev.shadowsoffire.apotheosis.Apotheosis
[11Apr2025 23:18:41.300] [main/DEBUG] [net.minecraftforge.fml.javafmlmod.FMLJavaModLanguageProvider/LOADING]: Loading FMLModContainer from classloader cpw.mods.modlauncher.TransformingClassLoader@3e39baf0 - got cpw.mods.cl.ModuleClassLoader@52a36910
[11Apr2025 23:18:41.301] [main/DEBUG] [net.minecraftforge.fml.javafmlmod.FMLModContainer/LOADING]: Creating FMLModContainer instance for com.github.alexthe666.iceandfire.IceAndFire
[11Apr2025 23:18:41.302] [main/DEBUG] [net.minecraftforge.fml.javafmlmod.FMLJavaModLanguageProvider/LOADING]: Loading FMLModContainer from classloader cpw.mods.modlauncher.TransformingClassLoader@3e39baf0 - got cpw.mods.cl.ModuleClassLoader@52a36910
[11Apr2025 23:18:41.302] [main/DEBUG] [net.minecraftforge.fml.javafmlmod.FMLModContainer/LOADING]: Creating FMLModContainer instance for net.blay09.mods.balm.forge.ForgeBalm
[11Apr2025 23:18:41.302] [main/DEBUG] [net.minecraftforge.fml.javafmlmod.FMLJavaModLanguageProvider/LOADING]: Loading FMLModContainer from classloader cpw.mods.modlauncher.TransformingClassLoader@3e39baf0 - got cpw.mods.cl.ModuleClassLoader@52a36910
[11Apr2025 23:18:41.303] [main/DEBUG] [net.minecraftforge.fml.javafmlmod.FMLModContainer/LOADING]: Creating FMLModContainer instance for immersive_armors.forge.CommonForge
[11Apr2025 23:18:41.303] [main/DEBUG] [net.minecraftforge.fml.javafmlmod.FMLJavaModLanguageProvider/LOADING]: Loading FMLModContainer from classloader cpw.mods.modlauncher.TransformingClassLoader@3e39baf0 - got cpw.mods.cl.ModuleClassLoader@52a36910
[11Apr2025 23:18:41.303] [main/DEBUG] [net.minecraftforge.fml.javafmlmod.FMLModContainer/LOADING]: Creating FMLModContainer instance for me.shedaniel.clothconfig.ClothConfigForge
[11Apr2025 23:18:41.304] [main/DEBUG] [net.minecraftforge.fml.javafmlmod.FMLJavaModLanguageProvider/LOADING]: Loading FMLModContainer from classloader cpw.mods.modlauncher.TransformingClassLoader@3e39baf0 - got cpw.mods.cl.ModuleClassLoader@52a36910
[11Apr2025 23:18:41.304] [main/DEBUG] [net.minecraftforge.fml.javafmlmod.FMLModContainer/LOADING]: Creating FMLModContainer instance for com.progwml6.ironchest.IronChests
[11Apr2025 23:18:41.305] [main/DEBUG] [net.minecraftforge.fml.javafmlmod.FMLJavaModLanguageProvider/LOADING]: Loading FMLModContainer from classloader cpw.mods.modlauncher.TransformingClassLoader@3e39baf0 - got cpw.mods.cl.ModuleClassLoader@52a36910
[11Apr2025 23:18:41.305] [main/DEBUG] [net.minecraftforge.fml.javafmlmod.FMLModContainer/LOADING]: Creating FMLModContainer instance for de.maxhenkel.corpse.Main
[11Apr2025 23:18:41.306] [main/DEBUG] [net.minecraftforge.fml.javafmlmod.FMLJavaModLanguageProvider/LOADING]: Loading FMLModContainer from classloader cpw.mods.modlauncher.TransformingClassLoader@3e39baf0 - got cpw.mods.cl.ModuleClassLoader@52a36910
[11Apr2025 23:18:41.307] [main/DEBUG] [net.minecraftforge.fml.javafmlmod.FMLModContainer/LOADING]: Creating FMLModContainer instance for net.aurelj.dungeons_arise.DungeonsAriseMain
[11Apr2025 23:18:41.308] [main/DEBUG] [net.minecraftforge.fml.javafmlmod.FMLJavaModLanguageProvider/LOADING]: Loading FMLModContainer from classloader cpw.mods.modlauncher.TransformingClassLoader@3e39baf0 - got cpw.mods.cl.ModuleClassLoader@52a36910
[11Apr2025 23:18:41.308] [main/DEBUG] [net.minecraftforge.fml.javafmlmod.FMLModContainer/LOADING]: Creating FMLModContainer instance for net.mcreator.useless_sword.UselessSwordMod
[11Apr2025 23:18:41.309] [main/DEBUG] [net.minecraftforge.fml.javafmlmod.FMLJavaModLanguageProvider/LOADING]: Loading FMLModContainer from classloader cpw.mods.modlauncher.TransformingClassLoader@3e39baf0 - got cpw.mods.cl.ModuleClassLoader@52a36910
[11Apr2025 23:18:41.309] [main/DEBUG] [net.minecraftforge.fml.javafmlmod.FMLModContainer/LOADING]: Creating FMLModContainer instance for de.maxhenkel.voicechat.ForgeVoicechatMod
[11Apr2025 23:18:41.310] [main/DEBUG] [net.minecraftforge.fml.javafmlmod.FMLJavaModLanguageProvider/LOADING]: Loading FMLModContainer from classloader cpw.mods.modlauncher.TransformingClassLoader@3e39baf0 - got cpw.mods.cl.ModuleClassLoader@52a36910
[11Apr2025 23:18:41.310] [main/DEBUG] [net.minecraftforge.fml.javafmlmod.FMLModContainer/LOADING]: Creating FMLModContainer instance for net.darkhax.enchdesc.EnchDescForge
[11Apr2025 23:18:41.311] [main/DEBUG] [net.minecraftforge.fml.javafmlmod.FMLJavaModLanguageProvider/LOADING]: Loading FMLModContainer from classloader cpw.mods.modlauncher.TransformingClassLoader@3e39baf0 - got cpw.mods.cl.ModuleClassLoader@52a36910
[11Apr2025 23:18:41.311] [main/DEBUG] [net.minecraftforge.fml.javafmlmod.FMLModContainer/LOADING]: Creating FMLModContainer instance for net.silentchaos512.lib.SilentLib
[11Apr2025 23:18:41.312] [main/DEBUG] [net.minecraftforge.fml.javafmlmod.FMLJavaModLanguageProvider/LOADING]: Loading FMLModContainer from classloader cpw.mods.modlauncher.TransformingClassLoader@3e39baf0 - got cpw.mods.cl.ModuleClassLoader@52a36910
[11Apr2025 23:18:41.312] [main/DEBUG] [net.minecraftforge.fml.javafmlmod.FMLModContainer/LOADING]: Creating FMLModContainer instance for snownee.jade.util.CommonProxy
[11Apr2025 23:18:41.314] [main/DEBUG] [net.minecraftforge.fml.javafmlmod.FMLJavaModLanguageProvider/LOADING]: Loading FMLModContainer from classloader cpw.mods.modlauncher.TransformingClassLoader@3e39baf0 - got cpw.mods.cl.ModuleClassLoader@52a36910
[11Apr2025 23:18:41.314] [main/DEBUG] [net.minecraftforge.fml.javafmlmod.FMLModContainer/LOADING]: Creating FMLModContainer instance for ironfurnaces.IronFurnaces
[11Apr2025 23:18:41.314] [main/DEBUG] [net.minecraftforge.fml.javafmlmod.FMLJavaModLanguageProvider/LOADING]: Loading FMLModContainer from classloader cpw.mods.modlauncher.TransformingClassLoader@3e39baf0 - got cpw.mods.cl.ModuleClassLoader@52a36910
[11Apr2025 23:18:41.315] [main/DEBUG] [net.minecraftforge.fml.javafmlmod.FMLModContainer/LOADING]: Creating FMLModContainer instance for com.github.L_Ender.lionfishapi.LionfishAPI
[11Apr2025 23:18:41.316] [main/DEBUG] [net.minecraftforge.fml.javafmlmod.FMLJavaModLanguageProvider/LOADING]: Loading FMLModContainer from classloader cpw.mods.modlauncher.TransformingClassLoader@3e39baf0 - got cpw.mods.cl.ModuleClassLoader@52a36910
[11Apr2025 23:18:41.316] [main/DEBUG] [net.minecraftforge.fml.javafmlmod.FMLModContainer/LOADING]: Creating FMLModContainer instance for com.github.L_Ender.cataclysm.Cataclysm
[11Apr2025 23:18:41.317] [main/DEBUG] [net.minecraftforge.fml.javafmlmod.FMLJavaModLanguageProvider/LOADING]: Loading FMLModContainer from classloader cpw.mods.modlauncher.TransformingClassLoader@3e39baf0 - got cpw.mods.cl.ModuleClassLoader@52a36910
[11Apr2025 23:18:41.317] [main/DEBUG] [net.minecraftforge.fml.javafmlmod.FMLModContainer/LOADING]: Creating FMLModContainer instance for top.theillusivec4.curios.Curios
[11Apr2025 23:18:41.318] [main/DEBUG] [net.minecraftforge.fml.javafmlmod.FMLJavaModLanguageProvider/LOADING]: Loading FMLModContainer from classloader cpw.mods.modlauncher.TransformingClassLoader@3e39baf0 - got cpw.mods.cl.ModuleClassLoader@52a36910
[11Apr2025 23:18:41.319] [main/DEBUG] [net.minecraftforge.fml.javafmlmod.FMLModContainer/LOADING]: Creating FMLModContainer instance for vazkii.patchouli.forge.common.ForgeModInitializer
[11Apr2025 23:18:41.319] [main/DEBUG] [net.minecraftforge.fml.javafmlmod.FMLJavaModLanguageProvider/LOADING]: Loading FMLModContainer from classloader cpw.mods.modlauncher.TransformingClassLoader@3e39baf0 - got cpw.mods.cl.ModuleClassLoader@52a36910
[11Apr2025 23:18:41.320] [main/DEBUG] [net.minecraftforge.fml.javafmlmod.FMLModContainer/LOADING]: Creating FMLModContainer instance for net.geforcemods.securitycraft.SecurityCraft
[11Apr2025 23:18:41.321] [main/DEBUG] [net.minecraftforge.fml.javafmlmod.FMLJavaModLanguageProvider/LOADING]: Loading FMLModContainer from classloader cpw.mods.modlauncher.TransformingClassLoader@3e39baf0 - got cpw.mods.cl.ModuleClassLoader@52a36910
[11Apr2025 23:18:41.321] [main/DEBUG] [net.minecraftforge.fml.javafmlmod.FMLModContainer/LOADING]: Creating FMLModContainer instance for io.redspace.ironsspellbooks.IronsSpellbooks
[11Apr2025 23:18:41.322] [main/DEBUG] [net.minecraftforge.fml.javafmlmod.FMLJavaModLanguageProvider/LOADING]: Loading FMLModContainer from classloader cpw.mods.modlauncher.TransformingClassLoader@3e39baf0 - got cpw.mods.cl.ModuleClassLoader@52a36910
[11Apr2025 23:18:41.322] [main/DEBUG] [net.minecraftforge.fml.javafmlmod.FMLModContainer/LOADING]: Creating FMLModContainer instance for dev.shadowsoffire.attributeslib.AttributesLib
[11Apr2025 23:18:41.323] [main/DEBUG] [net.minecraftforge.fml.javafmlmod.FMLJavaModLanguageProvider/LOADING]: Loading FMLModContainer from classloader cpw.mods.modlauncher.TransformingClassLoader@3e39baf0 - got cpw.mods.cl.ModuleClassLoader@52a36910
[11Apr2025 23:18:41.323] [main/DEBUG] [net.minecraftforge.fml.javafmlmod.FMLModContainer/LOADING]: Creating FMLModContainer instance for com.kwpugh.gobber2.Gobber2
[11Apr2025 23:18:41.324] [main/DEBUG] [net.minecraftforge.fml.javafmlmod.FMLJavaModLanguageProvider/LOADING]: Loading FMLModContainer from classloader cpw.mods.modlauncher.TransformingClassLoader@3e39baf0 - got cpw.mods.cl.ModuleClassLoader@52a36910
[11Apr2025 23:18:41.324] [main/DEBUG] [net.minecraftforge.fml.javafmlmod.FMLModContainer/LOADING]: Creating FMLModContainer instance for com.blocklegend001.immersiveores.ImmersiveOres
[11Apr2025 23:18:41.326] [main/DEBUG] [net.minecraftforge.fml.javafmlmod.FMLJavaModLanguageProvider/LOADING]: Loading FMLModContainer from classloader cpw.mods.modlauncher.TransformingClassLoader@3e39baf0 - got cpw.mods.cl.ModuleClassLoader@52a36910
[11Apr2025 23:18:41.327] [main/DEBUG] [net.minecraftforge.fml.javafmlmod.FMLModContainer/LOADING]: Creating FMLModContainer instance for de.melanx.MoreVanillaArmor.MoreVanillaArmor
[11Apr2025 23:18:41.327] [main/DEBUG] [net.minecraftforge.fml.javafmlmod.FMLJavaModLanguageProvider/LOADING]: Loading FMLModContainer from classloader cpw.mods.modlauncher.TransformingClassLoader@3e39baf0 - got cpw.mods.cl.ModuleClassLoader@52a36910
[11Apr2025 23:18:41.327] [main/DEBUG] [net.minecraftforge.fml.javafmlmod.FMLModContainer/LOADING]: Creating FMLModContainer instance for com.kyanite.deeperdarker.DeeperDarker
[11Apr2025 23:18:41.328] [main/DEBUG] [net.minecraftforge.fml.javafmlmod.FMLJavaModLanguageProvider/LOADING]: Loading FMLModContainer from classloader cpw.mods.modlauncher.TransformingClassLoader@3e39baf0 - got cpw.mods.cl.ModuleClassLoader@52a36910
[11Apr2025 23:18:41.328] [main/DEBUG] [net.minecraftforge.fml.javafmlmod.FMLModContainer/LOADING]: Creating FMLModContainer instance for dev.architectury.forge.ArchitecturyForge
[11Apr2025 23:18:41.329] [main/DEBUG] [net.minecraftforge.fml.javafmlmod.FMLJavaModLanguageProvider/LOADING]: Loading FMLModContainer from classloader cpw.mods.modlauncher.TransformingClassLoader@3e39baf0 - got cpw.mods.cl.ModuleClassLoader@52a36910
[11Apr2025 23:18:41.329] [main/DEBUG] [net.minecraftforge.fml.javafmlmod.FMLModContainer/LOADING]: Creating FMLModContainer instance for forge.net.mca.forge.MCAForge
[11Apr2025 23:18:41.329] [main/DEBUG] [net.minecraftforge.fml.javafmlmod.FMLJavaModLanguageProvider/LOADING]: Loading FMLModContainer from classloader cpw.mods.modlauncher.TransformingClassLoader@3e39baf0 - got cpw.mods.cl.ModuleClassLoader@52a36910
[11Apr2025 23:18:41.329] [main/DEBUG] [net.minecraftforge.fml.javafmlmod.FMLModContainer/LOADING]: Creating FMLModContainer instance for net.silentchaos512.scalinghealth.ScalingHealth
[11Apr2025 23:18:41.330] [main/DEBUG] [net.minecraftforge.fml.javafmlmod.FMLJavaModLanguageProvider/LOADING]: Loading FMLModContainer from classloader cpw.mods.modlauncher.TransformingClassLoader@3e39baf0 - got cpw.mods.cl.ModuleClassLoader@52a36910
[11Apr2025 23:18:41.331] [main/DEBUG] [net.minecraftforge.fml.javafmlmod.FMLModContainer/LOADING]: Creating FMLModContainer instance for net.minecraftforge.common.ForgeMod
[11Apr2025 23:18:41.333] [main/DEBUG] [net.minecraftforge.fml.javafmlmod.FMLJavaModLanguageProvider/LOADING]: Loading FMLModContainer from classloader cpw.mods.modlauncher.TransformingClassLoader@3e39baf0 - got cpw.mods.cl.ModuleClassLoader@52a36910
[11Apr2025 23:18:41.334] [main/DEBUG] [net.minecraftforge.fml.javafmlmod.FMLModContainer/LOADING]: Creating FMLModContainer instance for squeek.appleskin.AppleSkin
[11Apr2025 23:18:41.334] [main/DEBUG] [net.minecraftforge.fml.javafmlmod.FMLJavaModLanguageProvider/LOADING]: Loading FMLModContainer from classloader cpw.mods.modlauncher.TransformingClassLoader@3e39baf0 - got cpw.mods.cl.ModuleClassLoader@52a36910
[11Apr2025 23:18:41.334] [main/DEBUG] [net.minecraftforge.fml.javafmlmod.FMLModContainer/LOADING]: Creating FMLModContainer instance for be.florens.expandability.forge.ExpandAbilityForge
[11Apr2025 23:18:41.353] [modloading-worker-0/DEBUG] [net.minecraftforge.fml.javafmlmod.AutomaticEventSubscriber/LOADING]: Attempting to inject @EventBusSubscriber classes into the eventbus for kuma_api
[11Apr2025 23:18:41.359] [modloading-worker-0/DEBUG] [net.minecraftforge.fml.javafmlmod.AutomaticEventSubscriber/LOADING]: Attempting to inject @EventBusSubscriber classes into the eventbus for playeranimator
[11Apr2025 23:18:41.382] [modloading-worker-0/DEBUG] [net.minecraftforge.fml.javafmlmod.AutomaticEventSubscriber/LOADING]: Attempting to inject @EventBusSubscriber classes into the eventbus for giacomos_exp
[11Apr2025 23:18:41.382] [modloading-worker-0/DEBUG] [net.minecraftforge.fml.javafmlmod.AutomaticEventSubscriber/LOADING]: Auto-subscribing com.polipo.expmod.ExpMod$ModEvents to MOD
[11Apr2025 23:18:41.391] [modloading-worker-0/DEBUG] [mixin/]: Mixing MixinCaelusApi from caelus.mixins.json into top.theillusivec4.caelus.api.CaelusApi
[11Apr2025 23:18:41.407] [modloading-worker-0/DEBUG] [net.minecraftforge.fml.config.ConfigTracker/CONFIG]: Config file jei-server.toml for jei tracking
[11Apr2025 23:18:41.411] [modloading-worker-0/DEBUG] [net.minecraftforge.fml.javafmlmod.AutomaticEventSubscriber/LOADING]: Attempting to inject @EventBusSubscriber classes into the eventbus for caelus
[11Apr2025 23:18:41.414] [modloading-worker-0/DEBUG] [net.minecraftforge.fml.javafmlmod.AutomaticEventSubscriber/LOADING]: Attempting to inject @EventBusSubscriber classes into the eventbus for jei
[11Apr2025 23:18:41.414] [modloading-worker-0/DEBUG] [net.minecraftforge.fml.javafmlmod.AutomaticEventSubscriber/LOADING]: Attempting to inject @EventBusSubscriber classes into the eventbus for supermartijn642configlib
[11Apr2025 23:18:41.428] [modloading-worker-0/DEBUG] [net.minecraftforge.fml.javafmlmod.AutomaticEventSubscriber/LOADING]: Attempting to inject @EventBusSubscriber classes into the eventbus for geckolib
[11Apr2025 23:18:41.428] [modloading-worker-0/DEBUG] [net.minecraftforge.fml.javafmlmod.AutomaticEventSubscriber/LOADING]: Auto-subscribing software.bernie.example.GeckoLibMod to FORGE
[11Apr2025 23:18:41.428] [modloading-worker-0/DEBUG] [net.minecraftforge.fml.javafmlmod.AutomaticEventSubscriber/LOADING]: Auto-subscribing software.bernie.example.CommonListener to MOD
[11Apr2025 23:18:41.432] [modloading-worker-0/DEBUG] [net.minecraftforge.fml.config.ConfigTracker/CONFIG]: Config file sophisticatedcore-common.toml for sophisticatedcore tracking
[11Apr2025 23:18:41.432] [modloading-worker-0/DEBUG] [net.minecraftforge.fml.config.ConfigTracker/CONFIG]: Config file sophisticatedcore-client.toml for sophisticatedcore tracking
[11Apr2025 23:18:41.436] [modloading-worker-0/DEBUG] [net.minecraftforge.fml.config.ConfigTracker/CONFIG]: Config file journeymap-server.toml for journeymap tracking
[11Apr2025 23:18:41.445] [modloading-worker-0/DEBUG] [net.minecraftforge.fml.javafmlmod.AutomaticEventSubscriber/LOADING]: Attempting to inject @EventBusSubscriber classes into the eventbus for placebo
[11Apr2025 23:18:41.445] [modloading-worker-0/DEBUG] [net.minecraftforge.fml.javafmlmod.AutomaticEventSubscriber/LOADING]: Auto-subscribing dev.shadowsoffire.placebo.util.PlaceboTaskQueue to FORGE
[11Apr2025 23:18:41.446] [modloading-worker-0/DEBUG] [net.minecraftforge.fml.javafmlmod.AutomaticEventSubscriber/LOADING]: Attempting to inject @EventBusSubscriber classes into the eventbus for journeymap
[11Apr2025 23:18:41.456] [modloading-worker-0/DEBUG] [net.minecraftforge.fml.javafmlmod.AutomaticEventSubscriber/LOADING]: Auto-subscribing journeymap.common.config.forge.ForgeConfig to MOD
[11Apr2025 23:18:41.457] [modloading-worker-0/DEBUG] [net.minecraftforge.fml.javafmlmod.AutomaticEventSubscriber/LOADING]: Auto-subscribing journeymap.common.Journeymap to FORGE
[11Apr2025 23:18:41.464] [modloading-worker-0/DEBUG] [mixin/]: Mixing ServerResourcesMixin from placebo.mixins.json into net.minecraft.server.ReloadableServerResources
[11Apr2025 23:18:41.468] [modloading-worker-0/DEBUG] [mixin/]: Mixing ReloadableServerResourcesMixin from balm.mixins.json into net.minecraft.server.ReloadableServerResources
[11Apr2025 23:18:41.468] [modloading-worker-0/DEBUG] [mixin/]: Renaming synthetic method lambda$loadResources$0(Lnet/minecraft/server/ReloadableServerResources;)V to md9818a3$lambda$loadResources$0$0 in balm.mixins.json:ReloadableServerResourcesMixin
[11Apr2025 23:18:41.493] [modloading-worker-0/DEBUG] [mixin/]: Mixing PlayerListMixin from balm.mixins.json into net.minecraft.server.players.PlayerList
[11Apr2025 23:18:41.493] [modloading-worker-0/DEBUG] [mixin/]: Mixing camera.PlayerListMixin from securitycraft.mixins.json into net.minecraft.server.players.PlayerList
[11Apr2025 23:18:41.512] [modloading-worker-0/DEBUG] [mixin/]: Mixing accessors.world.AccessorRecipeManager from bookshelf.common.mixins.json into net.minecraft.world.item.crafting.RecipeManager
[11Apr2025 23:18:41.514] [modloading-worker-0/DEBUG] [net.minecraftforge.fml.config.ConfigTracker/CONFIG]: Config file citadel-common.toml for citadel tracking
[11Apr2025 23:18:41.520] [modloading-worker-0/DEBUG] [mixin/]: Mixing patches.packs.resources.MixinSimpleJsonResourceReloadListener from bookshelf.common.mixins.json into net.minecraft.server.packs.resources.SimpleJsonResourceReloadListener
[11Apr2025 23:18:41.520] [modloading-worker-0/DEBUG] [mixin/]: Renaming synthetic method lambda$prepare$0(Ljava/util/Map$Entry;)Z to md9818a3$lambda$prepare$0$0 in bookshelf.common.mixins.json:patches.packs.resources.MixinSimpleJsonResourceReloadListener
[11Apr2025 23:18:41.535] [modloading-worker-0/DEBUG] [net.minecraftforge.fml.javafmlmod.AutomaticEventSubscriber/LOADING]: Attempting to inject @EventBusSubscriber classes into the eventbus for citadel
[11Apr2025 23:18:41.535] [modloading-worker-0/DEBUG] [net.minecraftforge.fml.javafmlmod.AutomaticEventSubscriber/LOADING]: Auto-subscribing com.github.alexthe666.citadel.ServerProxy to MOD
[11Apr2025 23:18:41.536] [modloading-worker-0/DEBUG] [net.minecraftforge.fml.javafmlmod.AutomaticEventSubscriber/LOADING]: Attempting to inject @EventBusSubscriber classes into the eventbus for mixinextras
[11Apr2025 23:18:41.542] [modloading-worker-0/DEBUG] [mixin/]: Mixing MixinLevelEvent from architectury.mixins.json into net.minecraftforge.event.level.LevelEvent
[11Apr2025 23:18:41.547] [modloading-worker-0/DEBUG] [net.minecraftforge.fml.javafmlmod.AutomaticEventSubscriber/LOADING]: Attempting to inject @EventBusSubscriber classes into the eventbus for sophisticatedcore
[11Apr2025 23:18:41.549] [modloading-worker-0/DEBUG] [Bookshelf/]: Loaded net.darkhax.bookshelf.impl.util.PlatformHelperForge@4c9e5565 for service interface net.darkhax.bookshelf.api.util.IPlatformHelper.
[11Apr2025 23:18:41.558] [modloading-worker-0/DEBUG] [Bookshelf/]: Loaded net.darkhax.bookshelf.impl.event.EventHelperForge@4e244bb0 for service interface net.darkhax.bookshelf.api.event.IEventHelper.
[11Apr2025 23:18:41.560] [modloading-worker-0/DEBUG] [Bookshelf/]: Loaded net.darkhax.bookshelf.impl.registry.ContentLoaderForge@4054ad30 for service interface net.darkhax.bookshelf.api.registry.IContentLoader.
[11Apr2025 23:18:41.565] [modloading-worker-0/DEBUG] [Bookshelf/]: Loaded net.darkhax.bookshelf.impl.data.TagHelperForge@4c32711c for service interface net.darkhax.bookshelf.api.data.ITagHelper.
[11Apr2025 23:18:41.567] [modloading-worker-0/DEBUG] [Bookshelf/]: Loaded net.darkhax.bookshelf.impl.util.InventoryHelperForge@23b4dad5 for service interface net.darkhax.bookshelf.api.util.IInventoryHelper.
[11Apr2025 23:18:41.570] [modloading-worker-0/DEBUG] [Bookshelf/]: Loaded net.darkhax.bookshelf.impl.util.ConstructHelperForge@7b76e532 for service interface net.darkhax.bookshelf.api.util.IConstructHelper.
[11Apr2025 23:18:41.607] [modloading-worker-0/INFO] [dev.architectury.networking.forge.NetworkManagerImpl/]: Registering C2S receiver with id architectury:sync_ids
[11Apr2025 23:18:41.608] [modloading-worker-0/INFO] [dev.architectury.networking.forge.NetworkManagerImpl/]: Registering C2S receiver with id artifacts:networking_channel/42a7ad70b1cc371599a0eff744096b8a
[11Apr2025 23:18:41.613] [modloading-worker-0/INFO] [dev.architectury.networking.forge.NetworkManagerImpl/]: Registering C2S receiver with id artifacts:networking_channel/74a5e841822a3a87854ae896a33430d6
[11Apr2025 23:18:41.614] [modloading-worker-0/INFO] [dev.architectury.networking.forge.NetworkManagerImpl/]: Registering C2S receiver with id artifacts:networking_channel/eb3d1e2748533430848cadf0f37c7e9c
[11Apr2025 23:18:41.618] [modloading-worker-0/INFO] [dev.architectury.networking.forge.NetworkManagerImpl/]: Registering C2S receiver with id artifacts:networking_channel/91c8520f19f93b3e8b6a727568e194ab
[11Apr2025 23:18:41.622] [modloading-worker-0/INFO] [dev.architectury.networking.forge.NetworkManagerImpl/]: Registering C2S receiver with id artifacts:networking_channel/8c2784d778293fd482ed84b8aa5fedb9
[11Apr2025 23:18:41.623] [modloading-worker-0/DEBUG] [net.minecraftforge.fml.config.ConfigTracker/CONFIG]: Config file waystones-common.toml for waystones tracking
[11Apr2025 23:18:41.625] [modloading-worker-0/INFO] [Bookshelf/]: Fixing MC-151457. Crafting remainder for minecraft:pufferfish_bucket is now minecraft:bucket.
[11Apr2025 23:18:41.625] [modloading-worker-0/INFO] [Bookshelf/]: Fixing MC-151457. Crafting remainder for minecraft:salmon_bucket is now minecraft:bucket.
[11Apr2025 23:18:41.625] [modloading-worker-0/INFO] [Bookshelf/]: Fixing MC-151457. Crafting remainder for minecraft:cod_bucket is now minecraft:bucket.
[11Apr2025 23:18:41.623] [modloading-worker-0/INFO] [dev.architectury.networking.forge.NetworkManagerImpl/]: Registering C2S receiver with id artifacts:networking_channel/ea038224ea783d40b2863f52239e2604
[11Apr2025 23:18:41.626] [modloading-worker-0/INFO] [Bookshelf/]: Fixing MC-151457. Crafting remainder for minecraft:tropical_fish_bucket is now minecraft:bucket.
[11Apr2025 23:18:41.627] [modloading-worker-0/INFO] [Bookshelf/]: Fixing MC-151457. Crafting remainder for minecraft:axolotl_bucket is now minecraft:bucket.
[11Apr2025 23:18:41.627] [modloading-worker-0/INFO] [Bookshelf/]: Fixing MC-151457. Crafting remainder for minecraft:powder_snow_bucket is now minecraft:bucket.
[11Apr2025 23:18:41.627] [modloading-worker-0/INFO] [Bookshelf/]: Fixing MC-151457. Crafting remainder for minecraft:tadpole_bucket is now minecraft:bucket.
[11Apr2025 23:18:41.631] [modloading-worker-0/DEBUG] [mixin/]: Mixing DamageSourceMixin from apotheosis.mixins.json into net.minecraft.world.damagesource.DamageSource
[11Apr2025 23:18:41.632] [modloading-worker-0/INFO] [dev.architectury.networking.forge.NetworkManagerImpl/]: Registering C2S receiver with id artifacts:networking_channel/97ad64b7ecaf33209991c4f031501a58
[11Apr2025 23:18:41.637] [modloading-worker-0/DEBUG] [net.minecraftforge.fml.config.ConfigTracker/CONFIG]: Config file sophisticatedbackpacks-server.toml for sophisticatedbackpacks tracking
[11Apr2025 23:18:41.641] [modloading-worker-0/DEBUG] [net.minecraftforge.fml.javafmlmod.AutomaticEventSubscriber/LOADING]: Attempting to inject @EventBusSubscriber classes into the eventbus for bookshelf
[11Apr2025 23:18:41.641] [modloading-worker-0/DEBUG] [net.minecraftforge.fml.javafmlmod.AutomaticEventSubscriber/LOADING]: Auto-subscribing net.darkhax.bookshelf.impl.gametest.BookshelfForgeGameTests to MOD
[11Apr2025 23:18:41.641] [modloading-worker-0/DEBUG] [net.minecraftforge.fml.config.ConfigTracker/CONFIG]: Config file sophisticatedbackpacks-common.toml for sophisticatedbackpacks tracking
[11Apr2025 23:18:41.686] [modloading-worker-0/DEBUG] [mixin/]: Mixing item.wearable.WearableArtifactItemMixin from mixins.artifacts.forge.json into artifacts.item.wearable.WearableArtifactItem
[11Apr2025 23:18:41.701] [modloading-worker-0/DEBUG] [mixin/]: Mixing item.umbrella.UmbrellaItemMixin from mixins.artifacts.forge.json into artifacts.item.UmbrellaItem
[11Apr2025 23:18:41.764] [modloading-worker-0/DEBUG] [net.minecraftforge.fml.javafmlmod.AutomaticEventSubscriber/LOADING]: Attempting to inject @EventBusSubscriber classes into the eventbus for waystones
[11Apr2025 23:18:41.788] [modloading-worker-0/DEBUG] [net.minecraftforge.fml.config.ConfigTracker/CONFIG]: Config file iceandfire-client.toml for iceandfire tracking
[11Apr2025 23:18:41.788] [modloading-worker-0/DEBUG] [net.minecraftforge.fml.config.ConfigTracker/CONFIG]: Config file iceandfire-common.toml for iceandfire tracking
[11Apr2025 23:18:41.849] [modloading-worker-0/DEBUG] [net.minecraftforge.fml.javafmlmod.AutomaticEventSubscriber/LOADING]: Attempting to inject @EventBusSubscriber classes into the eventbus for artifacts
[11Apr2025 23:18:41.864] [modloading-worker-0/DEBUG] [net.minecraftforge.fml.config.ConfigTracker/CONFIG]: Config file balm-common.toml for balm tracking
[11Apr2025 23:18:41.877] [modloading-worker-0/DEBUG] [net.minecraftforge.fml.javafmlmod.AutomaticEventSubscriber/LOADING]: Attempting to inject @EventBusSubscriber classes into the eventbus for balm
[11Apr2025 23:18:41.905] [modloading-worker-0/DEBUG] [net.minecraftforge.fml.javafmlmod.AutomaticEventSubscriber/LOADING]: Attempting to inject @EventBusSubscriber classes into the eventbus for immersive_armors
[11Apr2025 23:18:41.905] [modloading-worker-0/DEBUG] [net.minecraftforge.fml.javafmlmod.AutomaticEventSubscriber/LOADING]: Auto-subscribing immersive_armors.forge.LootProvider$EventHandlers to MOD
[11Apr2025 23:18:41.909] [modloading-worker-0/DEBUG] [net.minecraftforge.fml.javafmlmod.AutomaticEventSubscriber/LOADING]: Attempting to inject @EventBusSubscriber classes into the eventbus for sophisticatedbackpacks
[11Apr2025 23:18:41.909] [modloading-worker-0/DEBUG] [net.minecraftforge.fml.javafmlmod.AutomaticEventSubscriber/LOADING]: Auto-subscribing immersive_armors.forge.ForgeBusEvents to FORGE
[11Apr2025 23:18:41.909] [modloading-worker-0/DEBUG] [net.minecraftforge.fml.javafmlmod.AutomaticEventSubscriber/LOADING]: Attempting to inject @EventBusSubscriber classes into the eventbus for cloth_config
[11Apr2025 23:18:41.916] [modloading-worker-0/DEBUG] [net.minecraftforge.fml.javafmlmod.AutomaticEventSubscriber/LOADING]: Auto-subscribing immersive_armors.forge.CommonForge to MOD
[11Apr2025 23:18:41.925] [modloading-worker-0/DEBUG] [net.minecraftforge.fml.javafmlmod.AutomaticEventSubscriber/LOADING]: Attempting to inject @EventBusSubscriber classes into the eventbus for apotheosis
[11Apr2025 23:18:41.926] [modloading-worker-0/DEBUG] [net.minecraftforge.fml.config.ConfigTracker/CONFIG]: Config file corpse-server.toml for corpse tracking
[11Apr2025 23:18:41.928] [modloading-worker-0/DEBUG] [net.minecraftforge.fml.javafmlmod.AutomaticEventSubscriber/LOADING]: Auto-subscribing dev.shadowsoffire.apotheosis.village.wanderer.WandererReplacements to MOD
[11Apr2025 23:18:41.929] [modloading-worker-0/DEBUG] [net.minecraftforge.fml.javafmlmod.AutomaticEventSubscriber/LOADING]: Attempting to inject @EventBusSubscriber classes into the eventbus for corpse
[11Apr2025 23:18:41.929] [modloading-worker-0/DEBUG] [net.minecraftforge.fml.javafmlmod.AutomaticEventSubscriber/LOADING]: Auto-subscribing de.maxhenkel.corpse.Main to FORGE
[11Apr2025 23:18:41.930] [modloading-worker-0/DEBUG] [net.minecraftforge.fml.javafmlmod.AutomaticEventSubscriber/LOADING]: Attempting to inject @EventBusSubscriber classes into the eventbus for dungeons_arise
[11Apr2025 23:18:41.940] [modloading-worker-0/DEBUG] [net.minecraftforge.fml.javafmlmod.AutomaticEventSubscriber/LOADING]: Auto-subscribing dev.shadowsoffire.apotheosis.adventure.loot.ShieldBreakerTest to FORGE
[11Apr2025 23:18:42.042] [modloading-worker-0/DEBUG] [net.minecraftforge.fml.javafmlmod.AutomaticEventSubscriber/LOADING]: Attempting to inject @EventBusSubscriber classes into the eventbus for voicechat
[11Apr2025 23:18:42.043] [modloading-worker-0/DEBUG] [net.minecraftforge.fml.javafmlmod.AutomaticEventSubscriber/LOADING]: Attempting to inject @EventBusSubscriber classes into the eventbus for enchdesc
[11Apr2025 23:18:42.181] [modloading-worker-0/DEBUG] [mixin/]: Mixing accessor.CriteriaTriggersAccessor from cataclysm.mixins.json into net.minecraft.advancements.CriteriaTriggers
[11Apr2025 23:18:42.182] [modloading-worker-0/DEBUG] [mixin/]: Renaming @Accessor method getValues()Ljava/util/Map; to getValues_$md$9818a3$0 in cataclysm.mixins.json:accessor.CriteriaTriggersAccessor
[11Apr2025 23:18:42.182] [modloading-worker-0/DEBUG] [mixin/]: Mixing MixinCriteria from forge-mca.mixin.json into net.minecraft.advancements.CriteriaTriggers
[11Apr2025 23:18:42.182] [modloading-worker-0/DEBUG] [mixin/]: Renaming @Invoker method register(Lnet/minecraft/advancements/CriterionTrigger;)Lnet/minecraft/advancements/CriterionTrigger; to register_$md$9818a3$1 in forge-mca.mixin.json:MixinCriteria
[11Apr2025 23:18:42.190] [modloading-worker-0/DEBUG] [net.minecraftforge.fml.javafmlmod.AutomaticEventSubscriber/LOADING]: Attempting to inject @EventBusSubscriber classes into the eventbus for ironchest
[11Apr2025 23:18:42.190] [modloading-worker-0/DEBUG] [net.minecraftforge.fml.javafmlmod.AutomaticEventSubscriber/LOADING]: Auto-subscribing com.progwml6.ironchest.common.ai.CatsSitOnChestsHandler to FORGE
[11Apr2025 23:18:42.208] [modloading-worker-0/DEBUG] [net.minecraftforge.fml.javafmlmod.AutomaticEventSubscriber/LOADING]: Attempting to inject @EventBusSubscriber classes into the eventbus for jade
[11Apr2025 23:18:42.241] [modloading-worker-0/DEBUG] [net.minecraftforge.fml.config.ConfigTracker/CONFIG]: Config file ironfurnaces-client.toml for ironfurnaces tracking
[11Apr2025 23:18:42.244] [modloading-worker-0/DEBUG] [net.minecraftforge.fml.ModLoadingContext/]: Attempted to register an empty config for type SERVER on mod ironfurnaces
[11Apr2025 23:18:42.357] [modloading-worker-0/DEBUG] [net.minecraftforge.fml.javafmlmod.AutomaticEventSubscriber/LOADING]: Attempting to inject @EventBusSubscriber classes into the eventbus for silentlib
[11Apr2025 23:18:42.357] [modloading-worker-0/DEBUG] [net.minecraftforge.fml.javafmlmod.AutomaticEventSubscriber/LOADING]: Auto-subscribing net.silentchaos512.lib.world.placement.LibPlacements to MOD
[11Apr2025 23:18:42.358] [modloading-worker-0/DEBUG] [net.minecraftforge.fml.javafmlmod.AutomaticEventSubscriber/LOADING]: Auto-subscribing net.silentchaos512.lib.util.EntityHelper to FORGE
[11Apr2025 23:18:42.359] [modloading-worker-0/DEBUG] [net.minecraftforge.fml.javafmlmod.AutomaticEventSubscriber/LOADING]: Attempting to inject @EventBusSubscriber classes into the eventbus for useless_sword
[11Apr2025 23:18:42.359] [modloading-worker-0/DEBUG] [net.minecraftforge.fml.javafmlmod.AutomaticEventSubscriber/LOADING]: Auto-subscribing net.mcreator.useless_sword.recipes.brewing.DragonBreathDiamondSwordCraft2BrewingRecipe to MOD
[11Apr2025 23:18:42.360] [modloading-worker-0/DEBUG] [net.minecraftforge.fml.javafmlmod.AutomaticEventSubscriber/LOADING]: Auto-subscribing net.mcreator.useless_sword.procedures.WitherBoneLootProcedure to FORGE
[11Apr2025 23:18:42.362] [modloading-worker-0/DEBUG] [net.minecraftforge.fml.javafmlmod.AutomaticEventSubscriber/LOADING]: Auto-subscribing net.mcreator.useless_sword.procedures.VexEctoplasmLootProcedure to FORGE
[11Apr2025 23:18:42.363] [modloading-worker-0/DEBUG] [net.minecraftforge.fml.javafmlmod.AutomaticEventSubscriber/LOADING]: Auto-subscribing net.mcreator.useless_sword.procedures.TurtleShieldPrProcedure to FORGE
[11Apr2025 23:18:42.370] [modloading-worker-0/DEBUG] [net.minecraftforge.fml.javafmlmod.AutomaticEventSubscriber/LOADING]: Auto-subscribing net.mcreator.useless_sword.procedures.RavagerLeatherLootProcedure to FORGE
[11Apr2025 23:18:42.374] [modloading-worker-0/DEBUG] [net.minecraftforge.fml.javafmlmod.AutomaticEventSubscriber/LOADING]: Attempting to inject @EventBusSubscriber classes into the eventbus for lionfishapi
[11Apr2025 23:18:42.374] [modloading-worker-0/DEBUG] [net.minecraftforge.fml.javafmlmod.AutomaticEventSubscriber/LOADING]: Auto-subscribing com.github.L_Ender.lionfishapi.LionfishAPI to FORGE
[11Apr2025 23:18:42.375] [modloading-worker-0/DEBUG] [net.minecraftforge.fml.javafmlmod.AutomaticEventSubscriber/LOADING]: Auto-subscribing com.github.L_Ender.lionfishapi.CommonProxy to MOD
[11Apr2025 23:18:42.380] [modloading-worker-0/DEBUG] [net.minecraftforge.fml.javafmlmod.AutomaticEventSubscriber/LOADING]: Auto-subscribing net.mcreator.useless_sword.procedures.GuardianSpikesLootProcedure to FORGE
[11Apr2025 23:18:42.381] [modloading-worker-0/DEBUG] [net.minecraftforge.fml.javafmlmod.AutomaticEventSubscriber/LOADING]: Auto-subscribing net.mcreator.useless_sword.procedures.GoldIronAlloySwordProcedureProcedure to FORGE
[11Apr2025 23:18:42.385] [modloading-worker-0/DEBUG] [net.minecraftforge.fml.javafmlmod.AutomaticEventSubscriber/LOADING]: Auto-subscribing net.mcreator.useless_sword.procedures.EndermanScaleLootProcedure to FORGE
[11Apr2025 23:18:42.391] [modloading-worker-0/DEBUG] [net.minecraftforge.fml.javafmlmod.AutomaticEventSubscriber/LOADING]: Auto-subscribing net.mcreator.useless_sword.network.DimensionalBreacherGUIButtonMessage to MOD
[11Apr2025 23:18:42.391] [modloading-worker-0/DEBUG] [net.minecraftforge.fml.javafmlmod.AutomaticEventSubscriber/LOADING]: Auto-subscribing net.mcreator.useless_sword.init.UselessSwordModTabs to MOD
[11Apr2025 23:18:42.392] [modloading-worker-0/DEBUG] [net.minecraftforge.fml.javafmlmod.AutomaticEventSubscriber/LOADING]: Auto-subscribing net.mcreator.useless_sword.init.UselessSwordModFuels to FORGE
[11Apr2025 23:18:42.397] [modloading-worker-0/DEBUG] [net.minecraftforge.fml.javafmlmod.AutomaticEventSubscriber/LOADING]: Auto-subscribing net.mcreator.useless_sword.init.UselessSwordModEntities to MOD
[11Apr2025 23:18:42.403] [modloading-worker-0/DEBUG] [ironfurnaces.IronFurnaces/]: Loading config file /workspaces/RATALAND2025/servidor_minecraft/config/ironfurnaces-client.toml
[11Apr2025 23:18:42.404] [modloading-worker-0/DEBUG] [ironfurnaces.IronFurnaces/]: Built TOML config for /workspaces/RATALAND2025/servidor_minecraft/config/ironfurnaces-client.toml
[11Apr2025 23:18:42.407] [modloading-worker-0/DEBUG] [ironfurnaces.IronFurnaces/]: Loaded TOML config file /workspaces/RATALAND2025/servidor_minecraft/config/ironfurnaces-client.toml
[11Apr2025 23:18:42.408] [modloading-worker-0/DEBUG] [net.minecraftforge.fml.config.ConfigTracker/CONFIG]: Config file cataclysm.toml for cataclysm tracking
[11Apr2025 23:18:42.413] [modloading-worker-0/DEBUG] [ironfurnaces.IronFurnaces/]: Loading config file /workspaces/RATALAND2025/servidor_minecraft/config/ironfurnaces.toml
[11Apr2025 23:18:42.413] [modloading-worker-0/DEBUG] [ironfurnaces.IronFurnaces/]: Built TOML config for /workspaces/RATALAND2025/servidor_minecraft/config/ironfurnaces.toml
[11Apr2025 23:18:42.414] [modloading-worker-0/DEBUG] [ironfurnaces.IronFurnaces/]: Loaded TOML config file /workspaces/RATALAND2025/servidor_minecraft/config/ironfurnaces.toml
[11Apr2025 23:18:42.414] [modloading-worker-0/INFO] [ironfurnaces.IronFurnaces/]: Initializing Update Checker...
[11Apr2025 23:18:42.415] [modloading-worker-0/DEBUG] [net.minecraftforge.fml.config.ConfigTracker/CONFIG]: Config file curios-client.toml for curios tracking
[11Apr2025 23:18:42.419] [modloading-worker-0/DEBUG] [net.minecraftforge.fml.javafmlmod.AutomaticEventSubscriber/LOADING]: Attempting to inject @EventBusSubscriber classes into the eventbus for ironfurnaces
[11Apr2025 23:18:42.420] [modloading-worker-0/DEBUG] [net.minecraftforge.fml.javafmlmod.AutomaticEventSubscriber/LOADING]: Auto-subscribing ironfurnaces.util.EventHandler to FORGE
[11Apr2025 23:18:42.420] [ Iron Furnaces Update Checker/INFO] [ironfurnaces.IronFurnaces/]: Starting Update Check...
[11Apr2025 23:18:42.424] [modloading-worker-0/DEBUG] [net.minecraftforge.fml.config.ConfigTracker/CONFIG]: Config file curios-common.toml for curios tracking
[11Apr2025 23:18:42.424] [modloading-worker-0/DEBUG] [net.minecraftforge.fml.config.ConfigTracker/CONFIG]: Config file curios-server.toml for curios tracking
[11Apr2025 23:18:42.424] [modloading-worker-0/DEBUG] [net.minecraftforge.fml.javafmlmod.AutomaticEventSubscriber/LOADING]: Attempting to inject @EventBusSubscriber classes into the eventbus for curios
[11Apr2025 23:18:42.431] [modloading-worker-0/DEBUG] [net.minecraftforge.fml.javafmlmod.AutomaticEventSubscriber/LOADING]: Auto-subscribing ironfurnaces.update.UpdateChecker to FORGE
[11Apr2025 23:18:42.431] [modloading-worker-0/DEBUG] [net.minecraftforge.fml.javafmlmod.AutomaticEventSubscriber/LOADING]: Auto-subscribing ironfurnaces.init.Registration to MOD
[11Apr2025 23:18:42.431] [modloading-worker-0/DEBUG] [net.minecraftforge.fml.javafmlmod.AutomaticEventSubscriber/LOADING]: Auto-subscribing ironfurnaces.init.ModSetup to MOD
[11Apr2025 23:18:42.431] [modloading-worker-0/DEBUG] [net.minecraftforge.fml.javafmlmod.AutomaticEventSubscriber/LOADING]: Auto-subscribing ironfurnaces.IronFurnaces to MOD
[11Apr2025 23:18:42.431] [modloading-worker-0/DEBUG] [net.minecraftforge.fml.javafmlmod.AutomaticEventSubscriber/LOADING]: Auto-subscribing ironfurnaces.Config to FORGE
[11Apr2025 23:18:42.436] [modloading-worker-0/DEBUG] [net.minecraftforge.fml.config.ConfigTracker/CONFIG]: Config file patchouli-client.toml for patchouli tracking
[11Apr2025 23:18:42.439] [modloading-worker-0/DEBUG] [mixin/]: Mixing gamerule.BooleanValueInvoker from mixins.artifacts.common.json into net.minecraft.world.level.GameRules$BooleanValue
[11Apr2025 23:18:42.440] [modloading-worker-0/DEBUG] [mixin/]: Renaming @Invoker method invokeCreate(ZLjava/util/function/BiConsumer;)Lnet/minecraft/world/level/GameRules$Type; to invokeCreate_$md$9818a3$0 in mixins.artifacts.common.json:gamerule.BooleanValueInvoker
[11Apr2025 23:18:42.444] [modloading-worker-0/DEBUG] [net.minecraftforge.fml.javafmlmod.AutomaticEventSubscriber/LOADING]: Attempting to inject @EventBusSubscriber classes into the eventbus for patchouli
[11Apr2025 23:18:42.445] [modloading-worker-0/DEBUG] [net.minecraftforge.fml.javafmlmod.AutomaticEventSubscriber/LOADING]: Auto-subscribing vazkii.patchouli.forge.common.ForgeModInitializer to MOD
[11Apr2025 23:18:42.469] [modloading-worker-0/DEBUG] [mixin/]: Mixing gamerule.IntegerValueInvoker from mixins.artifacts.common.json into net.minecraft.world.level.GameRules$IntegerValue
[11Apr2025 23:18:42.470] [modloading-worker-0/DEBUG] [mixin/]: Renaming @Invoker method invokeCreate(ILjava/util/function/BiConsumer;)Lnet/minecraft/world/level/GameRules$Type; to invokeCreate_$md$9818a3$0 in mixins.artifacts.common.json:gamerule.IntegerValueInvoker
[11Apr2025 23:18:42.503] [modloading-worker-0/DEBUG] [net.minecraftforge.fml.config.ConfigTracker/CONFIG]: Config file securitycraft-client.toml for securitycraft tracking
[11Apr2025 23:18:42.505] [modloading-worker-0/DEBUG] [net.minecraftforge.fml.config.ConfigTracker/CONFIG]: Config file securitycraft-server.toml for securitycraft tracking
[11Apr2025 23:18:43.157] [modloading-worker-0/DEBUG] [net.minecraftforge.fml.javafmlmod.AutomaticEventSubscriber/LOADING]: Attempting to inject @EventBusSubscriber classes into the eventbus for cataclysm
[11Apr2025 23:18:43.164] [modloading-worker-0/DEBUG] [net.minecraftforge.fml.javafmlmod.AutomaticEventSubscriber/LOADING]: Auto-subscribing com.github.L_Ender.cataclysm.world.CMWorldRegistry to MOD
[11Apr2025 23:18:43.166] [modloading-worker-0/DEBUG] [net.minecraftforge.fml.javafmlmod.AutomaticEventSubscriber/LOADING]: Auto-subscribing com.github.L_Ender.cataclysm.init.ModEntities to MOD
[11Apr2025 23:18:43.166] [modloading-worker-0/DEBUG] [net.minecraftforge.fml.javafmlmod.AutomaticEventSubscriber/LOADING]: Auto-subscribing com.github.L_Ender.cataclysm.event.ServerEventHandler to FORGE
[11Apr2025 23:18:43.166] [modloading-worker-0/DEBUG] [net.minecraftforge.fml.javafmlmod.AutomaticEventSubscriber/LOADING]: Auto-subscribing com.github.L_Ender.cataclysm.CommonProxy to MOD
[11Apr2025 23:18:43.166] [modloading-worker-0/DEBUG] [net.minecraftforge.fml.javafmlmod.AutomaticEventSubscriber/LOADING]: Auto-subscribing com.github.L_Ender.cataclysm.Cataclysm to FORGE
[11Apr2025 23:18:43.191] [modloading-worker-0/DEBUG] [mixin/]: Mixing GameTypeMixin from attributeslib.mixins.json into net.minecraft.world.level.GameType
[11Apr2025 23:18:43.217] [modloading-worker-0/DEBUG] [mixin/]: Mixing AttributeInstanceAccessor from attributeslib.mixins.json into net.minecraft.world.entity.ai.attributes.AttributeInstance
[11Apr2025 23:18:43.271] [modloading-worker-0/DEBUG] [net.minecraftforge.fml.javafmlmod.AutomaticEventSubscriber/LOADING]: Attempting to inject @EventBusSubscriber classes into the eventbus for attributeslib
[11Apr2025 23:18:43.330] [ Iron Furnaces Update Checker/INFO] [ironfurnaces.IronFurnaces/]: Update Check done!
[11Apr2025 23:18:43.333] [ Iron Furnaces Update Checker/INFO] [ironfurnaces.IronFurnaces/]: Iron Furnaces is up to date!
[11Apr2025 23:18:43.380] [modloading-worker-0/DEBUG] [net.minecraftforge.fml.javafmlmod.AutomaticEventSubscriber/LOADING]: Attempting to inject @EventBusSubscriber classes into the eventbus for iceandfire
[11Apr2025 23:18:43.380] [modloading-worker-0/DEBUG] [net.minecraftforge.fml.javafmlmod.AutomaticEventSubscriber/LOADING]: Auto-subscribing com.github.alexthe666.iceandfire.recipe.IafRecipeRegistry to MOD
[11Apr2025 23:18:43.381] [modloading-worker-0/DEBUG] [net.minecraftforge.fml.javafmlmod.AutomaticEventSubscriber/LOADING]: Auto-subscribing com.github.alexthe666.iceandfire.misc.IafSoundRegistry to MOD
[11Apr2025 23:18:43.381] [modloading-worker-0/DEBUG] [net.minecraftforge.fml.javafmlmod.AutomaticEventSubscriber/LOADING]: Auto-subscribing com.github.alexthe666.iceandfire.misc.IafDamageRegistry to MOD
[11Apr2025 23:18:43.385] [modloading-worker-0/DEBUG] [net.minecraftforge.fml.javafmlmod.AutomaticEventSubscriber/LOADING]: Auto-subscribing com.github.alexthe666.iceandfire.item.IafItemRegistry to MOD
[11Apr2025 23:18:43.386] [modloading-worker-0/DEBUG] [net.minecraftforge.fml.javafmlmod.AutomaticEventSubscriber/LOADING]: Auto-subscribing com.github.alexthe666.iceandfire.event.ServerEvents to FORGE
[11Apr2025 23:18:43.406] [modloading-worker-0/DEBUG] [net.minecraftforge.fml.javafmlmod.AutomaticEventSubscriber/LOADING]: Auto-subscribing com.github.alexthe666.iceandfire.entity.props.CapabilityHandler to FORGE
[11Apr2025 23:18:43.412] [modloading-worker-0/DEBUG] [net.minecraftforge.fml.javafmlmod.AutomaticEventSubscriber/LOADING]: Auto-subscribing com.github.alexthe666.iceandfire.entity.IafVillagerRegistry to MOD
[11Apr2025 23:18:43.412] [modloading-worker-0/DEBUG] [net.minecraftforge.fml.javafmlmod.AutomaticEventSubscriber/LOADING]: Auto-subscribing com.github.alexthe666.iceandfire.entity.IafEntityRegistry to MOD
[11Apr2025 23:18:43.413] [modloading-worker-0/DEBUG] [net.minecraftforge.fml.javafmlmod.AutomaticEventSubscriber/LOADING]: Auto-subscribing com.github.alexthe666.iceandfire.datagen.DataGenerators to MOD
[11Apr2025 23:18:43.428] [modloading-worker-0/DEBUG] [net.minecraftforge.fml.javafmlmod.AutomaticEventSubscriber/LOADING]: Auto-subscribing com.github.alexthe666.iceandfire.block.IafBlockRegistry to MOD
[11Apr2025 23:18:43.429] [modloading-worker-0/DEBUG] [net.minecraftforge.fml.javafmlmod.AutomaticEventSubscriber/LOADING]: Auto-subscribing com.github.alexthe666.iceandfire.IceAndFire to FORGE
[11Apr2025 23:18:43.429] [modloading-worker-0/DEBUG] [net.minecraftforge.fml.javafmlmod.AutomaticEventSubscriber/LOADING]: Auto-subscribing com.github.alexthe666.iceandfire.CommonProxy to MOD
[11Apr2025 23:18:43.432] [modloading-worker-0/DEBUG] [net.minecraftforge.fml.javafmlmod.AutomaticEventSubscriber/LOADING]: Attempting to inject @EventBusSubscriber classes into the eventbus for securitycraft
[11Apr2025 23:18:43.435] [modloading-worker-0/DEBUG] [net.minecraftforge.fml.javafmlmod.AutomaticEventSubscriber/LOADING]: Auto-subscribing net.geforcemods.securitycraft.api.SecurityCraftAPI to MOD
[11Apr2025 23:18:43.436] [modloading-worker-0/DEBUG] [net.minecraftforge.fml.javafmlmod.AutomaticEventSubscriber/LOADING]: Auto-subscribing net.geforcemods.securitycraft.SecurityCraft to MOD
[11Apr2025 23:18:43.437] [modloading-worker-0/DEBUG] [net.minecraftforge.fml.javafmlmod.AutomaticEventSubscriber/LOADING]: Auto-subscribing net.geforcemods.securitycraft.SCEventHandler to FORGE
[11Apr2025 23:18:43.459] [modloading-worker-0/DEBUG] [net.minecraftforge.fml.config.ConfigTracker/CONFIG]: Config file irons_spellbooks-client.toml for irons_spellbooks tracking
[11Apr2025 23:18:43.460] [modloading-worker-0/DEBUG] [net.minecraftforge.fml.javafmlmod.AutomaticEventSubscriber/LOADING]: Auto-subscribing net.geforcemods.securitycraft.RegistrationHandler to MOD
[11Apr2025 23:18:43.466] [modloading-worker-0/DEBUG] [net.minecraftforge.fml.javafmlmod.AutomaticEventSubscriber/LOADING]: Auto-subscribing net.geforcemods.securitycraft.ConfigHandler to MOD
[11Apr2025 23:18:43.483] [modloading-worker-0/DEBUG] [net.minecraftforge.fml.javafmlmod.AutomaticEventSubscriber/LOADING]: Attempting to inject @EventBusSubscriber classes into the eventbus for morevanillaarmor
[11Apr2025 23:18:43.483] [modloading-worker-0/DEBUG] [net.minecraftforge.fml.javafmlmod.AutomaticEventSubscriber/LOADING]: Auto-subscribing de.melanx.MoreVanillaArmor.events.PlayerDamagedEvent to FORGE
[11Apr2025 23:18:43.483] [modloading-worker-0/DEBUG] [net.minecraftforge.fml.javafmlmod.AutomaticEventSubscriber/LOADING]: Auto-subscribing de.melanx.MoreVanillaArmor.data.DataCreator to MOD
[11Apr2025 23:18:43.491] [modloading-worker-0/DEBUG] [net.minecraftforge.fml.javafmlmod.AutomaticEventSubscriber/LOADING]: Attempting to inject @EventBusSubscriber classes into the eventbus for gobber2
[11Apr2025 23:18:43.492] [modloading-worker-0/DEBUG] [net.minecraftforge.fml.javafmlmod.AutomaticEventSubscriber/LOADING]: Auto-subscribing com.kwpugh.gobber2.util.PlayerSpecialAbilities to FORGE
[11Apr2025 23:18:43.493] [modloading-worker-0/DEBUG] [net.minecraftforge.fml.javafmlmod.AutomaticEventSubscriber/LOADING]: Auto-subscribing com.kwpugh.gobber2.util.handlers.AbilityEventHandler to FORGE
[11Apr2025 23:18:43.508] [modloading-worker-0/DEBUG] [net.minecraftforge.fml.javafmlmod.AutomaticEventSubscriber/LOADING]: Auto-subscribing com.kwpugh.gobber2.util.handlers.RepairTickEventHandler to FORGE
[11Apr2025 23:18:43.509] [modloading-worker-0/DEBUG] [net.minecraftforge.fml.javafmlmod.AutomaticEventSubscriber/LOADING]: Auto-subscribing com.kwpugh.gobber2.util.handlers.AnvilEventHandler to FORGE
[11Apr2025 23:18:43.514] [modloading-worker-0/DEBUG] [net.minecraftforge.fml.javafmlmod.AutomaticEventSubscriber/LOADING]: Auto-subscribing com.kwpugh.gobber2.util.handlers.MinerBlockManager to FORGE
[11Apr2025 23:18:43.523] [modloading-worker-0/DEBUG] [net.minecraftforge.fml.config.ConfigTracker/CONFIG]: Config file irons_spellbooks-server.toml for irons_spellbooks tracking
[11Apr2025 23:18:43.525] [modloading-worker-0/DEBUG] [net.minecraftforge.fml.javafmlmod.AutomaticEventSubscriber/LOADING]: Attempting to inject @EventBusSubscriber classes into the eventbus for irons_spellbooks
[11Apr2025 23:18:43.526] [modloading-worker-0/DEBUG] [net.minecraftforge.fml.javafmlmod.AutomaticEventSubscriber/LOADING]: Auto-subscribing io.redspace.ironsspellbooks.worldgen.VillageAddition to FORGE
[11Apr2025 23:18:43.527] [modloading-worker-0/DEBUG] [net.minecraftforge.fml.javafmlmod.AutomaticEventSubscriber/LOADING]: Auto-subscribing io.redspace.ironsspellbooks.setup.DataHandling to FORGE
[11Apr2025 23:18:43.532] [modloading-worker-0/DEBUG] [net.minecraftforge.fml.javafmlmod.AutomaticEventSubscriber/LOADING]: Auto-subscribing io.redspace.ironsspellbooks.setup.CommonSetup to MOD
[11Apr2025 23:18:43.540] [modloading-worker-0/DEBUG] [net.minecraftforge.fml.javafmlmod.AutomaticEventSubscriber/LOADING]: Auto-subscribing io.redspace.ironsspellbooks.registries.CreativeTabRegistry to MOD
[11Apr2025 23:18:43.541] [modloading-worker-0/DEBUG] [net.minecraftforge.fml.javafmlmod.AutomaticEventSubscriber/LOADING]: Auto-subscribing io.redspace.ironsspellbooks.registries.CommandRegistry to FORGE
[11Apr2025 23:18:43.544] [modloading-worker-0/DEBUG] [net.minecraftforge.fml.javafmlmod.AutomaticEventSubscriber/LOADING]: Auto-subscribing io.redspace.ironsspellbooks.player.ServerPlayerEvents to FORGE
[11Apr2025 23:18:43.566] [modloading-worker-0/DEBUG] [mixin/]: Mixing LootTableMixin from balm.mixins.json into net.minecraft.world.level.storage.loot.LootTable
[11Apr2025 23:18:43.581] [modloading-worker-0/DEBUG] [net.minecraftforge.fml.javafmlmod.AutomaticEventSubscriber/LOADING]: Auto-subscribing io.redspace.ironsspellbooks.player.AdditionalWanderingTrades to FORGE
[11Apr2025 23:18:43.582] [modloading-worker-0/DEBUG] [net.minecraftforge.fml.javafmlmod.AutomaticEventSubscriber/LOADING]: Auto-subscribing io.redspace.ironsspellbooks.loot.LootDebugEvents to FORGE
[11Apr2025 23:18:43.586] [modloading-worker-0/DEBUG] [net.minecraftforge.fml.javafmlmod.AutomaticEventSubscriber/LOADING]: Auto-subscribing io.redspace.ironsspellbooks.entity.mobs.wizards.WizardAIEvents to FORGE
[11Apr2025 23:18:43.591] [modloading-worker-0/DEBUG] [net.minecraftforge.fml.javafmlmod.AutomaticEventSubscriber/LOADING]: Attempting to inject @EventBusSubscriber classes into the eventbus for immersiveores
[11Apr2025 23:18:43.591] [modloading-worker-0/DEBUG] [net.minecraftforge.fml.javafmlmod.AutomaticEventSubscriber/LOADING]: Auto-subscribing com.blocklegend001.immersiveores.events.hammer.ModEventsVulpusHammer to FORGE
[11Apr2025 23:18:43.592] [modloading-worker-0/DEBUG] [net.minecraftforge.fml.javafmlmod.AutomaticEventSubscriber/LOADING]: Auto-subscribing com.blocklegend001.immersiveores.events.hammer.ModEventsVibraniumHammer to FORGE
[11Apr2025 23:18:43.596] [modloading-worker-0/DEBUG] [net.minecraftforge.fml.javafmlmod.AutomaticEventSubscriber/LOADING]: Auto-subscribing io.redspace.ironsspellbooks.effect.guiding_bolt.GuidingBoltManager to FORGE
[11Apr2025 23:18:43.600] [modloading-worker-0/DEBUG] [net.minecraftforge.fml.javafmlmod.AutomaticEventSubscriber/LOADING]: Attempting to inject @EventBusSubscriber classes into the eventbus for architectury
[11Apr2025 23:18:43.602] [modloading-worker-0/DEBUG] [net.minecraftforge.fml.javafmlmod.AutomaticEventSubscriber/LOADING]: Auto-subscribing dev.architectury.registry.level.entity.trade.forge.TradeRegistryImpl to FORGE
[11Apr2025 23:18:43.604] [modloading-worker-0/DEBUG] [net.minecraftforge.fml.javafmlmod.AutomaticEventSubscriber/LOADING]: Auto-subscribing dev.architectury.registry.forge.ReloadListenerRegistryImpl to FORGE
[11Apr2025 23:18:43.602] [modloading-worker-0/DEBUG] [net.minecraftforge.fml.javafmlmod.AutomaticEventSubscriber/LOADING]: Auto-subscribing io.redspace.ironsspellbooks.effect.ThunderstormEffect to FORGE
[11Apr2025 23:18:43.605] [modloading-worker-0/DEBUG] [mixin/]: Mixing AttributeMapMixin from attributeslib.mixins.json into net.minecraft.world.entity.ai.attributes.AttributeMap
[11Apr2025 23:18:43.597] [modloading-worker-0/DEBUG] [net.minecraftforge.fml.javafmlmod.AutomaticEventSubscriber/LOADING]: Auto-subscribing com.blocklegend001.immersiveores.events.hammer.ModEventsEnderiumHammer to FORGE
[11Apr2025 23:18:43.607] [modloading-worker-0/DEBUG] [mixin/]: Renaming synthetic method lambda$setAttributesUpdating$0(Lnet/minecraft/world/entity/ai/attributes/Attribute;Lcom/mojang/datafixers/util/Pair;)V to md9818a3$lambda$setAttributesUpdating$0$0 in attributeslib.mixins.json:AttributeMapMixin
[11Apr2025 23:18:43.613] [modloading-worker-0/DEBUG] [net.minecraftforge.fml.javafmlmod.AutomaticEventSubscriber/LOADING]: Auto-subscribing com.blocklegend001.immersiveores.events.excavator.ModEventsVulpusExcavator to FORGE
[11Apr2025 23:18:43.615] [modloading-worker-0/DEBUG] [net.minecraftforge.fml.javafmlmod.AutomaticEventSubscriber/LOADING]: Auto-subscribing com.blocklegend001.immersiveores.events.excavator.ModEventsVibraniumExcavator to FORGE
[11Apr2025 23:18:43.614] [modloading-worker-0/DEBUG] [net.minecraftforge.fml.javafmlmod.AutomaticEventSubscriber/LOADING]: Auto-subscribing dev.architectury.networking.forge.NetworkManagerImpl to FORGE
[11Apr2025 23:18:43.619] [modloading-worker-0/DEBUG] [net.minecraftforge.fml.javafmlmod.AutomaticEventSubscriber/LOADING]: Auto-subscribing io.redspace.ironsspellbooks.effect.OakskinEffect to FORGE
[11Apr2025 23:18:43.623] [modloading-worker-0/DEBUG] [net.minecraftforge.fml.javafmlmod.AutomaticEventSubscriber/LOADING]: Auto-subscribing io.redspace.ironsspellbooks.effect.GluttonyEffect to FORGE
[11Apr2025 23:18:43.624] [modloading-worker-0/DEBUG] [net.minecraftforge.fml.javafmlmod.AutomaticEventSubscriber/LOADING]: Auto-subscribing com.blocklegend001.immersiveores.events.excavator.ModEventsEnderiumExcavator to FORGE
[11Apr2025 23:18:43.624] [modloading-worker-0/DEBUG] [net.minecraftforge.fml.javafmlmod.AutomaticEventSubscriber/LOADING]: Auto-subscribing io.redspace.ironsspellbooks.effect.EchoingStrikesEffect to FORGE
[11Apr2025 23:18:43.624] [modloading-worker-0/DEBUG] [net.minecraftforge.fml.javafmlmod.AutomaticEventSubscriber/LOADING]: Auto-subscribing com.blocklegend001.immersiveores.datagen.DataGenerators to MOD
[11Apr2025 23:18:43.625] [modloading-worker-0/DEBUG] [net.minecraftforge.fml.javafmlmod.AutomaticEventSubscriber/LOADING]: Auto-subscribing io.redspace.ironsspellbooks.effect.BlightEffect to FORGE
[11Apr2025 23:18:43.625] [modloading-worker-0/DEBUG] [net.minecraftforge.fml.javafmlmod.AutomaticEventSubscriber/LOADING]: Auto-subscribing io.redspace.ironsspellbooks.datagen.DataGenerators to MOD
[11Apr2025 23:18:43.628] [modloading-worker-0/DEBUG] [net.minecraftforge.fml.javafmlmod.AutomaticEventSubscriber/LOADING]: Auto-subscribing io.redspace.ironsspellbooks.damage.DamageSources to FORGE
[11Apr2025 23:18:43.630] [modloading-worker-0/DEBUG] [net.minecraftforge.fml.javafmlmod.AutomaticEventSubscriber/LOADING]: Auto-subscribing io.redspace.ironsspellbooks.api.util.CameraShakeManager to FORGE
[11Apr2025 23:18:43.631] [modloading-worker-0/DEBUG] [net.minecraftforge.fml.javafmlmod.AutomaticEventSubscriber/LOADING]: Auto-subscribing io.redspace.ironsspellbooks.api.registry.AttributeRegistry to MOD
[11Apr2025 23:18:43.653] [modloading-worker-0/DEBUG] [net.minecraftforge.versions.forge.ForgeVersion/CORE]: Forge Version package package net.minecraftforge.versions.forge, Forge, version 47.3 from cpw.mods.modlauncher.TransformingClassLoader@3e39baf0
[11Apr2025 23:18:43.654] [modloading-worker-0/DEBUG] [net.minecraftforge.versions.forge.ForgeVersion/CORE]: Found Forge version 47.3.7
[11Apr2025 23:18:43.654] [modloading-worker-0/DEBUG] [net.minecraftforge.versions.forge.ForgeVersion/CORE]: Found Forge spec 47.3
[11Apr2025 23:18:43.654] [modloading-worker-0/DEBUG] [net.minecraftforge.versions.forge.ForgeVersion/CORE]: Found Forge group net.minecraftforge
[11Apr2025 23:18:43.655] [modloading-worker-0/DEBUG] [net.minecraftforge.versions.mcp.MCPVersion/CORE]: MCP Version package package net.minecraftforge.versions.mcp, Minecraft, version 1.20.1 from cpw.mods.modlauncher.TransformingClassLoader@3e39baf0
[11Apr2025 23:18:43.657] [modloading-worker-0/DEBUG] [net.minecraftforge.versions.mcp.MCPVersion/CORE]: Found MC version information 1.20.1
[11Apr2025 23:18:43.657] [modloading-worker-0/DEBUG] [net.minecraftforge.versions.mcp.MCPVersion/CORE]: Found MCP version information 20230612.114412
[11Apr2025 23:18:43.659] [modloading-worker-0/INFO] [net.minecraftforge.common.ForgeMod/FORGEMOD]: Forge mod loading, version 47.3.7, for MC 1.20.1 with MCP 20230612.114412
[11Apr2025 23:18:43.659] [modloading-worker-0/INFO] [net.minecraftforge.common.MinecraftForge/FORGE]: MinecraftForge v47.3.7 Initialized
[11Apr2025 23:18:43.701] [modloading-worker-0/DEBUG] [net.minecraftforge.fml.config.ConfigTracker/CONFIG]: Config file scalinghealth-client.toml for scalinghealth tracking
[11Apr2025 23:18:43.705] [modloading-worker-0/DEBUG] [net.minecraftforge.fml.config.ConfigTracker/CONFIG]: Config file scalinghealth-server.toml for scalinghealth tracking
[11Apr2025 23:18:43.704] [modloading-worker-0/DEBUG] [net.minecraftforge.fml.config.ConfigTracker/CONFIG]: Config file deeperdarker-common.toml for deeperdarker tracking
[11Apr2025 23:18:43.707] [modloading-worker-0/DEBUG] [net.minecraftforge.fml.javafmlmod.AutomaticEventSubscriber/LOADING]: Attempting to inject @EventBusSubscriber classes into the eventbus for deeperdarker
[11Apr2025 23:18:43.701] [modloading-worker-0/DEBUG] [io.netty.util.internal.PlatformDependent0/]: -Dio.netty.noUnsafe: false
[11Apr2025 23:18:43.707] [modloading-worker-0/DEBUG] [net.minecraftforge.fml.javafmlmod.AutomaticEventSubscriber/LOADING]: Auto-subscribing com.kyanite.deeperdarker.DeeperDarkerEvents to FORGE
[11Apr2025 23:18:43.708] [modloading-worker-0/DEBUG] [io.netty.util.internal.PlatformDependent0/]: Java version: 17
[11Apr2025 23:18:43.708] [modloading-worker-0/DEBUG] [io.netty.util.internal.PlatformDependent0/]: sun.misc.Unsafe.theUnsafe: available
[11Apr2025 23:18:43.708] [modloading-worker-0/DEBUG] [io.netty.util.internal.PlatformDependent0/]: sun.misc.Unsafe.copyMemory: available
[11Apr2025 23:18:43.709] [modloading-worker-0/DEBUG] [io.netty.util.internal.PlatformDependent0/]: sun.misc.Unsafe.storeFence: available
[11Apr2025 23:18:43.709] [modloading-worker-0/DEBUG] [io.netty.util.internal.PlatformDependent0/]: java.nio.Buffer.address: available
[11Apr2025 23:18:43.709] [modloading-worker-0/DEBUG] [io.netty.util.internal.PlatformDependent0/]: direct buffer constructor: unavailable
java.lang.UnsupportedOperationException: Reflective setAccessible(true) disabled
	at io.netty.util.internal.ReflectionUtil.trySetAccessible(ReflectionUtil.java:31) ~[netty-common-4.1.82.Final.jar%2382!/:4.1.82.Final]
	at io.netty.util.internal.PlatformDependent0$5.run(PlatformDependent0.java:288) ~[netty-common-4.1.82.Final.jar%2382!/:4.1.82.Final]
	at java.security.AccessController.doPrivileged(AccessController.java:318) ~[?:?]
	at io.netty.util.internal.PlatformDependent0.<clinit>(PlatformDependent0.java:282) ~[netty-common-4.1.82.Final.jar%2382!/:4.1.82.Final]
	at io.netty.util.internal.PlatformDependent.isAndroid(PlatformDependent.java:333) ~[netty-common-4.1.82.Final.jar%2382!/:4.1.82.Final]
	at io.netty.util.internal.PlatformDependent.<clinit>(PlatformDependent.java:88) ~[netty-common-4.1.82.Final.jar%2382!/:4.1.82.Final]
	at io.netty.util.ConstantPool.<init>(ConstantPool.java:34) ~[netty-common-4.1.82.Final.jar%2382!/:4.1.82.Final]
	at io.netty.util.AttributeKey$1.<init>(AttributeKey.java:27) ~[netty-common-4.1.82.Final.jar%2382!/:4.1.82.Final]
	at io.netty.util.AttributeKey.<clinit>(AttributeKey.java:27) ~[netty-common-4.1.82.Final.jar%2382!/:4.1.82.Final]
	at net.minecraftforge.network.NetworkConstants.<clinit>(NetworkConstants.java:34) ~[forge-1.20.1-47.3.7-universal.jar%23192!/:?]
	at net.minecraftforge.common.ForgeMod.<init>(ForgeMod.java:429) ~[forge-1.20.1-47.3.7-universal.jar%23192!/:?]
	at jdk.internal.reflect.NativeConstructorAccessorImpl.newInstance0(Native Method) ~[?:?]
	at jdk.internal.reflect.NativeConstructorAccessorImpl.newInstance(NativeConstructorAccessorImpl.java:77) ~[?:?]
	at jdk.internal.reflect.DelegatingConstructorAccessorImpl.newInstance(DelegatingConstructorAccessorImpl.java:45) ~[?:?]
	at java.lang.reflect.Constructor.newInstanceWithCaller(Constructor.java:500) ~[?:?]
	at java.lang.reflect.Constructor.newInstance(Constructor.java:481) ~[?:?]
	at net.minecraftforge.fml.javafmlmod.FMLModContainer.constructMod(FMLModContainer.java:70) ~[javafmllanguage-1.20.1-47.3.7.jar%23189!/:?]
	at net.minecraftforge.fml.ModContainer.lambda$buildTransitionHandler$4(ModContainer.java:124) ~[fmlcore-1.20.1-47.3.7.jar%23188!/:?]
	at java.util.concurrent.CompletableFuture$AsyncRun.run(CompletableFuture.java:1804) ~[?:?]
	at java.util.concurrent.CompletableFuture$AsyncRun.exec(CompletableFuture.java:1796) ~[?:?]
	at java.util.concurrent.ForkJoinTask.doExec(ForkJoinTask.java:373) ~[?:?]
	at java.util.concurrent.ForkJoinPool$WorkQueue.topLevelExec(ForkJoinPool.java:1182) ~[?:?]
	at java.util.concurrent.ForkJoinPool.scan(ForkJoinPool.java:1655) ~[?:?]
	at java.util.concurrent.ForkJoinPool.runWorker(ForkJoinPool.java:1622) ~[?:?]
	at java.util.concurrent.ForkJoinWorkerThread.run(ForkJoinWorkerThread.java:165) ~[?:?]
[11Apr2025 23:18:43.713] [modloading-worker-0/DEBUG] [io.netty.util.internal.PlatformDependent0/]: java.nio.Bits.unaligned: available, true
[11Apr2025 23:18:43.717] [modloading-worker-0/DEBUG] [net.minecraftforge.fml.config.ConfigTracker/CONFIG]: Config file appleskin-client.toml for appleskin tracking
[11Apr2025 23:18:43.717] [modloading-worker-0/DEBUG] [io.netty.util.internal.PlatformDependent0/]: jdk.internal.misc.Unsafe.allocateUninitializedArray(int): unavailable
java.lang.IllegalAccessException: class io.netty.util.internal.PlatformDependent0$7 (in module io.netty.common) cannot access class jdk.internal.misc.Unsafe (in module java.base) because module java.base does not export jdk.internal.misc to module io.netty.common
	at jdk.internal.reflect.Reflection.newIllegalAccessException(Reflection.java:392) ~[?:?]
	at java.lang.reflect.AccessibleObject.checkAccess(AccessibleObject.java:674) ~[?:?]
	at java.lang.reflect.Method.invoke(Method.java:561) ~[?:?]
	at io.netty.util.internal.PlatformDependent0$7.run(PlatformDependent0.java:410) ~[netty-common-4.1.82.Final.jar%2382!/:4.1.82.Final]
	at java.security.AccessController.doPrivileged(AccessController.java:318) ~[?:?]
	at io.netty.util.internal.PlatformDependent0.<clinit>(PlatformDependent0.java:401) ~[netty-common-4.1.82.Final.jar%2382!/:4.1.82.Final]
	at io.netty.util.internal.PlatformDependent.isAndroid(PlatformDependent.java:333) ~[netty-common-4.1.82.Final.jar%2382!/:4.1.82.Final]
	at io.netty.util.internal.PlatformDependent.<clinit>(PlatformDependent.java:88) ~[netty-common-4.1.82.Final.jar%2382!/:4.1.82.Final]
	at io.netty.util.ConstantPool.<init>(ConstantPool.java:34) ~[netty-common-4.1.82.Final.jar%2382!/:4.1.82.Final]
	at io.netty.util.AttributeKey$1.<init>(AttributeKey.java:27) ~[netty-common-4.1.82.Final.jar%2382!/:4.1.82.Final]
	at io.netty.util.AttributeKey.<clinit>(AttributeKey.java:27) ~[netty-common-4.1.82.Final.jar%2382!/:4.1.82.Final]
	at net.minecraftforge.network.NetworkConstants.<clinit>(NetworkConstants.java:34) ~[forge-1.20.1-47.3.7-universal.jar%23192!/:?]
	at net.minecraftforge.common.ForgeMod.<init>(ForgeMod.java:429) ~[forge-1.20.1-47.3.7-universal.jar%23192!/:?]
	at jdk.internal.reflect.NativeConstructorAccessorImpl.newInstance0(Native Method) ~[?:?]
	at jdk.internal.reflect.NativeConstructorAccessorImpl.newInstance(NativeConstructorAccessorImpl.java:77) ~[?:?]
	at jdk.internal.reflect.DelegatingConstructorAccessorImpl.newInstance(DelegatingConstructorAccessorImpl.java:45) ~[?:?]
	at java.lang.reflect.Constructor.newInstanceWithCaller(Constructor.java:500) ~[?:?]
	at java.lang.reflect.Constructor.newInstance(Constructor.java:481) ~[?:?]
	at net.minecraftforge.fml.javafmlmod.FMLModContainer.constructMod(FMLModContainer.java:70) ~[javafmllanguage-1.20.1-47.3.7.jar%23189!/:?]
	at net.minecraftforge.fml.ModContainer.lambda$buildTransitionHandler$4(ModContainer.java:124) ~[fmlcore-1.20.1-47.3.7.jar%23188!/:?]
	at java.util.concurrent.CompletableFuture$AsyncRun.run(CompletableFuture.java:1804) ~[?:?]
	at java.util.concurrent.CompletableFuture$AsyncRun.exec(CompletableFuture.java:1796) ~[?:?]
	at java.util.concurrent.ForkJoinTask.doExec(ForkJoinTask.java:373) ~[?:?]
	at java.util.concurrent.ForkJoinPool$WorkQueue.topLevelExec(ForkJoinPool.java:1182) ~[?:?]
	at java.util.concurrent.ForkJoinPool.scan(ForkJoinPool.java:1655) ~[?:?]
	at java.util.concurrent.ForkJoinPool.runWorker(ForkJoinPool.java:1622) ~[?:?]
	at java.util.concurrent.ForkJoinWorkerThread.run(ForkJoinWorkerThread.java:165) ~[?:?]
[11Apr2025 23:18:43.718] [modloading-worker-0/DEBUG] [net.minecraftforge.fml.javafmlmod.AutomaticEventSubscriber/LOADING]: Attempting to inject @EventBusSubscriber classes into the eventbus for scalinghealth
[11Apr2025 23:18:43.718] [modloading-worker-0/DEBUG] [net.minecraftforge.fml.javafmlmod.AutomaticEventSubscriber/LOADING]: Auto-subscribing net.silentchaos512.scalinghealth.resources.mechanics.SHMechanics to FORGE
[11Apr2025 23:18:43.719] [modloading-worker-0/DEBUG] [io.netty.util.internal.PlatformDependent0/]: java.nio.DirectByteBuffer.<init>(long, int): unavailable
[11Apr2025 23:18:43.720] [modloading-worker-0/DEBUG] [io.netty.util.internal.PlatformDependent/]: sun.misc.Unsafe: available
[11Apr2025 23:18:43.720] [modloading-worker-0/DEBUG] [io.netty.util.internal.PlatformDependent/]: maxDirectMemory: 12884901888 bytes (maybe)
[11Apr2025 23:18:43.720] [modloading-worker-0/DEBUG] [io.netty.util.internal.PlatformDependent/]: -Dio.netty.tmpdir: /tmp (java.io.tmpdir)
[11Apr2025 23:18:43.720] [modloading-worker-0/DEBUG] [net.minecraftforge.fml.javafmlmod.AutomaticEventSubscriber/LOADING]: Attempting to inject @EventBusSubscriber classes into the eventbus for appleskin
[11Apr2025 23:18:43.720] [modloading-worker-0/DEBUG] [io.netty.util.internal.PlatformDependent/]: -Dio.netty.bitMode: 64 (sun.arch.data.model)
[11Apr2025 23:18:43.721] [modloading-worker-0/DEBUG] [io.netty.util.internal.PlatformDependent/]: -Dio.netty.maxDirectMemory: -1 bytes
[11Apr2025 23:18:43.721] [modloading-worker-0/DEBUG] [io.netty.util.internal.PlatformDependent/]: -Dio.netty.uninitializedArrayAllocationThreshold: -1
[11Apr2025 23:18:43.723] [modloading-worker-0/INFO] [be.florens.expandability.ExpandAbility/]: ExpandAbility here, who dis?
[11Apr2025 23:18:43.723] [modloading-worker-0/DEBUG] [net.minecraftforge.fml.javafmlmod.AutomaticEventSubscriber/LOADING]: Attempting to inject @EventBusSubscriber classes into the eventbus for expandability
[11Apr2025 23:18:43.731] [modloading-worker-0/DEBUG] [io.netty.util.internal.CleanerJava9/]: java.nio.ByteBuffer.cleaner(): available
[11Apr2025 23:18:43.731] [modloading-worker-0/DEBUG] [io.netty.util.internal.PlatformDependent/]: -Dio.netty.noPreferDirect: false
[11Apr2025 23:18:43.804] [modloading-worker-0/DEBUG] [net.minecraftforge.common.ForgeMod/FORGEMOD]: Loading Network data for FML net version: FML3
[11Apr2025 23:18:43.817] [modloading-worker-0/DEBUG] [net.minecraftforge.fml.config.ConfigTracker/CONFIG]: Config file forge-client.toml for forge tracking
[11Apr2025 23:18:43.818] [modloading-worker-0/DEBUG] [net.minecraftforge.fml.config.ConfigTracker/CONFIG]: Config file forge-server.toml for forge tracking
[11Apr2025 23:18:43.818] [modloading-worker-0/DEBUG] [net.minecraftforge.fml.ModLoadingContext/]: Attempted to register an empty config for type COMMON on mod forge
[11Apr2025 23:18:43.833] [modloading-worker-0/DEBUG] [net.minecraftforge.fml.javafmlmod.AutomaticEventSubscriber/LOADING]: Auto-subscribing net.silentchaos512.scalinghealth.resources.mechanics.SHMechanicListener to FORGE
[11Apr2025 23:18:43.835] [modloading-worker-0/DEBUG] [net.minecraftforge.fml.javafmlmod.AutomaticEventSubscriber/LOADING]: Auto-subscribing net.silentchaos512.scalinghealth.event.PlayerBonusRegenHandler to FORGE
[11Apr2025 23:18:43.837] [modloading-worker-0/DEBUG] [net.minecraftforge.fml.javafmlmod.AutomaticEventSubscriber/LOADING]: Auto-subscribing net.silentchaos512.scalinghealth.event.PetEventHandler to FORGE
[11Apr2025 23:18:43.838] [modloading-worker-0/DEBUG] [net.minecraftforge.fml.javafmlmod.AutomaticEventSubscriber/LOADING]: Attempting to inject @EventBusSubscriber classes into the eventbus for mca
[11Apr2025 23:18:43.839] [modloading-worker-0/DEBUG] [net.minecraftforge.fml.javafmlmod.AutomaticEventSubscriber/LOADING]: Auto-subscribing forge.net.mca.forge.ForgeBusEvents to FORGE
[11Apr2025 23:18:43.839] [modloading-worker-0/DEBUG] [net.minecraftforge.fml.javafmlmod.AutomaticEventSubscriber/LOADING]: Auto-subscribing net.silentchaos512.scalinghealth.event.DifficultyEvents to FORGE
[11Apr2025 23:18:43.844] [modloading-worker-0/DEBUG] [net.minecraftforge.fml.javafmlmod.AutomaticEventSubscriber/LOADING]: Attempting to inject @EventBusSubscriber classes into the eventbus for forge
[11Apr2025 23:18:43.841] [modloading-worker-0/DEBUG] [net.minecraftforge.fml.javafmlmod.AutomaticEventSubscriber/LOADING]: Auto-subscribing forge.net.mca.forge.MCAForge to MOD
[11Apr2025 23:18:43.845] [modloading-worker-0/DEBUG] [net.minecraftforge.fml.javafmlmod.AutomaticEventSubscriber/LOADING]: Auto-subscribing net.minecraftforge.common.ForgeSpawnEggItem$CommonHandler to MOD
[11Apr2025 23:18:43.849] [modloading-worker-0/DEBUG] [net.minecraftforge.fml.javafmlmod.AutomaticEventSubscriber/LOADING]: Auto-subscribing net.silentchaos512.scalinghealth.event.DamageScaling to FORGE
[11Apr2025 23:18:43.850] [modloading-worker-0/DEBUG] [net.minecraftforge.fml.javafmlmod.AutomaticEventSubscriber/LOADING]: Auto-subscribing net.silentchaos512.scalinghealth.event.CommonEvents to FORGE
[11Apr2025 23:18:43.856] [modloading-worker-0/DEBUG] [net.minecraftforge.fml.javafmlmod.AutomaticEventSubscriber/LOADING]: Auto-subscribing net.silentchaos512.scalinghealth.event.BlightHandler to FORGE
[11Apr2025 23:18:43.858] [modloading-worker-0/DEBUG] [net.minecraftforge.fml.javafmlmod.AutomaticEventSubscriber/LOADING]: Auto-subscribing net.silentchaos512.scalinghealth.datagen.GenEvent to MOD
[11Apr2025 23:18:43.938] [main/DEBUG] [net.minecraftforge.common.capabilities.CapabilityManager/CAPABILITIES]: Attempting to automatically register: Lnet/minecraftforge/energy/IEnergyStorage;
[11Apr2025 23:18:43.938] [main/DEBUG] [net.minecraftforge.common.capabilities.CapabilityManager/CAPABILITIES]: Attempting to automatically register: Lnet/minecraftforge/fluids/capability/IFluidHandler;
[11Apr2025 23:18:43.938] [main/DEBUG] [net.minecraftforge.common.capabilities.CapabilityManager/CAPABILITIES]: Attempting to automatically register: Lnet/minecraftforge/fluids/capability/IFluidHandlerItem;
[11Apr2025 23:18:43.938] [main/DEBUG] [net.minecraftforge.common.capabilities.CapabilityManager/CAPABILITIES]: Attempting to automatically register: Lnet/minecraftforge/items/IItemHandler;
[11Apr2025 23:18:45.185] [main/DEBUG] [io.netty.util.internal.InternalThreadLocalMap/]: -Dio.netty.threadLocalMap.stringBuilder.initialSize: 1024
[11Apr2025 23:18:45.185] [main/DEBUG] [io.netty.util.internal.InternalThreadLocalMap/]: -Dio.netty.threadLocalMap.stringBuilder.maxSize: 4096
[11Apr2025 23:18:45.186] [main/DEBUG] [io.netty.util.internal.ThreadLocalRandom/]: -Dio.netty.initialSeedUniquifier: 0xda28a47bacb43347
[11Apr2025 23:18:45.278] [main/DEBUG] [dev.architectury.core.item.ArchitecturySpawnEggItem/]: Registering spawn egg mimic_spawn_egg for artifacts:mimic
[11Apr2025 23:18:45.278] [main/WARN] [dev.architectury.registry.registries.forge.RegistrarManagerImpl/]: Registry entry listened Registry Entry [minecraft:entity_type / mca:female_zombie_villager] was not realized!
[11Apr2025 23:18:45.279] [main/WARN] [dev.architectury.registry.registries.forge.RegistrarManagerImpl/]: Registry entry listened Registry Entry [minecraft:entity_type / mca:male_zombie_villager] was not realized!
[11Apr2025 23:18:45.280] [main/WARN] [dev.architectury.registry.registries.forge.RegistrarManagerImpl/]: Registry entry listened Registry Entry [minecraft:entity_type / mca:male_villager] was not realized!
[11Apr2025 23:18:45.280] [main/WARN] [dev.architectury.registry.registries.forge.RegistrarManagerImpl/]: Registry entry listened Registry Entry [minecraft:entity_type / mca:grim_reaper] was not realized!
[11Apr2025 23:18:45.281] [main/WARN] [dev.architectury.registry.registries.forge.RegistrarManagerImpl/]: Registry entry listened Registry Entry [minecraft:entity_type / mca:female_villager] was not realized!
[11Apr2025 23:18:45.628] [main/DEBUG] [dev.architectury.core.item.ArchitecturySpawnEggItem/]: Registering spawn egg male_villager_spawn_egg for mca:male_villager
[11Apr2025 23:18:45.629] [main/DEBUG] [dev.architectury.core.item.ArchitecturySpawnEggItem/]: Registering spawn egg female_villager_spawn_egg for mca:female_villager
[11Apr2025 23:18:45.629] [main/DEBUG] [dev.architectury.core.item.ArchitecturySpawnEggItem/]: Registering spawn egg male_zombie_villager_spawn_egg for mca:male_zombie_villager
[11Apr2025 23:18:45.629] [main/DEBUG] [dev.architectury.core.item.ArchitecturySpawnEggItem/]: Registering spawn egg female_zombie_villager_spawn_egg for mca:female_zombie_villager
[11Apr2025 23:18:45.630] [main/DEBUG] [dev.architectury.core.item.ArchitecturySpawnEggItem/]: Registering spawn egg grim_reaper_spawn_egg for mca:grim_reaper
[11Apr2025 23:18:45.770] [main/DEBUG] [mixin/]: Mixing accessors.inventory.AccessorInventoryMenu from bookshelf.common.mixins.json into net.minecraft.world.inventory.InventoryMenu
[11Apr2025 23:18:45.784] [main/DEBUG] [placebo/]: Registered 5 recipe types.
[11Apr2025 23:18:45.803] [main/DEBUG] [bookshelf/]: Built 2 minecraft:recipe_serializer entries. Took 1.89ms.
[11Apr2025 23:18:45.805] [main/DEBUG] [mixin/]: Mixing AccessorSmithingTransformRecipe from patchouli_xplat.mixins.json into net.minecraft.world.item.crafting.SmithingTransformRecipe
[11Apr2025 23:18:45.828] [main/DEBUG] [bookshelf/]: Built 2 minecraft:command_argument_type entries. Took 3.07ms.
[11Apr2025 23:18:45.970] [main/DEBUG] [mixin/]: Mixing ForgeHooksMixin from apotheosis.mixins.json into net.minecraftforge.common.ForgeHooks
[11Apr2025 23:18:46.066] [main/WARN] [net.minecraft.network.syncher.SynchedEntityData/]: defineId called for: class forge.net.mca.entity.VillagerEntityMCA from class forge.net.mca.util.network.datasync.CDataParameter
[11Apr2025 23:18:46.066] [main/WARN] [net.minecraft.network.syncher.SynchedEntityData/]: defineId called for: class forge.net.mca.entity.VillagerEntityMCA from class forge.net.mca.util.network.datasync.CDataParameter
[11Apr2025 23:18:46.066] [main/WARN] [net.minecraft.network.syncher.SynchedEntityData/]: defineId called for: class forge.net.mca.entity.VillagerEntityMCA from class forge.net.mca.util.network.datasync.CDataParameter
[11Apr2025 23:18:46.067] [main/WARN] [net.minecraft.network.syncher.SynchedEntityData/]: defineId called for: class forge.net.mca.entity.VillagerEntityMCA from class forge.net.mca.util.network.datasync.CDataParameter
[11Apr2025 23:18:46.067] [main/WARN] [net.minecraft.network.syncher.SynchedEntityData/]: defineId called for: class forge.net.mca.entity.VillagerEntityMCA from class forge.net.mca.util.network.datasync.CDataParameter
[11Apr2025 23:18:46.067] [main/WARN] [net.minecraft.network.syncher.SynchedEntityData/]: defineId called for: class forge.net.mca.entity.VillagerEntityMCA from class forge.net.mca.util.network.datasync.CDataParameter
[11Apr2025 23:18:46.067] [main/WARN] [net.minecraft.network.syncher.SynchedEntityData/]: defineId called for: class forge.net.mca.entity.VillagerEntityMCA from class forge.net.mca.util.network.datasync.CDataParameter
[11Apr2025 23:18:46.067] [main/WARN] [net.minecraft.network.syncher.SynchedEntityData/]: defineId called for: class forge.net.mca.entity.VillagerEntityMCA from class forge.net.mca.util.network.datasync.CEnumParameter
[11Apr2025 23:18:46.069] [main/WARN] [net.minecraft.network.syncher.SynchedEntityData/]: defineId called for: class forge.net.mca.entity.VillagerEntityMCA from class forge.net.mca.util.network.datasync.CDataParameter
[11Apr2025 23:18:46.069] [main/WARN] [net.minecraft.network.syncher.SynchedEntityData/]: defineId called for: class forge.net.mca.entity.VillagerEntityMCA from class forge.net.mca.util.network.datasync.CDataParameter
[11Apr2025 23:18:46.069] [main/WARN] [net.minecraft.network.syncher.SynchedEntityData/]: defineId called for: class forge.net.mca.entity.VillagerEntityMCA from class forge.net.mca.util.network.datasync.CDataParameter
[11Apr2025 23:18:46.070] [main/WARN] [net.minecraft.network.syncher.SynchedEntityData/]: defineId called for: class forge.net.mca.entity.VillagerEntityMCA from class forge.net.mca.util.network.datasync.CDataParameter
[11Apr2025 23:18:46.070] [main/WARN] [net.minecraft.network.syncher.SynchedEntityData/]: defineId called for: class forge.net.mca.entity.VillagerEntityMCA from class forge.net.mca.util.network.datasync.CDataParameter
[11Apr2025 23:18:46.070] [main/WARN] [net.minecraft.network.syncher.SynchedEntityData/]: defineId called for: class forge.net.mca.entity.VillagerEntityMCA from class forge.net.mca.util.network.datasync.CDataParameter
[11Apr2025 23:18:46.070] [main/WARN] [net.minecraft.network.syncher.SynchedEntityData/]: defineId called for: class forge.net.mca.entity.VillagerEntityMCA from class forge.net.mca.util.network.datasync.CDataParameter
[11Apr2025 23:18:46.070] [main/WARN] [net.minecraft.network.syncher.SynchedEntityData/]: defineId called for: class forge.net.mca.entity.VillagerEntityMCA from class forge.net.mca.util.network.datasync.CDataParameter
[11Apr2025 23:18:46.070] [main/WARN] [net.minecraft.network.syncher.SynchedEntityData/]: defineId called for: class forge.net.mca.entity.VillagerEntityMCA from class forge.net.mca.util.network.datasync.CDataParameter
[11Apr2025 23:18:46.071] [main/WARN] [net.minecraft.network.syncher.SynchedEntityData/]: defineId called for: class forge.net.mca.entity.VillagerEntityMCA from class forge.net.mca.util.network.datasync.CDataParameter
[11Apr2025 23:18:46.071] [main/WARN] [net.minecraft.network.syncher.SynchedEntityData/]: defineId called for: class forge.net.mca.entity.VillagerEntityMCA from class forge.net.mca.util.network.datasync.CDataParameter
[11Apr2025 23:18:46.071] [main/WARN] [net.minecraft.network.syncher.SynchedEntityData/]: defineId called for: class forge.net.mca.entity.VillagerEntityMCA from class forge.net.mca.util.network.datasync.CEnumParameter
[11Apr2025 23:18:46.071] [main/WARN] [net.minecraft.network.syncher.SynchedEntityData/]: defineId called for: class forge.net.mca.entity.VillagerEntityMCA from class forge.net.mca.util.network.datasync.CDataParameter
[11Apr2025 23:18:46.075] [main/WARN] [net.minecraft.network.syncher.SynchedEntityData/]: defineId called for: class forge.net.mca.entity.VillagerEntityMCA from class forge.net.mca.util.network.datasync.CDataParameter
[11Apr2025 23:18:46.075] [main/WARN] [net.minecraft.network.syncher.SynchedEntityData/]: defineId called for: class forge.net.mca.entity.VillagerEntityMCA from class forge.net.mca.util.network.datasync.CEnumParameter
[11Apr2025 23:18:46.076] [main/WARN] [net.minecraft.network.syncher.SynchedEntityData/]: defineId called for: class forge.net.mca.entity.VillagerEntityMCA from class forge.net.mca.util.network.datasync.CDataParameter
[11Apr2025 23:18:46.076] [main/WARN] [net.minecraft.network.syncher.SynchedEntityData/]: defineId called for: class forge.net.mca.entity.VillagerEntityMCA from class forge.net.mca.util.network.datasync.CEnumParameter
[11Apr2025 23:18:46.076] [main/WARN] [net.minecraft.network.syncher.SynchedEntityData/]: defineId called for: class forge.net.mca.entity.VillagerEntityMCA from class forge.net.mca.util.network.datasync.CEnumParameter
[11Apr2025 23:18:46.076] [main/WARN] [net.minecraft.network.syncher.SynchedEntityData/]: defineId called for: class forge.net.mca.entity.VillagerEntityMCA from class forge.net.mca.util.network.datasync.CDataParameter
[11Apr2025 23:18:46.076] [main/WARN] [net.minecraft.network.syncher.SynchedEntityData/]: defineId called for: class forge.net.mca.entity.VillagerEntityMCA from class forge.net.mca.util.network.datasync.CDataParameter
[11Apr2025 23:18:46.077] [main/WARN] [net.minecraft.network.syncher.SynchedEntityData/]: defineId called for: class forge.net.mca.entity.VillagerEntityMCA from class forge.net.mca.util.network.datasync.CDataParameter
[11Apr2025 23:18:46.077] [main/WARN] [net.minecraft.network.syncher.SynchedEntityData/]: defineId called for: class forge.net.mca.entity.VillagerEntityMCA from class forge.net.mca.util.network.datasync.CDataParameter
[11Apr2025 23:18:46.077] [main/WARN] [net.minecraft.network.syncher.SynchedEntityData/]: defineId called for: class forge.net.mca.entity.VillagerEntityMCA from class forge.net.mca.util.network.datasync.CDataParameter
[11Apr2025 23:18:46.079] [main/WARN] [net.minecraft.network.syncher.SynchedEntityData/]: defineId called for: class forge.net.mca.entity.VillagerEntityMCA from class forge.net.mca.util.network.datasync.CDataParameter
[11Apr2025 23:18:46.083] [main/WARN] [net.minecraft.network.syncher.SynchedEntityData/]: defineId called for: class forge.net.mca.entity.VillagerEntityMCA from class forge.net.mca.util.network.datasync.CDataParameter
[11Apr2025 23:18:46.084] [main/WARN] [net.minecraft.network.syncher.SynchedEntityData/]: defineId called for: class forge.net.mca.entity.VillagerEntityMCA from class forge.net.mca.util.network.datasync.CDataParameter
[11Apr2025 23:18:46.085] [main/WARN] [net.minecraft.network.syncher.SynchedEntityData/]: defineId called for: class forge.net.mca.entity.VillagerEntityMCA from class forge.net.mca.util.network.datasync.CDataParameter
[11Apr2025 23:18:46.085] [main/WARN] [net.minecraft.network.syncher.SynchedEntityData/]: defineId called for: class forge.net.mca.entity.VillagerEntityMCA from class forge.net.mca.util.network.datasync.CDataParameter
[11Apr2025 23:18:46.085] [main/WARN] [net.minecraft.network.syncher.SynchedEntityData/]: defineId called for: class forge.net.mca.entity.VillagerEntityMCA from class forge.net.mca.util.network.datasync.CDataParameter
[11Apr2025 23:18:46.086] [main/WARN] [net.minecraft.network.syncher.SynchedEntityData/]: defineId called for: class forge.net.mca.entity.GrimReaperEntity from class forge.net.mca.util.network.datasync.CEnumParameter
[11Apr2025 23:18:46.108] [main/DEBUG] [net.minecraftforge.fml.config.ConfigTracker/CONFIG]: Loading configs type COMMON
[11Apr2025 23:18:46.109] [main/DEBUG] [net.minecraftforge.fml.config.ConfigFileTypeHandler/CONFIG]: Built TOML config for /workspaces/RATALAND2025/servidor_minecraft/config/sophisticatedcore-common.toml
[11Apr2025 23:18:46.110] [main/DEBUG] [net.minecraftforge.fml.config.ConfigFileTypeHandler/CONFIG]: Loaded TOML config file /workspaces/RATALAND2025/servidor_minecraft/config/sophisticatedcore-common.toml
[11Apr2025 23:18:46.112] [main/DEBUG] [net.minecraftforge.fml.config.ConfigFileTypeHandler/CONFIG]: Watching TOML config file /workspaces/RATALAND2025/servidor_minecraft/config/sophisticatedcore-common.toml for changes
[11Apr2025 23:18:46.113] [Thread-2/DEBUG] [net.minecraftforge.fml.config.ConfigFileTypeHandler/CONFIG]: Config file sophisticatedcore-common.toml changed, sending notifies
[11Apr2025 23:18:46.114] [Thread-2/DEBUG] [net.minecraftforge.fml.config.ConfigFileTypeHandler/CONFIG]: Config file sophisticatedcore-common.toml changed, sending notifies
[11Apr2025 23:18:46.114] [main/DEBUG] [net.minecraftforge.fml.config.ConfigFileTypeHandler/CONFIG]: Built TOML config for /workspaces/RATALAND2025/servidor_minecraft/config/citadel-common.toml
[11Apr2025 23:18:46.115] [main/DEBUG] [net.minecraftforge.fml.config.ConfigFileTypeHandler/CONFIG]: Loaded TOML config file /workspaces/RATALAND2025/servidor_minecraft/config/citadel-common.toml
[11Apr2025 23:18:46.115] [main/DEBUG] [net.minecraftforge.fml.config.ConfigFileTypeHandler/CONFIG]: Watching TOML config file /workspaces/RATALAND2025/servidor_minecraft/config/citadel-common.toml for changes
[11Apr2025 23:18:46.115] [Thread-2/DEBUG] [net.minecraftforge.fml.config.ConfigFileTypeHandler/CONFIG]: Config file citadel-common.toml changed, sending notifies
[11Apr2025 23:18:46.115] [main/DEBUG] [net.minecraftforge.fml.config.ConfigFileTypeHandler/CONFIG]: Built TOML config for /workspaces/RATALAND2025/servidor_minecraft/config/waystones-common.toml
[11Apr2025 23:18:46.116] [Thread-2/DEBUG] [net.minecraftforge.fml.config.ConfigFileTypeHandler/CONFIG]: Config file citadel-common.toml changed, sending notifies
[11Apr2025 23:18:46.116] [main/DEBUG] [net.minecraftforge.fml.config.ConfigFileTypeHandler/CONFIG]: Loaded TOML config file /workspaces/RATALAND2025/servidor_minecraft/config/waystones-common.toml
[11Apr2025 23:18:46.116] [main/DEBUG] [net.minecraftforge.fml.config.ConfigFileTypeHandler/CONFIG]: Watching TOML config file /workspaces/RATALAND2025/servidor_minecraft/config/waystones-common.toml for changes
[11Apr2025 23:18:46.119] [main/DEBUG] [net.minecraftforge.fml.config.ConfigFileTypeHandler/CONFIG]: Built TOML config for /workspaces/RATALAND2025/servidor_minecraft/config/sophisticatedbackpacks-common.toml
[11Apr2025 23:18:46.119] [main/DEBUG] [net.minecraftforge.fml.config.ConfigFileTypeHandler/CONFIG]: Loaded TOML config file /workspaces/RATALAND2025/servidor_minecraft/config/sophisticatedbackpacks-common.toml
[11Apr2025 23:18:46.119] [main/DEBUG] [net.minecraftforge.fml.config.ConfigFileTypeHandler/CONFIG]: Watching TOML config file /workspaces/RATALAND2025/servidor_minecraft/config/sophisticatedbackpacks-common.toml for changes
[11Apr2025 23:18:46.120] [Thread-2/DEBUG] [net.minecraftforge.fml.config.ConfigFileTypeHandler/CONFIG]: Config file sophisticatedbackpacks-common.toml changed, sending notifies
[11Apr2025 23:18:46.120] [main/DEBUG] [net.minecraftforge.fml.config.ConfigFileTypeHandler/CONFIG]: Built TOML config for /workspaces/RATALAND2025/servidor_minecraft/config/iceandfire-common.toml
[11Apr2025 23:18:46.120] [Thread-2/DEBUG] [net.minecraftforge.fml.config.ConfigFileTypeHandler/CONFIG]: Config file sophisticatedbackpacks-common.toml changed, sending notifies
[11Apr2025 23:18:46.122] [main/DEBUG] [net.minecraftforge.fml.config.ConfigFileTypeHandler/CONFIG]: Loaded TOML config file /workspaces/RATALAND2025/servidor_minecraft/config/iceandfire-common.toml
[11Apr2025 23:18:46.122] [main/DEBUG] [net.minecraftforge.fml.config.ConfigFileTypeHandler/CONFIG]: Watching TOML config file /workspaces/RATALAND2025/servidor_minecraft/config/iceandfire-common.toml for changes
[11Apr2025 23:18:46.148] [Thread-2/DEBUG] [net.minecraftforge.fml.config.ConfigFileTypeHandler/CONFIG]: Config file iceandfire-common.toml changed, sending notifies
[11Apr2025 23:18:46.150] [main/DEBUG] [net.minecraftforge.fml.config.ConfigFileTypeHandler/CONFIG]: Built TOML config for /workspaces/RATALAND2025/servidor_minecraft/config/balm-common.toml
[11Apr2025 23:18:46.150] [main/DEBUG] [net.minecraftforge.fml.config.ConfigFileTypeHandler/CONFIG]: Loaded TOML config file /workspaces/RATALAND2025/servidor_minecraft/config/balm-common.toml
[11Apr2025 23:18:46.150] [Thread-2/DEBUG] [net.minecraftforge.fml.config.ConfigFileTypeHandler/CONFIG]: Config file iceandfire-common.toml changed, sending notifies
[11Apr2025 23:18:46.150] [main/DEBUG] [net.minecraftforge.fml.config.ConfigFileTypeHandler/CONFIG]: Watching TOML config file /workspaces/RATALAND2025/servidor_minecraft/config/balm-common.toml for changes
[11Apr2025 23:18:46.151] [main/DEBUG] [net.minecraftforge.fml.config.ConfigFileTypeHandler/CONFIG]: Built TOML config for /workspaces/RATALAND2025/servidor_minecraft/config/cataclysm.toml
[11Apr2025 23:18:46.153] [Thread-2/DEBUG] [net.minecraftforge.fml.config.ConfigFileTypeHandler/CONFIG]: Config file iceandfire-common.toml changed, sending notifies
[11Apr2025 23:18:46.153] [main/DEBUG] [net.minecraftforge.fml.config.ConfigFileTypeHandler/CONFIG]: Loaded TOML config file /workspaces/RATALAND2025/servidor_minecraft/config/cataclysm.toml
[11Apr2025 23:18:46.154] [main/DEBUG] [net.minecraftforge.fml.config.ConfigFileTypeHandler/CONFIG]: Watching TOML config file /workspaces/RATALAND2025/servidor_minecraft/config/cataclysm.toml for changes
[11Apr2025 23:18:46.165] [Thread-2/DEBUG] [net.minecraftforge.fml.config.ConfigFileTypeHandler/CONFIG]: Config file cataclysm.toml changed, sending notifies
[11Apr2025 23:18:46.167] [main/DEBUG] [net.minecraftforge.fml.config.ConfigFileTypeHandler/CONFIG]: Built TOML config for /workspaces/RATALAND2025/servidor_minecraft/config/curios-common.toml
[11Apr2025 23:18:46.167] [main/DEBUG] [net.minecraftforge.fml.config.ConfigFileTypeHandler/CONFIG]: Loaded TOML config file /workspaces/RATALAND2025/servidor_minecraft/config/curios-common.toml
[11Apr2025 23:18:46.167] [main/DEBUG] [net.minecraftforge.fml.config.ConfigFileTypeHandler/CONFIG]: Watching TOML config file /workspaces/RATALAND2025/servidor_minecraft/config/curios-common.toml for changes
[11Apr2025 23:18:46.168] [Thread-2/DEBUG] [net.minecraftforge.fml.config.ConfigFileTypeHandler/CONFIG]: Config file curios-common.toml changed, sending notifies
[11Apr2025 23:18:46.168] [Thread-2/DEBUG] [net.minecraftforge.fml.config.ConfigFileTypeHandler/CONFIG]: Config file curios-common.toml changed, sending notifies
[11Apr2025 23:18:46.168] [main/DEBUG] [net.minecraftforge.fml.config.ConfigFileTypeHandler/CONFIG]: Built TOML config for /workspaces/RATALAND2025/servidor_minecraft/config/deeperdarker-common.toml
[11Apr2025 23:18:46.168] [main/DEBUG] [net.minecraftforge.fml.config.ConfigFileTypeHandler/CONFIG]: Loaded TOML config file /workspaces/RATALAND2025/servidor_minecraft/config/deeperdarker-common.toml
[11Apr2025 23:18:46.169] [main/DEBUG] [net.minecraftforge.fml.config.ConfigFileTypeHandler/CONFIG]: Watching TOML config file /workspaces/RATALAND2025/servidor_minecraft/config/deeperdarker-common.toml for changes
[11Apr2025 23:18:46.267] [modloading-worker-0/INFO] [voicechat/]: [voicechat] Compatibility version 18
[11Apr2025 23:18:46.326] [modloading-worker-0/DEBUG] [mixin/]: Mixing MixinSlotAttribute from curios.mixins.json into top.theillusivec4.curios.api.SlotAttribute
[11Apr2025 23:18:46.329] [modloading-worker-0/DEBUG] [mixin/]: Mixing MixinCuriosApi from curios.mixins.json into top.theillusivec4.curios.api.CuriosApi
[11Apr2025 23:18:46.377] [modloading-worker-0/DEBUG] [patchouli/]: Instantiating xplat impl: vazkii.patchouli.forge.xplat.ForgeXplatImpl
[11Apr2025 23:18:46.399] [modloading-worker-0/INFO] [voicechat/]: [voicechat] Loading plugins
[11Apr2025 23:18:46.434] [modloading-worker-0/INFO] [voicechat/]: [voicechat] Loaded 0 plugin(s)
[11Apr2025 23:18:46.435] [modloading-worker-0/INFO] [voicechat/]: [voicechat] Initializing plugins
[11Apr2025 23:18:46.437] [modloading-worker-0/INFO] [voicechat/]: [voicechat] Initialized 0 plugin(s)
[11Apr2025 23:18:46.485] [modloading-worker-0/DEBUG] [net.minecraftforge.coremod.transformer.CoreModBaseTransformer/COREMOD]: Transforming net/minecraft/world/entity/npc/VillagerTrades$EnchantBookForEmeralds
[11Apr2025 23:18:46.515] [modloading-worker-0/INFO] [net.minecraftforge.coremod.CoreMod.apotheosis/COREMODLOG]: Replaced 1 calls to Enchantment#getMaxLevel() in net/minecraft/world/entity/npc/VillagerTrades$EnchantBookForEmeralds
[11Apr2025 23:18:46.518] [modloading-worker-0/INFO] [net.minecraftforge.coremod.CoreMod.apotheosis/COREMODLOG]: Replaced 1 calls to Enchantment#isTreasureOnly() in net/minecraft/world/entity/npc/VillagerTrades$EnchantBookForEmeralds
[11Apr2025 23:18:46.518] [modloading-worker-0/INFO] [net.minecraftforge.coremod.CoreMod.apotheosis/COREMODLOG]: Replaced 1 calls to Enchantment#isTradeable() in net/minecraft/world/entity/npc/VillagerTrades$EnchantBookForEmeralds
[11Apr2025 23:18:46.542] [modloading-worker-0/DEBUG] [mixin/]: Mixing MixinNbtPredicate from curios.mixins.json into net.minecraft.advancements.critereon.NbtPredicate
[11Apr2025 23:18:46.554] [Forge Version Check/INFO] [net.minecraftforge.fml.VersionChecker/]: [journeymap] Starting version check at https://forge.curseupdate.com/32274/journeymap
[11Apr2025 23:18:46.624] [main/DEBUG] [net.minecraftforge.fml.DeferredWorkQueue/LOADING]: Dispatching synchronous work for work queue COMMON_SETUP: 24 jobs
[11Apr2025 23:18:46.625] [main/INFO] [journeymap/]: Initializing Packet Registries
[11Apr2025 23:18:46.668] [main/DEBUG] [mixin/]: Mixing LootTablesMixin from placebo.mixins.json into net.minecraft.world.level.storage.loot.LootDataManager
[11Apr2025 23:18:46.669] [main/DEBUG] [mixin/]: Renaming synthetic method lambda$apply$0(Lnet/minecraft/world/level/storage/loot/LootDataId;Lnet/minecraft/world/level/storage/loot/LootTable;)V to md9818a3$lambda$apply$0$0 in placebo.mixins.json:LootTablesMixin
[11Apr2025 23:18:46.673] [main/DEBUG] [mixin/]: Mixing MixinLootDataManager from architectury.mixins.json into net.minecraft.world.level.storage.loot.LootDataManager
[11Apr2025 23:18:46.698] [main/DEBUG] [mixin/]: Mixing PotionUtilsMixin from attributeslib.mixins.json into net.minecraft.world.item.alchemy.PotionUtils
[11Apr2025 23:18:46.776] [Forge Version Check/DEBUG] [net.minecraftforge.fml.VersionChecker/]: [journeymap] Received version check data:
{"promos":{"1.10.2-latest":"1.10.2-5.5.2","1.10.2-recommended":"1.10.2-5.5.2","1.11-latest":"1.11-5.4.6","1.11-recommended":"1.11-5.4.6","1.11.2-latest":"1.11.2-5.5.2","1.11.2-recommended":"1.11.2-5.5.2","1.12-latest":"1.12-5.5.2","1.12-recommended":"1.12-5.5.2","1.12.1-latest":"1.12.1-5.5.2","1.12.1-recommended":"1.12.1-5.5.2","1.12.2-latest":"1.12.2-5.7.1p3","1.12.2-recommended":"1.12.2-5.7.1p3","1.14.4-latest":"5.7.0","1.14.4-recommended":"5.7.0","1.15.2-latest":"5.7.0","1.15.2-recommended":"5.7.0","1.16.2-latest":"5.7.3","1.16.2-recommended":"5.7.3","1.16.3-latest":"5.7.3","1.16.3-recommended":"5.7.3","1.16.4-latest":"5.7.3","1.16.4-recommended":"5.7.3","1.16.5-latest":"5.8.6","1.16.5-recommended":"5.8.6","1.17.1-latest":"5.8.0","1.17.1-recommended":"5.8.0","1.18-latest":"5.8.0alpha9","1.18.1-latest":"5.8.1","1.18.1-recommended":"5.8.1","1.18.2-latest":"5.9.8","1.18.2-recommended":"5.9.8","1.19-latest":"5.8.5","1.19-recommended":"5.8.5","1.19.1-latest":"5.9.0beta2","1.19.2-latest":"5.9.8","1.19.2-recommended":"5.9.8","1.19.3-latest":"5.9.7","1.19.3-recommended":"5.9.7","1.19.4-latest":"5.9.8","1.19.4-recommended":"5.9.8","1.20-latest":"5.9.8","1.20-recommended":"5.9.8","1.20.1-latest":"5.10.3","1.20.1-recommended":"5.10.3","1.20.2-latest":"5.9.21","1.20.2-recommended":"5.9.21","1.20.3-latest":"5.9.18","1.20.3-recommended":"5.9.18","1.20.4-latest":"5.10.0","1.20.4-recommended":"5.10.0","1.20.6-latest":"5.10.0","1.20.6-recommended":"5.10.0","1.21-latest":"1.21-6.0.0-beta.27","1.21.1-latest":"1.21.1-6.0.0-beta.35","1.21.4-latest":"1.21.4-6.0.0-beta.35","1.6.4-latest":"4.0.3","1.6.4-recommended":"4.0.3","1.7.10-latest":"5.2.8","1.7.10-recommended":"5.2.8","1.7.2-latest":"4.0.3","1.7.2-recommended":"4.0.3","1.8-latest":"1.8-5.1.3","1.8-recommended":"1.8-5.1.3","1.8.8-latest":"1.8.8-5.1.3","1.8.8-recommended":"1.8.8-5.1.3","1.8.9-latest":"1.8.9-5.2.4","1.8.9-recommended":"1.8.9-5.2.4","1.9-latest":"1.9-5.5.2","1.9-recommended":"1.9-5.5.2","1.9.4-latest":"1.9.4-5.5.2","1.9.4-recommended":"1.9.4-5.5.2"},"homepage":"https://www.curseforge.com/minecraft/mc-mods/journeymap"}
[11Apr2025 23:18:46.778] [Forge Version Check/INFO] [net.minecraftforge.fml.VersionChecker/]: [journeymap] Found status: UP_TO_DATE Current: 5.10.3 Target: null
[11Apr2025 23:18:46.779] [Forge Version Check/INFO] [net.minecraftforge.fml.VersionChecker/]: [bookshelf] Starting version check at https://updates.blamejared.com/get?n=bookshelf&gv=1.20.1
[11Apr2025 23:18:46.790] [main/DEBUG] [net.minecraftforge.fml.DeferredWorkQueue/LOADING]: Synchronous work queue completed in 165.3 ms
[11Apr2025 23:18:46.809] [modloading-worker-0/INFO] [io.redspace.ironsspellbooks.IronsSpellbooks/]: Got IMC []
[11Apr2025 23:18:46.876] [modloading-worker-0/INFO] [Jade/]: Start loading plugin at net.blay09.mods.waystones.compat.JadeIntegration
[11Apr2025 23:18:46.884] [modloading-worker-0/INFO] [Jade/]: Start loading plugin at dev.shadowsoffire.apotheosis.spawn.compat.SpawnerHwylaPlugin
[11Apr2025 23:18:46.886] [modloading-worker-0/INFO] [Jade/]: Start loading plugin at dev.shadowsoffire.apotheosis.ench.compat.EnchHwylaPlugin
[11Apr2025 23:18:46.887] [modloading-worker-0/INFO] [Jade/]: Start loading plugin at dev.shadowsoffire.apotheosis.adventure.compat.AdventureHwylaPlugin
[11Apr2025 23:18:46.888] [modloading-worker-0/INFO] [Jade/]: Start loading plugin at net.blay09.mods.balm.forge.compat.hudinfo.ForgeJadeModCompat
[11Apr2025 23:18:46.893] [modloading-worker-0/INFO] [Jade/]: Start loading plugin at de.maxhenkel.corpse.integration.waila.PluginCorpse
[11Apr2025 23:18:46.894] [modloading-worker-0/INFO] [Jade/]: Start loading plugin at snownee.jade.addon.vanilla.VanillaPlugin
[11Apr2025 23:18:46.910] [modloading-worker-0/INFO] [Jade/]: Start loading plugin at snownee.jade.addon.universal.UniversalPlugin
[11Apr2025 23:18:46.914] [modloading-worker-0/INFO] [Jade/]: Start loading plugin at snownee.jade.addon.core.CorePlugin
[11Apr2025 23:18:46.916] [modloading-worker-0/INFO] [Jade/]: Start loading plugin at net.geforcemods.securitycraft.compat.hudmods.JadeDataProvider
[11Apr2025 23:18:47.240] [Forge Version Check/DEBUG] [net.minecraftforge.fml.VersionChecker/]: [bookshelf] Received version check data:
{"homepage":"https://www.curseforge.com/minecraft/mc-mods/bookshelf","promos":{"1.20.1-latest":"20.2.13"}}
[11Apr2025 23:18:47.240] [Forge Version Check/INFO] [net.minecraftforge.fml.VersionChecker/]: [bookshelf] Found status: BETA Current: 20.2.13 Target: 20.2.13
[11Apr2025 23:18:47.241] [Forge Version Check/INFO] [net.minecraftforge.fml.VersionChecker/]: [corpse] Starting version check at https://update.maxhenkel.de/forge/corpse
[11Apr2025 23:18:47.755] [Forge Version Check/DEBUG] [net.minecraftforge.fml.VersionChecker/]: [corpse] Received version check data:
{"1.20":{"1.20-1.0.3":"Updated to 1.20"},"1.18":{"1.18-1.0.3":"Re added JEI and Jade integration"},"1.19":{"1.19-1.0.8":"Updated Corelib"},"promos":{"1.18.1-latest":"1.18.1-1.0.5","1.15.1-latest":"1.15.1-1.0.1","1.14.4-recommended":"1.14.4-1.0.0","1.14.3-recommended":"1.14.3-1.0.3","1.18.2-latest":"1.18.2-1.0.2","1.20-recommended":"1.20-1.0.3","1.19.3-recommended":"1.19.3-1.0.3","1.19.1-recommended":"1.19.1-1.0.0","1.12.2-latest":"1.12.2-1.0.8","1.19.4-recommended":"1.19.4-1.0.3","1.12.2-recommended":"1.12.2-1.0.8","1.19-latest":"1.19-1.0.8","1.17.1-recommended":"1.17.1-1.0.7","1.19.2-recommended":"1.19.2-1.0.9","1.16.1-recommended":"1.16.1-1.0.12","1.16.2-recommended":"1.16.2-1.0.8","1.18-latest":"1.18-1.0.3","1.16.5-recommended":"1.16.5-1.0.6","1.16.4-recommended":"1.16.4-1.0.6","1.20.1-recommended":"1.20.1-1.0.9","1.16.3-recommended":"1.16.3-1.0.5","1.15.2-latest":"1.15.2-1.0.11","1.14.2-recommended":"1.14.2-1.0.4","1.20.2-recommended":"1.20.2-1.0.9","1.14.4-latest":"1.14.4-1.0.4","1.14.3-latest":"1.14.3-1.0.3","1.20-latest":"1.20-1.0.3","1.18.2-recommended":"1.18.2-1.0.1","1.17.1-latest":"1.17.1-1.0.7","1.13.2-latest":"1.12.2-1.0.5","1.18.1-recommended":"1.18.1-1.0.5","1.20.1-latest":"1.20.1-1.0.20","1.16.3-latest":"1.16.3-1.1.8","1.20.2-latest":"1.20.2-1.0.9","1.16.4-latest":"1.16.4-1.0.6","1.19.2-latest":"1.19.2-1.0.17","1.19.4-latest":"1.19.4-1.0.3","1.19.3-latest":"1.19.3-1.0.3","1.16.5-latest":"1.16.5-1.0.7","1.19-recommended":"1.19-1.0.8","1.16.2-latest":"1.16.2-1.0.8","1.16.1-latest":"1.16.1-1.0.12","1.18-recommended":"1.18-1.0.3","1.14.2-latest":"1.14.2-1.0.4","1.15.2-recommended":"1.15.2-1.0.10","1.19.1-latest":"1.19.1-1.0.0","1.15.1-recommended":"1.15.1-1.0.1"},"1.20.2":{"1.20.2-1.0.9":"Added mod icon\nUpdated corelib"},"1.20.1":{"1.20.1-1.0.9":"","1.20.1-1.0.20":"Fixed malformed JSON in Russian language"},"1.16.4":{"1.16.4-1.0.6":"Fixed only owner config option not working"},"1.18.2":{"1.18.2-1.0.2":"Updated corpse save format","1.18.2-1.0.1":"Re add JEI integration"},"1.19.1":{"1.19.1-1.0.0":"Updated to 1.19.1"},"1.16.5":{"1.16.5-1.0.7":"Fixed crash","1.16.5-1.0.6":"Fixed freeze with epic fight mod"},"1.19.2":{"1.19.2-1.0.9":"Added mod icon\nUpdated corelib","1.19.2-1.0.17":"Reverted translation"},"1.19.3":{"1.19.3-1.0.3":"Fixed crash with narrator enabled"},"1.19.4":{"1.19.4-1.0.3":"Fixed crash with narrator enabled"},"1.14.2":{"1.14.2-1.0.4":"Fixed a bug crashing the game"},"1.15.1":{"1.15.1-1.0.1":"Fixed corpse accessing bug"},"1.14.3":{"1.14.3-1.0.3":"Fixed a bug crashing the game"},"1.16.1":{"1.16.1-1.0.12":"Fixed crash with HWYLA"},"1.15.2":{"1.15.2-1.0.11":"Fixed exception when opening the death history of large inventories","1.15.2-1.0.10":"Updated polish translation"},"1.14.4":{"1.14.4-1.0.0":"Updated to 1.14.4","1.14.4-1.0.4":"Fixed corpse accessing bug"},"1.16.2":{"1.16.2-1.0.8":"Fixed potential crash with HWYLA"},"1.17.1":{"1.17.1-1.0.7":"Added czech translation"},"1.16.3":{"1.16.3-1.1.8":"Fixed missing corpse GUI buttons","1.16.3-1.0.5":"Fixed player skin models not considered"},"1.18.1":{"1.18.1-1.0.5":"Fixed crash with Tinkers Construct"},"1.12.2":{"1.12.2-1.0.8":"Fixed version number"},"1.13.2":{"1.12.2-1.0.5":"Added portuguese translation"},"homepage":"https://www.curseforge.com/minecraft/mc-mods/corpse"}
[11Apr2025 23:18:47.756] [Forge Version Check/INFO] [net.minecraftforge.fml.VersionChecker/]: [corpse] Found status: OUTDATED Current: 1.20.1-1.0.19 Target: 1.20.1-1.0.20
[11Apr2025 23:18:47.758] [Forge Version Check/INFO] [net.minecraftforge.fml.VersionChecker/]: [voicechat] Starting version check at https://update.maxhenkel.de/forge/voicechat
[11Apr2025 23:18:47.862] [Forge Version Check/DEBUG] [net.minecraftforge.fml.VersionChecker/]: [voicechat] Received version check data:
{"1.21":{"1.21-2.5.20":"Added Vietnamese translation"},"1.20":{"1.20-2.4.9":"Fixed group not getting deleted when disconnecting\nFixed group in LeaveGroupEvent always null\nFixed builtin resource pack format version"},"1.18":{"1.18-2.1.17":"Updated Forge\nFixed sound physics compatibility","1.18-2.1.22":"Fixed untranslated command feedback"},"1.19":{"1.19-2.4.8":"Added audio senders to the voice chat API"},"1.20.4":{"1.20.4-2.5.22":"Updated Traditional Chinese translation\nAdded Portuguese translation\nUpdated Ukrainian translation","1.20.4-2.4.32":"Fixed compatibility with Sound Physics Remastered\nUpdated French translation"},"1.21.3":{"1.21.3-2.5.29":"Updated Turkish translation\nUpdated Brazilian Portuguese translation"},"promos":{"1.18.1-latest":"1.18.1-2.2.52","1.21.4-latest":"1.21.4-2.5.29","1.21.3-latest":"1.21.3-2.5.29","1.18.2-latest":"1.18.2-2.5.29","1.19.3-recommended":"1.19.3-2.4.11","1.20-recommended":"1.20-2.4.9","1.19.1-recommended":"1.19.1-2.4.8","1.21.5-latest":"1.21.5-2.5.29","1.21.1-latest":"1.21.1-2.5.29","1.12.2-latest":"1.12.2-2.5.29","1.19.4-recommended":"1.19.4-2.4.32","1.12.2-recommended":"1.12.2-2.4.32","1.19-latest":"1.19-2.4.8","1.17.1-recommended":"1.17.1-2.4.32","1.19.2-recommended":"1.19.2-2.4.32","1.18-latest":"1.18-2.1.22","1.20.4-recommended":"1.20.4-2.4.32","1.21-latest":"1.21-2.5.20","1.16.5-recommended":"1.16.5-2.4.32","1.16.4-recommended":"1.16.4-1.1.7","1.20.1-recommended":"1.20.1-2.4.32","1.16.3-recommended":"1.16.3-1.0.1","1.15.2-latest":"1.15.2-1.0.2","1.20.2-recommended":"1.20.2-2.4.32","1.20-latest":"1.20-2.4.9","1.18.2-recommended":"1.18.2-2.4.32","1.17.1-latest":"1.17.1-2.5.12","1.18.1-recommended":"1.18.1-2.2.52","1.20.1-latest":"1.20.1-2.5.29","1.16.3-latest":"1.16.3-1.0.1","1.20.2-latest":"1.20.2-2.5.12","1.16.4-latest":"1.16.4-1.1.7","1.19.2-latest":"1.19.2-2.5.29","1.19.4-latest":"1.19.4-2.5.12","1.19.3-latest":"1.19.3-2.4.11","1.16.5-latest":"1.16.5-2.5.29","1.19-recommended":"1.19-2.4.8","1.18-recommended":"1.18-2.1.17","1.15.2-recommended":"1.15.2-1.0.2","1.20.4-latest":"1.20.4-2.5.22","1.19.1-latest":"1.19.1-2.4.8","1.20.6-latest":"1.20.6-2.5.22"},"1.20.6":{"1.20.6-2.5.22":"Updated Traditional Chinese translation\nAdded Portuguese translation\nUpdated Ukrainian translation"},"1.21.5":{"1.21.5-2.5.29":"Updated Turkish translation\nUpdated Brazilian Portuguese translation"},"1.21.4":{"1.21.4-2.5.29":"Updated Turkish translation\nUpdated Brazilian Portuguese translation"},"1.20.2":{"1.20.2-2.4.32":"Fixed compatibility with Sound Physics Remastered\nUpdated French translation","1.20.2-2.5.12":"Improved cloth config GUI translations"},"1.21.1":{"1.21.1-2.5.29":"Updated Turkish translation\nUpdated Brazilian Portuguese translation"},"1.20.1":{"1.20.1-2.4.32":"Fixed compatibility with Sound Physics Remastered\nUpdated French translation","1.20.1-2.5.29":"Updated Turkish translation\nUpdated Brazilian Portuguese translation"},"1.16.4":{"1.16.4-1.1.7":"Fixed ConcurrentModificationException when client times out"},"1.19.1":{"1.19.1-2.4.8":"Added audio senders to the voice chat API"},"1.18.2":{"1.18.2-2.4.32":"Fixed compatibility with Sound Physics Remastered\nUpdated French translation","1.18.2-2.5.29":"Updated Turkish translation\nUpdated Brazilian Portuguese translation"},"1.16.5":{"1.16.5-2.4.32":"Fixed compatibility with Sound Physics Remastered\nUpdated French translation","1.16.5-2.5.29":"Updated Turkish translation\nUpdated Brazilian Portuguese translation"},"1.19.2":{"1.19.2-2.5.29":"Updated Turkish translation\nUpdated Brazilian Portuguese translation","1.19.2-2.4.32":"Fixed compatibility with Sound Physics Remastered\nUpdated French translation"},"1.19.3":{"1.19.3-2.4.11":"Added config accessors to the API"},"1.19.4":{"1.19.4-2.4.32":"Fixed compatibility with Sound Physics Remastered\nUpdated French translation","1.19.4-2.5.12":"Improved cloth config GUI translations"},"1.15.2":{"1.15.2-1.0.2":"Fix crash on servers"},"1.17.1":{"1.17.1-2.4.32":"Fixed compatibility with Sound Physics Remastered\nUpdated French translation","1.17.1-2.5.12":"Improved cloth config GUI translations"},"1.16.3":{"1.16.3-1.0.1":"Fixed voice chat not working on servers with port"},"1.18.1":{"1.18.1-2.2.52":"Improved service loader compatibility\nFixed issues with QuestCraft\nFixed disconnected state being controlled by the client"},"1.12.2":{"1.12.2-2.4.32":"Fixed compatibility with Sound Physics Remastered\nUpdated French translation","1.12.2-2.5.29":"Updated Turkish translation\nUpdated Brazilian Portuguese translation\nFixed potential network threading issues"},"homepage":"https://modrepo.de/minecraft/voicechat"}
[11Apr2025 23:18:47.864] [Forge Version Check/INFO] [net.minecraftforge.fml.VersionChecker/]: [voicechat] Found status: OUTDATED Current: 1.20.1-2.5.15 Target: 1.20.1-2.5.29
[11Apr2025 23:18:47.864] [Forge Version Check/INFO] [net.minecraftforge.fml.VersionChecker/]: [enchdesc] Starting version check at https://updates.blamejared.com/get?n=enchdesc&gv=1.20.1
[11Apr2025 23:18:47.976] [Forge Version Check/DEBUG] [net.minecraftforge.fml.VersionChecker/]: [enchdesc] Received version check data:
{"homepage":"https://www.curseforge.com/minecraft/mc-mods/enchantment-descriptions","promos":{"1.20.1-latest":"17.1.19"}}
[11Apr2025 23:18:47.977] [Forge Version Check/INFO] [net.minecraftforge.fml.VersionChecker/]: [enchdesc] Found status: BETA Current: 17.1.19 Target: 17.1.19
[11Apr2025 23:18:47.978] [Forge Version Check/INFO] [net.minecraftforge.fml.VersionChecker/]: [silentlib] Starting version check at https://raw.githubusercontent.com/SilentChaos512/SilentLib/1.20.x/update.json
[11Apr2025 23:18:48.026] [Forge Version Check/DEBUG] [net.minecraftforge.fml.VersionChecker/]: [silentlib] Received version check data:
{
    "homepage": "https://www.curseforge.com/minecraft/mc-mods/silent-lib",
    "1.120.1": {
        "8.0.0": "https://github.com/SilentChaos512/SilentLib/blob/1.20.x/CHANGELOG.md"
    },
    "promos": {
        "1.120.1-latest": "8.0.0",
        "1.120.1-recommended": "8.0.0"
    }
}
[11Apr2025 23:18:48.027] [Forge Version Check/INFO] [net.minecraftforge.fml.VersionChecker/]: [silentlib] Found status: BETA Current: 8.0.0 Target: null
[11Apr2025 23:18:48.027] [Forge Version Check/INFO] [net.minecraftforge.fml.VersionChecker/]: [securitycraft] Starting version check at https://www.github.com/Geforce132/SecurityCraft/raw/master/Updates/Forge.json
[11Apr2025 23:18:48.210] [Forge Version Check/DEBUG] [net.minecraftforge.fml.VersionChecker/]: [securitycraft] Received version check data:
{
    "homepage": "https://www.curseforge.com/minecraft/mc-mods/security-craft/",
    "promos": {
        "1.7.10-latest": "v1.8.13",
        "1.7.10-recommended": "v1.8.13",
        "1.8-latest": "v1.8.12.1",
        "1.8-recommended": "v1.8.12.1",
        "1.8.8-latest": "v1.8.12.1",
        "1.8.8-recommended": "v1.8.12.1",
        "1.8.9-latest": "v1.8.12.1",
        "1.8.9-recommended": "v1.8.12.1",
        "1.9.4-latest": "v1.8.12",
        "1.9.4-recommended": "v1.8.12",
        "1.10.2-latest": "v1.8.12",
        "1.10.2-recommended": "v1.8.12",
        "1.11.2-latest": "v1.8.12.1",
        "1.11.2-recommended": "v1.8.12.1",
        "1.12-latest": "v1.8.8.1",
        "1.12-recommended": "v1.8.8.1",
        "1.12.1-latest": "v1.8.8.1",
        "1.12.1-recommended": "v1.8.8.1",
        "1.13.2-latest": "v1.8.13",
        "1.13.2-recommended": "v1.8.13",
        "1.14.3-latest": "v1.8.12-beta2",
        "1.14.3-recommended": "v1.8.12-beta2",
        "1.14.4-latest": "v1.8.22.2",
        "1.14.4-recommended": "v1.8.22.2",
        "1.15.1-latest": "v1.8.15-beta2",
        "1.15.1-recommended": "v1.8.15-beta2",
        "1.15.2-latest": "v1.9.1",
        "1.15.2-recommended": "v1.9.1",
        "1.16.1-latest": "v1.8.19.3",
        "1.16.1-recommended": "v1.8.19.3",
        "1.16.2-latest": "v1.8.19.3",
        "1.16.2-recommended": "v1.8.19.3",
        "1.16.3-latest": "v1.8.21.1",
        "1.16.3-recommended": "v1.8.21.1",
        "1.16.4-latest": "v1.8.21.1",
        "1.16.4-recommended": "v1.8.21.1",
        "1.17.1-latest": "1.9.5",
        "1.17.1-recommended": "1.9.5",
        "1.18.1-latest": "1.9.0.2-beta1",
        "1.18.1-recommended": "1.9.0.2-beta1",
        "1.19-latest": "1.9.3.1",
        "1.19-recommended": "1.9.3.1",
        "1.19.1-latest": "1.9.3.1",
        "1.19.1-recommended": "1.9.3.1",
        "1.19.2-latest": "1.9.6.1",
        "1.19.2-recommended": "1.9.6.1",
        "1.19.3-latest": "1.9.8",
        "1.19.3-recommended": "1.9.8",
        "1.20-latest": "1.9.7-beta2",
        "1.20-recommended": "1.9.7-beta2",
        "1.20.2-latest": "1.9.9",
        "1.20.2-recommended": "1.9.9",
        "1.21-latest": "1.9.10-beta7",
        "1.21-recommended": "1.9.10-beta7",
        "1.21.2-latest": "1.9.11-beta2",
        "1.21.2-recommended": "1.9.11-beta2",

        "1.12.2-latest": "v1.9.12",
        "1.12.2-recommended": "v1.9.12",
        "1.16.5-latest": "v1.9.12.1",
        "1.16.5-recommended": "v1.9.12.1",
        "1.18.2-latest": "1.9.12",
        "1.18.2-recommended": "1.9.12",
        "1.19.4-latest": "1.9.12",
        "1.19.4-recommended": "1.9.12",
        "1.20.1-latest": "1.9.12",
        "1.20.1-recommended": "1.9.12",
        "1.20.4-latest": "1.9.12",
        "1.20.4-recommended": "1.9.12",
        "1.20.6-latest": "1.9.12",
        "1.20.6-recommended": "1.9.12",
        "1.21.1-latest": "1.9.12",
        "1.21.1-recommended": "1.9.12",
        "1.21.3-latest": "1.9.12",
        "1.21.3-recommended": "1.9.12",
        "1.21.4-latest": "1.9.12-beta4",
        "1.21.4-recommended": "1.9.12-beta4"
    },
    "1.7.10": {
        "v1.8.13": "https://github.com/Geforce132/SecurityCraft/blob/1.7.10/Changelog%20v1.8.x.md"
    },
    "1.8": {
        "v1.8.12": "https://github.com/Geforce132/SecurityCraft/blob/1.8/Changelog%20v1.8.x.md"
    },
    "1.8.8": {
        "v1.8.12.1": "https://github.com/Geforce132/SecurityCraft/blob/1.8.9/Changelog%20v1.8.x.md"
    },
    "1.8.9": {
        "v1.8.12.1": "https://github.com/Geforce132/SecurityCraft/blob/1.8.9/Changelog%20v1.8.x.md"
    },
    "1.9.4": {
        "v1.8.12": "https://github.com/Geforce132/SecurityCraft/blob/1.9.4/Changelog%20v1.8.x.md"
    },
    "1.10.2": {
        "v1.8.12": "https://github.com/Geforce132/SecurityCraft/blob/1.10.2/Changelog%20v1.8.x.md"
    },
    "1.11.2": {
        "v1.8.12.1": "https://github.com/Geforce132/SecurityCraft/blob/1.11.2/Changelog%20v1.8.x.md"
    },
    "1.12": {
        "v1.8.8.1": "https://github.com/Geforce132/SecurityCraft/blob/54061f84f188c33db291770e550c4c84a927194c/Changelog%20v1.8.x.md"
    },
    "1.12.1": {
        "v1.8.8.1": "https://github.com/Geforce132/SecurityCraft/blob/54061f84f188c33db291770e550c4c84a927194c/Changelog%20v1.8.x.md"
    },
    "1.13.2": {
        "v1.8.13": "https://github.com/Geforce132/SecurityCraft/blob/1.13.2/Changelog%20v1.8.x.md"
    },
    "1.14.3": {
        "v1.8.12-beta2": "https://github.com/Geforce132/SecurityCraft/blob/b20ce0945abdccb8f2b6abaea5d26c28d0a3b916/Changelog%20v1.8.x.md"
    },
    "1.14.4": {
        "v1.8.22.2": "https://github.com/Geforce132/SecurityCraft/blob/1.14.4/Changelog%20v1.8.x.md"
    },
    "1.15.1": {
        "v1.8.15-beta2": "https://github.com/Geforce132/SecurityCraft/blob/04f414232af5250193ed610da93696a830584cc9/Changelog%20v1.8.x.md"
    },
    "1.15.2": {
        "v1.9.1": "https://github.com/Geforce132/SecurityCraft/blob/1.15.x/Changelog.md"
    },
    "1.16.1": {
        "v1.8.19.3": "https://github.com/Geforce132/SecurityCraft/blob/1.16.1/Changelog%20v1.8.x.md"
    },
    "1.16.2": {
        "v1.8.19.3": "https://github.com/Geforce132/SecurityCraft/blob/1.16.1/Changelog%20v1.8.x.md"
    },
    "1.16.3": {
        "v1.8.21.1": "https://github.com/Geforce132/SecurityCraft/blob/44460188b9bf30b94f122ba362092cba5e76e0d2/Changelog%20v1.8.x.md"
    },
    "1.16.4": {
        "v1.8.21.1": "https://github.com/Geforce132/SecurityCraft/blob/44460188b9bf30b94f122ba362092cba5e76e0d2/Changelog%20v1.8.x.md"
    },
    "1.17.1": {
        "1.9.5": "https://github.com/Geforce132/SecurityCraft/blob/1.17.1/Changelog.md"
    },
    "1.18.1": {
        "1.9.0.2-beta1": "https://github.com/Geforce132/SecurityCraft/blob/1.18.1/Changelog.md"
    },
    "1.19": {
        "1.9.3.1": "https://github.com/Geforce132/SecurityCraft/blob/1.19/Changelog.md"
    },
    "1.19.1": {
        "1.9.3.1": "https://github.com/Geforce132/SecurityCraft/blob/c60edcc5881fc8ca4394bfeae3254ab0d693ab5e/Changelog.md"
    },
    "1.19.2": {
        "1.9.6.1": "https://github.com/Geforce132/SecurityCraft/blob/1.19.1/Changelog.md"
    },
    "1.19.3": {
        "1.9.8": "https://github.com/Geforce132/SecurityCraft/blob/1.19.3/Changelog.md"
    },
    "1.20": {
        "1.9.7-beta2": "https://github.com/Geforce132/SecurityCraft/blob/1.20/Changelog.md"
    },
    "1.20.2": {
        "1.9.9": "https://github.com/Geforce132/SecurityCraft/blob/1.20.2/Changelog.md"
    },
    "1.21": {
        "1.9.10-beta7": "https://github.com/Geforce132/SecurityCraft/blob/a74d63ec9796e54c5bd8d22c18a320146560a753/Changelog.md"
    },
    "1.21.2": {
        "1.9.11-beta2": "https://github.com/Geforce132/SecurityCraft/blob/63c87ccbc661cecac0e75d54b81b571a3d17a29e/Changelog.md"
    },

    "1.12.2": {
        "v1.9.12": "https://github.com/Geforce132/SecurityCraft/blob/1.12.2/Changelog.md"
    },
    "1.16.5": {
        "v1.9.12.1": "https://github.com/Geforce132/SecurityCraft/blob/1.16.2/Changelog.md"
    },
    "1.18.2": {
        "1.9.12": "https://github.com/Geforce132/SecurityCraft/blob/1.18.2/Changelog.md"
    },
    "1.19.4": {
        "1.9.12": "https://github.com/Geforce132/SecurityCraft/blob/1.19.4/Changelog.md"
    },
    "1.20.1": {
        "1.9.12": "https://github.com/Geforce132/SecurityCraft/blob/1.20/Changelog.md"
    },
    "1.20.4": {
        "1.9.12": "https://github.com/Geforce132/SecurityCraft/blob/1.20.4/Changelog.md"
    },
    "1.20.6": {
        "1.9.12": "https://github.com/Geforce132/SecurityCraft/blob/1.20.6/Changelog.md"
    },
    "1.21.1": {
        "1.9.12": "https://github.com/Geforce132/SecurityCraft/blob/1.21/Changelog.md"
    },
    "1.21.3": {
        "1.9.12": "https://github.com/Geforce132/SecurityCraft/blob/1.21.3/Changelog.md"
    },
    "1.21.4": {
        "1.9.12-beta4": "https://github.com/Geforce132/SecurityCraft/blob/1.21.4/Changelog.md"
    }
}
[11Apr2025 23:18:48.211] [Forge Version Check/INFO] [net.minecraftforge.fml.VersionChecker/]: [securitycraft] Found status: UP_TO_DATE Current: 1.9.12 Target: null
[11Apr2025 23:18:48.211] [Forge Version Check/INFO] [net.minecraftforge.fml.VersionChecker/]: [morevanillaarmor] Starting version check at https://assets.melanx.de/updates/morevanillaarmor.json
[11Apr2025 23:18:48.720] [Forge Version Check/DEBUG] [net.minecraftforge.fml.VersionChecker/]: [morevanillaarmor] Received version check data:
{
  "homepage": "https://www.curseforge.com/minecraft/mc-mods/morevanillaarmor",
  "promos": {
    "1.13.2-latest": "1.0",
    "1.14.4-latest": "1.0",
    "1.15-recommended": "1.15.2-1.1.1",
    "1.15-latest": "1.15.2-1.1.1",
    "1.15.1-recommended": "1.15.2-1.1.1",
    "1.15.1-latest": "1.15.2-1.1.1",
    "1.15.2-recommended": "1.15.2-1.2",
    "1.15.2-latest": "1.15.2-1.2",
    "1.16.1-recommended": "1.16.1-1.2",
    "1.16.1-latest": "1.16.4-1.2.5",
    "1.16.2-recommended": "1.16.4-1.2.1",
    "1.16.2-latest": "1.16.4-1.2.5",
    "1.16.3-recommended": "1.16.4-1.2.1",
    "1.16.3-latest": "1.16.4-1.2.5",
    "1.16.4-recommended": "1.16.4-1.2.6",
    "1.16.4-latest": "1.16.4-1.2.6",
    "1.16.5-recommended": "1.16.4-1.2.6",
    "1.16.5-latest": "1.16.4-1.2.6",
    "1.17.1-recommended": "1.17.1-2.0.2",
    "1.17.1-latest": "1.17.1-2.0.2",
    "1.18.1-recommended": "1.18.1-3.0.0",
    "1.18.1-latest": "1.18.1-3.0.0",
    "1.18.2-recommended": "1.18.2-3.1.3",
    "1.18.2-latest": "1.18.2-3.1.3",
    "1.19-recommended": "1.19-4.0.4",
    "1.19-latest": "1.19-4.0.4",
    "1.19.1-recommended": "1.19.1-4.1.1",
    "1.19.1-latest": "1.19.1-4.1.1",
    "1.19.2-recommended": "1.19.1-4.1.1",
    "1.19.2-latest": "1.19.1-4.1.1",
    "1.19.4-recommended": "1.19.4-4.2.2",
    "1.19.4-latest": "1.19.4-4.2.2",
    "1.20-recommended": "1.20-5.0.0",
    "1.20-latest": "1.20-5.0.0",
    "1.20.1-recommended": "1.20.1-5.1.2",
    "1.20.1-latest": "1.20.1-5.1.2"
  },
  "1.13.2": {
    "1.0": "Initial 1.13.2 release\nthe only release, no support given"
  },
  "1.14.4": {
    "1.0": "Initial release"
  },
  "1.15": {
    "1.15-1.0": "port to 1.15",
    "1.15.2-1.1.1": "Made it available for 1.15.2"
  },
  "1.15.1": {
    "1.15.1-1.0": "port to 1.15.1",
    "1.15.1-1.1": "Fixed crash on server",
    "1.15.1-1.1.1": "",
    "1.15.2-1.1.1": "Made it available for 1.15.2"
  },
  "1.15.2": {
    "1.15.1-1.1": "Fixed crash on server",
    "1.15.2-1.1.1": "Made it available for 1.15.2",
    "1.15.2-1.2": "Added 5 new materials\nAdded ru_ru.json (TheDirectorX)"
  },
  "1.16.1": {
    "1.16.1-1.2": "",
    "1.16.4-1.2.4": "- add some abilities to the armor\n- Obsidian does have heavyness, you will sink faster in water and are slower\n- Redstone triggers Redstone stuff\n- Fiery gives fire immunity\n \nWould appreciate feedback to these abilities, and maybe ideas for oither abilities. ",
    "1.16.4-1.2.5": "- fix server crash\n- fix textures"
  },
  "1.16.2": {
    "1.16.2-1.2": "\"port\" to 1.16.2",
    "1.16.4-1.2.1": "Removed mods tags for recipes, use ingredients instead\nadd stone and wood armor\nchange texture of some armor (by Kier)\n \nplans for future:\n- balancing\n- features for most of the armor types\n- config",
    "1.16.4-1.2.4": "- add some abilities to the armor\n- Obsidian does have heavyness, you will sink faster in water and are slower\n- Redstone triggers Redstone stuff\n- Fiery gives fire immunity\n \nWould appreciate feedback to these abilities, and maybe ideas for oither abilities. ",
    "1.16.4-1.2.5": "- fix server crash\n- fix textures"
  },
  "1.16.3": {
    "1.16.2-1.2": "\"port\" to 1.16.2",
    "1.16.4-1.2.1": "Removed mods tags for recipes, use ingredients instead\nadd stone and wood armor\nchange texture of some armor (by Kier)\n \nplans for future:\n- balancing\n- features for most of the armor types\n- config",
    "1.16.4-1.2.4": "- add some abilities to the armor\n- Obsidian does have heavyness, you will sink faster in water and are slower\n- Redstone triggers Redstone stuff\n- Fiery gives fire immunity\n \nWould appreciate feedback to these abilities, and maybe ideas for oither abilities. ",
    "1.16.4-1.2.5": "- fix server crash\n- fix textures"
  },
  "1.16.4": {
    "1.16.2-1.2": "\"port\" to 1.16.2",
    "1.16.4-1.2.1": "Removed mods tags for recipes, use ingredients instead\nadd stone and wood armor\nchange texture of some armor (by Kier)\n \nplans for future:\n- balancing\n- features for most of the armor types\n- config",
    "1.16.4-1.2.2": "- add config\n- fix textures\n- fix names",
    "1.16.4-1.2.3": "- fix wrong config values (delete old config if you use default configs)",
    "1.16.4-1.2.4": "- add some abilities to the armor\n- Obsidian does have heavyness, you will sink faster in water and are slower\n- Redstone triggers Redstone stuff\n- Fiery gives fire immunity\n \nWould appreciate feedback to these abilities, and maybe ideas for oither abilities. ",
    "1.16.4-1.2.5": "- fix server crash\n- fix textures",
    "1.16.4-1.2.6": "fix server crash"
  },
  "1.16.5": {
    "1.16.2-1.2": "\"port\" to 1.16.2",
    "1.16.4-1.2.1": "Removed mods tags for recipes, use ingredients instead\nadd stone and wood armor\nchange texture of some armor (by Kier)\n \nplans for future:\n- balancing\n- features for most of the armor types\n- config",
    "1.16.4-1.2.2": "- add config\n- fix textures\n- fix names",
    "1.16.4-1.2.3": "- fix wrong config values (delete old config if you use default configs)",
    "1.16.4-1.2.4": "- add some abilities to the armor\n- Obsidian does have heavyness, you will sink faster in water and are slower\n- Redstone triggers Redstone stuff\n- Fiery gives fire immunity\n \nWould appreciate feedback to these abilities, and maybe ideas for oither abilities. ",
    "1.16.4-1.2.5": "- fix server crash\n- fix textures",
    "1.16.4-1.2.6": "fix server crash"
  },
  "1.17.1": {
    "1.17.1-2.0.0": "port to 1.17.1 - MelanX",
    "1.17.1-2.0.1": "fix gradle version - MelanX",
    "1.17.1-2.0.2": "fix lightning set bonus being applied to every armor set instead of copper only - MelanX"
  },
  "1.18.1": {
    "1.18.1-3.0.0": "port to 1.18.1 - MelanX"
  },
  "1.18.2": {
    "1.18.2-3.1.0": "Update to 1.18.2 - MelanX",
    "1.18.2-3.1.1": "add heaviness to levitation - MelanX",
    "1.18.2-3.1.2": "remove emerald -> netherite since emerald isn't that strong anymore - MelanX",
    "1.18.2-3.1.3": "fix lightning set bonus being applied to every armor set instead of copper only - MelanX"
  },
  "1.19": {
    "1.19-4.0.0": "port to 1.19 - MelanX",
    "1.19-4.0.1": "run data generation, may fix some issues - MelanX",
    "1.19-4.0.2": "fix crash with forge 41.0.64+ - MelanX",
    "1.19-4.0.3": "remove config and fix crash with newer forge version - MelanX",
    "1.19-4.0.4": "remove emerald -> netherite since emerald isn't that strong anymore - MelanX"
  },
  "1.19.1": {
    "1.19.1-4.1.0": "compile for 1.19.1 - MelanX",
    "1.19.1-4.1.1": "add new tags introduced in forge 42.0.8 - MelanX"
  },
  "1.19.2": {
    "1.19.1-4.1.0": "compile for 1.19.1 - MelanX",
    "1.19.1-4.1.1": "add new tags introduced in forge 42.0.8 - MelanX"
  },
  "1.19.4": {
    "1.19.4-4.2.0": "fix creative tab name - MelanX\n1.19.4 - MelanX\nupdate badges - MelanX",
    "1.19.4-4.2.2": "fix lightning set bonus being applied to every armor set instead of copper only - MelanX"
  },
  "1.20": {
    "1.20-5.0.0": "1.20 - MelanX"
  },
  "1.20.1": {
    "1.20.1-5.1.0": "1.20.1 - MelanX\nadd links to commits in changelog - MelanX",
    "1.20.1-5.1.2": "fix lightning set bonus being applied to every armor set instead of copper only - MelanX"
  }
}
[11Apr2025 23:18:48.721] [Forge Version Check/INFO] [net.minecraftforge.fml.VersionChecker/]: [morevanillaarmor] Found status: UP_TO_DATE Current: 1.20.1-5.1.2 Target: null
[11Apr2025 23:18:48.721] [Forge Version Check/INFO] [net.minecraftforge.fml.VersionChecker/]: [scalinghealth] Starting version check at https://raw.githubusercontent.com/SilentChaos512/ScalingHealth/1.18/update.json
[11Apr2025 23:18:48.737] [Forge Version Check/DEBUG] [net.minecraftforge.fml.VersionChecker/]: [scalinghealth] Received version check data:
{
    "homepage": "https://www.curseforge.com/minecraft/mc-mods/scaling-health",
    "changelog": "https://github.com/SilentChaos512/ScalingHealth/blob/1.18/CHANGELOG.md",
    "1.18.2": {
        "6.3.0": "https://github.com/SilentChaos512/ScalingHealth/blob/1.18/CHANGELOG.md",
        "6.2.1": "https://github.com/SilentChaos512/ScalingHealth/blob/1.18/CHANGELOG.md",
        "6.2.0": "https://github.com/SilentChaos512/ScalingHealth/blob/1.18/CHANGELOG.md",
        "6.0.1": "https://github.com/SilentChaos512/ScalingHealth/blob/1.18/CHANGELOG.md",
        "6.0.0": "https://github.com/SilentChaos512/ScalingHealth/blob/1.18/CHANGELOG.md"
    },
    "1.18.1": {
        "6.0.0": "https://github.com/SilentChaos512/ScalingHealth/blob/1.18/CHANGELOG.md"
    },
    "1.17.1": {
        "5.0.4": "https://github.com/SilentChaos512/ScalingHealth/blob/1.17/CHANGELOG.md",
        "5.0.3": "https://github.com/SilentChaos512/ScalingHealth/blob/1.17/CHANGELOG.md",
        "5.0.2": "https://github.com/SilentChaos512/ScalingHealth/blob/1.17/CHANGELOG.md",
        "5.0.1": "https://github.com/SilentChaos512/ScalingHealth/blob/1.17/CHANGELOG.md",
        "5.0.0": "https://github.com/SilentChaos512/ScalingHealth/blob/1.17/CHANGELOG.md"
    },
    "1.16.5": {
        "4.1.5": "https://github.com/SilentChaos512/ScalingHealth/blob/1.16/CHANGELOG.md",
        "4.1.4": "https://github.com/SilentChaos512/ScalingHealth/blob/1.16/CHANGELOG.md",
        "4.1.3": "https://github.com/SilentChaos512/ScalingHealth/blob/1.16/CHANGELOG.md",
        "4.1.2": "https://github.com/SilentChaos512/ScalingHealth/blob/1.16/CHANGELOG.md",
        "4.1.1": "https://github.com/SilentChaos512/ScalingHealth/blob/1.16/CHANGELOG.md",
        "4.1.0": "https://github.com/SilentChaos512/ScalingHealth/blob/1.16/CHANGELOG.md"
    },
    "1.16.4": {
        "4.0.4": "https://github.com/SilentChaos512/ScalingHealth/blob/1.16/CHANGELOG.md"
    },
    "1.15.2": {
        "3.0.3": "https://github.com/SilentChaos512/ScalingHealth/blob/1.15/CHANGELOG.md",
        "3.0.2": "https://github.com/SilentChaos512/ScalingHealth/blob/1.15/CHANGELOG.md",
        "3.0.1": "https://github.com/SilentChaos512/ScalingHealth/blob/1.15/CHANGELOG.md",
        "3.0.0": "https://github.com/SilentChaos512/ScalingHealth/blob/1.15/CHANGELOG.md"
    },
    "1.14.4": {
        "2.5.3": "https://github.com/SilentChaos512/ScalingHealth/blob/1.14/CHANGELOG.md",
        "2.5.2": "https://github.com/SilentChaos512/ScalingHealth/blob/1.14/CHANGELOG.md",
        "2.5.1": "https://github.com/SilentChaos512/ScalingHealth/blob/1.14/CHANGELOG.md",
        "2.5.0": "https://github.com/SilentChaos512/ScalingHealth/blob/1.14/CHANGELOG.md",
        "2.4.2": "https://github.com/SilentChaos512/ScalingHealth/blob/1.14/CHANGELOG.md",
        "2.4.1": "https://github.com/SilentChaos512/ScalingHealth/blob/1.14/CHANGELOG.md",
        "2.4.0": "https://github.com/SilentChaos512/ScalingHealth/blob/1.14/CHANGELOG.md",
        "2.3.14": "https://github.com/SilentChaos512/ScalingHealth/blob/1.14/CHANGELOG.md",
        "2.3.13": "https://github.com/SilentChaos512/ScalingHealth/blob/1.14/CHANGELOG.md",
        "2.3.12": "https://github.com/SilentChaos512/ScalingHealth/blob/1.14/CHANGELOG.md",
        "2.3.11": "https://github.com/SilentChaos512/ScalingHealth/blob/1.14/CHANGELOG.md",
        "2.3.10": "https://github.com/SilentChaos512/ScalingHealth/blob/1.14/CHANGELOG.md",
        "2.3.9": "https://github.com/SilentChaos512/ScalingHealth/blob/1.14/CHANGELOG.md",
        "2.3.8": "https://github.com/SilentChaos512/ScalingHealth/blob/1.14/CHANGELOG.md",
        "2.3.7": "https://github.com/SilentChaos512/ScalingHealth/blob/1.14/CHANGELOG.md",
        "2.3.6": "https://github.com/SilentChaos512/ScalingHealth/blob/1.14/CHANGELOG.md",
        "2.3.5": "https://github.com/SilentChaos512/ScalingHealth/blob/1.14/CHANGELOG.md",
        "2.3.4": "https://github.com/SilentChaos512/ScalingHealth/blob/1.14/CHANGELOG.md",
        "2.3.3": "https://github.com/SilentChaos512/ScalingHealth/blob/1.14/CHANGELOG.md",
        "2.3.2": "https://github.com/SilentChaos512/ScalingHealth/blob/1.14/CHANGELOG.md",
        "2.3.1": "https://github.com/SilentChaos512/ScalingHealth/blob/1.14/CHANGELOG.md",
        "2.3.0": "https://github.com/SilentChaos512/ScalingHealth/blob/1.14/CHANGELOG.md",
        "2.2.1": "https://github.com/SilentChaos512/ScalingHealth/blob/1.14/CHANGELOG.md",
        "2.2.0": "https://github.com/SilentChaos512/ScalingHealth/blob/1.14/CHANGELOG.md",
        "2.1.0": "https://github.com/SilentChaos512/ScalingHealth/blob/1.14/CHANGELOG.md",
        "2.0.4": "https://github.com/SilentChaos512/ScalingHealth/blob/1.14/CHANGELOG.md",
        "2.0.3": "https://github.com/SilentChaos512/ScalingHealth/blob/1.14/CHANGELOG.md",
        "2.0.2": "https://github.com/SilentChaos512/ScalingHealth/blob/1.14/CHANGELOG.md",
        "2.0.1": "https://github.com/SilentChaos512/ScalingHealth/blob/1.14/CHANGELOG.md"
    },
    "promos": {
        "1.12.2-latest": "1.3.42",
        "1.14.4-latest": "2.5.3",
        "1.15.2-latest": "3.0.3",
        "1.16.4-latest": "4.0.4",
        "1.16.5-latest": "4.1.5",
        "1.17.1-latest": "5.0.4",
        "1.18.1-latest": "6.0.0",
        "1.18.2-latest": "6.3.0"
    }
}
[11Apr2025 23:18:48.737] [Forge Version Check/INFO] [net.minecraftforge.fml.VersionChecker/]: [scalinghealth] Found status: BETA Current: 8.0.2+9 Target: null
[11Apr2025 23:18:48.737] [Forge Version Check/INFO] [net.minecraftforge.fml.VersionChecker/]: [forge] Starting version check at https://files.minecraftforge.net/net/minecraftforge/forge/promotions_slim.json
[11Apr2025 23:18:48.845] [Forge Version Check/DEBUG] [net.minecraftforge.fml.VersionChecker/]: [forge] Received version check data:
{
  "homepage": "https://files.minecraftforge.net/net/minecraftforge/forge/",
  "promos": {
    "1.1-latest": "1.3.4.29",
    "1.2.3-latest": "1.4.1.64",
    "1.2.4-latest": "2.0.0.68",
    "1.2.5-latest": "3.4.9.171",
    "1.3.2-latest": "4.3.5.318",
    "1.4.0-latest": "5.0.0.326",
    "1.4.1-latest": "6.0.0.329",
    "1.4.2-latest": "6.0.1.355",
    "1.4.3-latest": "6.2.1.358",
    "1.4.4-latest": "6.3.0.378",
    "1.4.5-latest": "6.4.2.448",
    "1.4.6-latest": "6.5.0.489",
    "1.4.7-latest": "6.6.2.534",
    "1.5-latest": "7.7.0.598",
    "1.5.1-latest": "7.7.2.682",
    "1.5.2-latest": "7.8.1.738",
    "1.5.2-recommended": "7.8.1.738",
    "1.6.1-latest": "8.9.0.775",
    "1.6.2-latest": "9.10.1.871",
    "1.6.2-recommended": "9.10.1.871",
    "1.6.3-latest": "9.11.0.878",
    "1.6.4-latest": "9.11.1.1345",
    "1.6.4-recommended": "9.11.1.1345",
    "1.7.2-latest": "10.12.2.1161",
    "1.7.2-recommended": "10.12.2.1161",
    "1.7.10_pre4-latest": "10.12.2.1149",
    "1.7.10-latest": "10.13.4.1614",
    "1.7.10-recommended": "10.13.4.1614",
    "1.8-latest": "11.14.4.1577",
    "1.8-recommended": "11.14.4.1563",
    "1.8.8-latest": "11.15.0.1655",
    "1.8.9-latest": "11.15.1.2318",
    "1.8.9-recommended": "11.15.1.2318",
    "1.9-latest": "12.16.1.1938",
    "1.9-recommended": "12.16.1.1887",
    "1.9.4-latest": "12.17.0.2317",
    "1.9.4-recommended": "12.17.0.2317",
    "1.10-latest": "12.18.0.2000",
    "1.10.2-latest": "12.18.3.2511",
    "1.10.2-recommended": "12.18.3.2511",
    "1.11-latest": "13.19.1.2199",
    "1.11-recommended": "13.19.1.2189",
    "1.11.2-latest": "13.20.1.2588",
    "1.11.2-recommended": "13.20.1.2588",
    "1.12-latest": "14.21.1.2443",
    "1.12-recommended": "14.21.1.2387",
    "1.12.1-latest": "14.22.1.2485",
    "1.12.1-recommended": "14.22.1.2478",
    "1.12.2-latest": "14.23.5.2860",
    "1.12.2-recommended": "14.23.5.2859",
    "1.13.2-latest": "25.0.223",
    "1.14.2-latest": "26.0.63",
    "1.14.3-latest": "27.0.60",
    "1.14.4-latest": "28.2.26",
    "1.14.4-recommended": "28.2.26",
    "1.15-latest": "29.0.4",
    "1.15.1-latest": "30.0.51",
    "1.15.2-latest": "31.2.57",
    "1.15.2-recommended": "31.2.57",
    "1.16.1-latest": "32.0.108",
    "1.16.2-latest": "33.0.61",
    "1.16.3-latest": "34.1.42",
    "1.16.3-recommended": "34.1.0",
    "1.16.4-latest": "35.1.37",
    "1.16.4-recommended": "35.1.4",
    "1.16.5-latest": "36.2.42",
    "1.16.5-recommended": "36.2.34",
    "1.17.1-latest": "37.1.1",
    "1.17.1-recommended": "37.1.1",
    "1.18-latest": "38.0.17",
    "1.18.1-latest": "39.1.2",
    "1.18.1-recommended": "39.1.0",
    "1.18.2-recommended": "40.3.0",
    "1.18.2-latest": "40.3.10",
    "1.19-latest": "41.1.0",
    "1.19-recommended": "41.1.0",
    "1.19.1-latest": "42.0.9",
    "1.19.2-recommended": "43.5.0",
    "1.19.2-latest": "43.5.0",
    "1.19.3-latest": "44.1.23",
    "1.19.3-recommended": "44.1.0",
    "1.19.4-recommended": "45.4.0",
    "1.19.4-latest": "45.4.0",
    "1.20-latest": "46.0.14",
    "1.20.1-recommended": "47.4.0",
    "1.20.1-latest": "47.4.0",
    "1.20.2-latest": "48.1.0",
    "1.20.2-recommended": "48.1.0",
    "1.20.3-latest": "49.0.2",
    "1.20.4-latest": "49.2.0",
    "1.20.4-recommended": "49.2.0",
    "1.20.6-latest": "50.2.0",
    "1.20.6-recommended": "50.2.0",
    "1.21-latest": "51.0.33",
    "1.21.1-latest": "52.1.0",
    "1.21.1-recommended": "52.1.0",
    "1.21.3-latest": "53.1.1",
    "1.21.3-recommended": "53.1.0",
    "1.21.4-latest": "54.1.3",
    "1.21.4-recommended": "54.1.0",
    "1.21.5-latest": "55.0.4"
  }
}
[11Apr2025 23:18:48.846] [Forge Version Check/INFO] [net.minecraftforge.fml.VersionChecker/]: [forge] Found status: OUTDATED Current: 47.3.7 Target: 47.4.0
[11Apr2025 23:18:49.322] [main/INFO] [com.mojang.authlib.yggdrasil.YggdrasilAuthenticationService/]: Environment: authHost='https://authserver.mojang.com', accountsHost='https://api.mojang.com', sessionHost='https://sessionserver.mojang.com', servicesHost='https://api.minecraftservices.com', name='PROD'
[11Apr2025 23:18:49.345] [main/DEBUG] [mixin/]: Mixing DataFixLevelStorageSourceMixin from mixins.irons_spellbooks.json into net.minecraft.world.level.storage.LevelStorageSource
[11Apr2025 23:18:49.525] [main/WARN] [net.minecraftforge.registries.ForgeRegistry/REGISTRIES]: Registry minecraft:block: Object did not get ID it asked for. Name: giacomos_exp:expcrop Expected: 1003 Got: 2116
[11Apr2025 23:18:49.526] [main/WARN] [net.minecraftforge.registries.ForgeRegistry/REGISTRIES]: Registry minecraft:block: Object did not get ID it asked for. Name: mca:rose_gold_block Expected: 2113 Got: 2117
[11Apr2025 23:18:49.526] [main/WARN] [net.minecraftforge.registries.ForgeRegistry/REGISTRIES]: Registry minecraft:block: Object did not get ID it asked for. Name: mca:jeweler_workbench Expected: 2114 Got: 2118
[11Apr2025 23:18:49.526] [main/WARN] [net.minecraftforge.registries.ForgeRegistry/REGISTRIES]: Registry minecraft:block: Object did not get ID it asked for. Name: mca:infernal_flame Expected: 2115 Got: 2119
[11Apr2025 23:18:49.526] [main/WARN] [net.minecraftforge.registries.ForgeRegistry/REGISTRIES]: Registry minecraft:block: Object did not get ID it asked for. Name: mca:gravelling_headstone Expected: 2116 Got: 2120
[11Apr2025 23:18:49.526] [main/WARN] [net.minecraftforge.registries.ForgeRegistry/REGISTRIES]: Registry minecraft:block: Object did not get ID it asked for. Name: mca:upright_headstone Expected: 2117 Got: 2121
[11Apr2025 23:18:49.526] [main/WARN] [net.minecraftforge.registries.ForgeRegistry/REGISTRIES]: Registry minecraft:block: Object did not get ID it asked for. Name: mca:slanted_headstone Expected: 2118 Got: 2122
[11Apr2025 23:18:49.526] [main/WARN] [net.minecraftforge.registries.ForgeRegistry/REGISTRIES]: Registry minecraft:block: Object did not get ID it asked for. Name: mca:cross_headstone Expected: 2119 Got: 2123
[11Apr2025 23:18:49.526] [main/WARN] [net.minecraftforge.registries.ForgeRegistry/REGISTRIES]: Registry minecraft:block: Object did not get ID it asked for. Name: mca:wall_headstone Expected: 2120 Got: 2124
[11Apr2025 23:18:49.527] [main/WARN] [net.minecraftforge.registries.ForgeRegistry/REGISTRIES]: Registry minecraft:block: Object did not get ID it asked for. Name: mca:cobblestone_upright_headstone Expected: 2121 Got: 2125
[11Apr2025 23:18:49.527] [main/WARN] [net.minecraftforge.registries.ForgeRegistry/REGISTRIES]: Registry minecraft:block: Object did not get ID it asked for. Name: mca:cobblestone_slanted_headstone Expected: 2122 Got: 2126
[11Apr2025 23:18:49.527] [main/WARN] [net.minecraftforge.registries.ForgeRegistry/REGISTRIES]: Registry minecraft:block: Object did not get ID it asked for. Name: mca:wooden_upright_headstone Expected: 2123 Got: 2127
[11Apr2025 23:18:49.527] [main/WARN] [net.minecraftforge.registries.ForgeRegistry/REGISTRIES]: Registry minecraft:block: Object did not get ID it asked for. Name: mca:wooden_slanted_headstone Expected: 2124 Got: 2128
[11Apr2025 23:18:49.527] [main/WARN] [net.minecraftforge.registries.ForgeRegistry/REGISTRIES]: Registry minecraft:block: Object did not get ID it asked for. Name: mca:golden_upright_headstone Expected: 2125 Got: 2129
[11Apr2025 23:18:49.527] [main/WARN] [net.minecraftforge.registries.ForgeRegistry/REGISTRIES]: Registry minecraft:block: Object did not get ID it asked for. Name: mca:golden_slanted_headstone Expected: 2126 Got: 2130
[11Apr2025 23:18:49.527] [main/WARN] [net.minecraftforge.registries.ForgeRegistry/REGISTRIES]: Registry minecraft:block: Object did not get ID it asked for. Name: mca:deepslate_upright_headstone Expected: 2127 Got: 2131
[11Apr2025 23:18:49.527] [main/WARN] [net.minecraftforge.registries.ForgeRegistry/REGISTRIES]: Registry minecraft:block: Object did not get ID it asked for. Name: mca:deepslate_slanted_headstone Expected: 2128 Got: 2132
[11Apr2025 23:18:49.530] [main/WARN] [net.minecraftforge.registries.ForgeRegistry/REGISTRIES]: Registry minecraft:item: Object did not get ID it asked for. Name: giacomos_exp:expseed Expected: 1255 Got: 3709
[11Apr2025 23:18:49.531] [main/WARN] [net.minecraftforge.registries.ForgeRegistry/REGISTRIES]: Registry minecraft:item: Object did not get ID it asked for. Name: mca:male_villager_spawn_egg Expected: 3696 Got: 3710
[11Apr2025 23:18:49.531] [main/WARN] [net.minecraftforge.registries.ForgeRegistry/REGISTRIES]: Registry minecraft:item: Object did not get ID it asked for. Name: mca:female_villager_spawn_egg Expected: 3697 Got: 3711
[11Apr2025 23:18:49.531] [main/WARN] [net.minecraftforge.registries.ForgeRegistry/REGISTRIES]: Registry minecraft:item: Object did not get ID it asked for. Name: mca:male_zombie_villager_spawn_egg Expected: 3698 Got: 3712
[11Apr2025 23:18:49.532] [main/WARN] [net.minecraftforge.registries.ForgeRegistry/REGISTRIES]: Registry minecraft:item: Object did not get ID it asked for. Name: mca:female_zombie_villager_spawn_egg Expected: 3699 Got: 3713
[11Apr2025 23:18:49.532] [main/WARN] [net.minecraftforge.registries.ForgeRegistry/REGISTRIES]: Registry minecraft:item: Object did not get ID it asked for. Name: mca:grim_reaper_spawn_egg Expected: 3700 Got: 3714
[11Apr2025 23:18:49.532] [main/WARN] [net.minecraftforge.registries.ForgeRegistry/REGISTRIES]: Registry minecraft:item: Object did not get ID it asked for. Name: mca:baby_boy Expected: 3701 Got: 3715
[11Apr2025 23:18:49.532] [main/WARN] [net.minecraftforge.registries.ForgeRegistry/REGISTRIES]: Registry minecraft:item: Object did not get ID it asked for. Name: mca:baby_girl Expected: 3702 Got: 3716
[11Apr2025 23:18:49.533] [main/WARN] [net.minecraftforge.registries.ForgeRegistry/REGISTRIES]: Registry minecraft:item: Object did not get ID it asked for. Name: mca:sirben_baby_boy Expected: 3703 Got: 3717
[11Apr2025 23:18:49.533] [main/WARN] [net.minecraftforge.registries.ForgeRegistry/REGISTRIES]: Registry minecraft:item: Object did not get ID it asked for. Name: mca:sirben_baby_girl Expected: 3704 Got: 3718
[11Apr2025 23:18:49.533] [main/WARN] [net.minecraftforge.registries.ForgeRegistry/REGISTRIES]: Registry minecraft:item: Object did not get ID it asked for. Name: mca:wedding_ring Expected: 3705 Got: 3719
[11Apr2025 23:18:49.535] [main/WARN] [net.minecraftforge.registries.ForgeRegistry/REGISTRIES]: Registry minecraft:item: Object did not get ID it asked for. Name: mca:wedding_ring_rg Expected: 3706 Got: 3720
[11Apr2025 23:18:49.535] [main/WARN] [net.minecraftforge.registries.ForgeRegistry/REGISTRIES]: Registry minecraft:item: Object did not get ID it asked for. Name: mca:engagement_ring Expected: 3707 Got: 3721
[11Apr2025 23:18:49.535] [main/WARN] [net.minecraftforge.registries.ForgeRegistry/REGISTRIES]: Registry minecraft:item: Object did not get ID it asked for. Name: mca:engagement_ring_rg Expected: 3708 Got: 3722
[11Apr2025 23:18:49.536] [main/WARN] [net.minecraftforge.registries.ForgeRegistry/REGISTRIES]: Registry minecraft:item: Object did not get ID it asked for. Name: mca:matchmakers_ring Expected: 3709 Got: 3723
[11Apr2025 23:18:49.536] [main/WARN] [net.minecraftforge.registries.ForgeRegistry/REGISTRIES]: Registry minecraft:item: Object did not get ID it asked for. Name: mca:villager_editor Expected: 3710 Got: 3724
[11Apr2025 23:18:49.536] [main/WARN] [net.minecraftforge.registries.ForgeRegistry/REGISTRIES]: Registry minecraft:item: Object did not get ID it asked for. Name: mca:staff_of_life Expected: 3711 Got: 3725
[11Apr2025 23:18:49.536] [main/WARN] [net.minecraftforge.registries.ForgeRegistry/REGISTRIES]: Registry minecraft:item: Object did not get ID it asked for. Name: mca:whistle Expected: 3712 Got: 3726
[11Apr2025 23:18:49.536] [main/WARN] [net.minecraftforge.registries.ForgeRegistry/REGISTRIES]: Registry minecraft:item: Object did not get ID it asked for. Name: mca:blueprint Expected: 3713 Got: 3727
[11Apr2025 23:18:49.537] [main/WARN] [net.minecraftforge.registries.ForgeRegistry/REGISTRIES]: Registry minecraft:item: Object did not get ID it asked for. Name: mca:family_tree Expected: 3714 Got: 3728
[11Apr2025 23:18:49.537] [main/WARN] [net.minecraftforge.registries.ForgeRegistry/REGISTRIES]: Registry minecraft:item: Object did not get ID it asked for. Name: mca:villager_tracker Expected: 3715 Got: 3729
[11Apr2025 23:18:49.537] [main/WARN] [net.minecraftforge.registries.ForgeRegistry/REGISTRIES]: Registry minecraft:item: Object did not get ID it asked for. Name: mca:scythe Expected: 3716 Got: 3730
[11Apr2025 23:18:49.537] [main/WARN] [net.minecraftforge.registries.ForgeRegistry/REGISTRIES]: Registry minecraft:item: Object did not get ID it asked for. Name: mca:bouquet Expected: 3717 Got: 3731
[11Apr2025 23:18:49.538] [main/WARN] [net.minecraftforge.registries.ForgeRegistry/REGISTRIES]: Registry minecraft:item: Object did not get ID it asked for. Name: mca:potion_of_feminity Expected: 3718 Got: 3732
[11Apr2025 23:18:49.538] [main/WARN] [net.minecraftforge.registries.ForgeRegistry/REGISTRIES]: Registry minecraft:item: Object did not get ID it asked for. Name: mca:potion_of_masculinity Expected: 3719 Got: 3733
[11Apr2025 23:18:49.539] [main/WARN] [net.minecraftforge.registries.ForgeRegistry/REGISTRIES]: Registry minecraft:item: Object did not get ID it asked for. Name: mca:needle_and_thread Expected: 3720 Got: 3734
[11Apr2025 23:18:49.539] [main/WARN] [net.minecraftforge.registries.ForgeRegistry/REGISTRIES]: Registry minecraft:item: Object did not get ID it asked for. Name: mca:comb Expected: 3721 Got: 3735
[11Apr2025 23:18:49.539] [main/WARN] [net.minecraftforge.registries.ForgeRegistry/REGISTRIES]: Registry minecraft:item: Object did not get ID it asked for. Name: mca:book_death Expected: 3722 Got: 3736
[11Apr2025 23:18:49.540] [main/WARN] [net.minecraftforge.registries.ForgeRegistry/REGISTRIES]: Registry minecraft:item: Object did not get ID it asked for. Name: mca:book_romance Expected: 3723 Got: 3737
[11Apr2025 23:18:49.540] [main/WARN] [net.minecraftforge.registries.ForgeRegistry/REGISTRIES]: Registry minecraft:item: Object did not get ID it asked for. Name: mca:book_family Expected: 3724 Got: 3738
[11Apr2025 23:18:49.540] [main/WARN] [net.minecraftforge.registries.ForgeRegistry/REGISTRIES]: Registry minecraft:item: Object did not get ID it asked for. Name: mca:book_rose_gold Expected: 3725 Got: 3739
[11Apr2025 23:18:49.540] [main/WARN] [net.minecraftforge.registries.ForgeRegistry/REGISTRIES]: Registry minecraft:item: Object did not get ID it asked for. Name: mca:book_infection Expected: 3726 Got: 3740
[11Apr2025 23:18:49.541] [main/WARN] [net.minecraftforge.registries.ForgeRegistry/REGISTRIES]: Registry minecraft:item: Object did not get ID it asked for. Name: mca:book_blueprint Expected: 3727 Got: 3741
[11Apr2025 23:18:49.541] [main/WARN] [net.minecraftforge.registries.ForgeRegistry/REGISTRIES]: Registry minecraft:item: Object did not get ID it asked for. Name: mca:book_supporters Expected: 3728 Got: 3742
[11Apr2025 23:18:49.541] [main/WARN] [net.minecraftforge.registries.ForgeRegistry/REGISTRIES]: Registry minecraft:item: Object did not get ID it asked for. Name: mca:book_cult_0 Expected: 3729 Got: 3743
[11Apr2025 23:18:49.542] [main/WARN] [net.minecraftforge.registries.ForgeRegistry/REGISTRIES]: Registry minecraft:item: Object did not get ID it asked for. Name: mca:book_cult_1 Expected: 3730 Got: 3744
[11Apr2025 23:18:49.542] [main/WARN] [net.minecraftforge.registries.ForgeRegistry/REGISTRIES]: Registry minecraft:item: Object did not get ID it asked for. Name: mca:book_cult_2 Expected: 3731 Got: 3745
[11Apr2025 23:18:49.542] [main/WARN] [net.minecraftforge.registries.ForgeRegistry/REGISTRIES]: Registry minecraft:item: Object did not get ID it asked for. Name: mca:book_cult_ancient Expected: 3732 Got: 3746
[11Apr2025 23:18:49.542] [main/WARN] [net.minecraftforge.registries.ForgeRegistry/REGISTRIES]: Registry minecraft:item: Object did not get ID it asked for. Name: mca:civil_registry Expected: 3733 Got: 3747
[11Apr2025 23:18:49.543] [main/WARN] [net.minecraftforge.registries.ForgeRegistry/REGISTRIES]: Registry minecraft:item: Object did not get ID it asked for. Name: mca:letter Expected: 3734 Got: 3748
[11Apr2025 23:18:49.543] [main/WARN] [net.minecraftforge.registries.ForgeRegistry/REGISTRIES]: Registry minecraft:item: Object did not get ID it asked for. Name: mca:divorce_papers Expected: 3735 Got: 3749
[11Apr2025 23:18:49.543] [main/WARN] [net.minecraftforge.registries.ForgeRegistry/REGISTRIES]: Registry minecraft:item: Object did not get ID it asked for. Name: mca:rose_gold_dust Expected: 3736 Got: 3750
[11Apr2025 23:18:49.543] [main/WARN] [net.minecraftforge.registries.ForgeRegistry/REGISTRIES]: Registry minecraft:item: Object did not get ID it asked for. Name: mca:rose_gold_ingot Expected: 3737 Got: 3751
[11Apr2025 23:18:49.544] [main/WARN] [net.minecraftforge.registries.ForgeRegistry/REGISTRIES]: Registry minecraft:item: Object did not get ID it asked for. Name: mca:rose_gold_block Expected: 3738 Got: 3752
[11Apr2025 23:18:49.545] [main/WARN] [net.minecraftforge.registries.ForgeRegistry/REGISTRIES]: Registry minecraft:item: Object did not get ID it asked for. Name: mca:jeweler_workbench Expected: 3739 Got: 3753
[11Apr2025 23:18:49.545] [main/WARN] [net.minecraftforge.registries.ForgeRegistry/REGISTRIES]: Registry minecraft:item: Object did not get ID it asked for. Name: mca:gravelling_headstone Expected: 3740 Got: 3754
[11Apr2025 23:18:49.546] [main/WARN] [net.minecraftforge.registries.ForgeRegistry/REGISTRIES]: Registry minecraft:item: Object did not get ID it asked for. Name: mca:upright_headstone Expected: 3741 Got: 3755
[11Apr2025 23:18:49.546] [main/WARN] [net.minecraftforge.registries.ForgeRegistry/REGISTRIES]: Registry minecraft:item: Object did not get ID it asked for. Name: mca:slanted_headstone Expected: 3742 Got: 3756
[11Apr2025 23:18:49.546] [main/WARN] [net.minecraftforge.registries.ForgeRegistry/REGISTRIES]: Registry minecraft:item: Object did not get ID it asked for. Name: mca:cross_headstone Expected: 3743 Got: 3757
[11Apr2025 23:18:49.547] [main/WARN] [net.minecraftforge.registries.ForgeRegistry/REGISTRIES]: Registry minecraft:item: Object did not get ID it asked for. Name: mca:wall_headstone Expected: 3744 Got: 3758
[11Apr2025 23:18:49.547] [main/WARN] [net.minecraftforge.registries.ForgeRegistry/REGISTRIES]: Registry minecraft:item: Object did not get ID it asked for. Name: mca:cobblestone_upright_headstone Expected: 3745 Got: 3759
[11Apr2025 23:18:49.548] [main/WARN] [net.minecraftforge.registries.ForgeRegistry/REGISTRIES]: Registry minecraft:item: Object did not get ID it asked for. Name: mca:cobblestone_slanted_headstone Expected: 3746 Got: 3760
[11Apr2025 23:18:49.548] [main/WARN] [net.minecraftforge.registries.ForgeRegistry/REGISTRIES]: Registry minecraft:item: Object did not get ID it asked for. Name: mca:wooden_upright_headstone Expected: 3747 Got: 3761
[11Apr2025 23:18:49.549] [main/WARN] [net.minecraftforge.registries.ForgeRegistry/REGISTRIES]: Registry minecraft:item: Object did not get ID it asked for. Name: mca:wooden_slanted_headstone Expected: 3748 Got: 3762
[11Apr2025 23:18:49.550] [main/WARN] [net.minecraftforge.registries.ForgeRegistry/REGISTRIES]: Registry minecraft:item: Object did not get ID it asked for. Name: mca:golden_upright_headstone Expected: 3749 Got: 3763
[11Apr2025 23:18:49.550] [main/WARN] [net.minecraftforge.registries.ForgeRegistry/REGISTRIES]: Registry minecraft:item: Object did not get ID it asked for. Name: mca:golden_slanted_headstone Expected: 3750 Got: 3764
[11Apr2025 23:18:49.550] [main/WARN] [net.minecraftforge.registries.ForgeRegistry/REGISTRIES]: Registry minecraft:item: Object did not get ID it asked for. Name: mca:deepslate_upright_headstone Expected: 3751 Got: 3765
[11Apr2025 23:18:49.551] [main/WARN] [net.minecraftforge.registries.ForgeRegistry/REGISTRIES]: Registry minecraft:item: Object did not get ID it asked for. Name: mca:deepslate_slanted_headstone Expected: 3752 Got: 3766
[11Apr2025 23:18:49.551] [main/WARN] [net.minecraftforge.registries.ForgeRegistry/REGISTRIES]: Registry minecraft:item: Object did not get ID it asked for. Name: mca:white_oak_crib Expected: 3753 Got: 3767
[11Apr2025 23:18:49.551] [main/WARN] [net.minecraftforge.registries.ForgeRegistry/REGISTRIES]: Registry minecraft:item: Object did not get ID it asked for. Name: mca:orange_oak_crib Expected: 3754 Got: 3768
[11Apr2025 23:18:49.552] [main/WARN] [net.minecraftforge.registries.ForgeRegistry/REGISTRIES]: Registry minecraft:item: Object did not get ID it asked for. Name: mca:magenta_oak_crib Expected: 3755 Got: 3769
[11Apr2025 23:18:49.553] [main/WARN] [net.minecraftforge.registries.ForgeRegistry/REGISTRIES]: Registry minecraft:item: Object did not get ID it asked for. Name: mca:light_blue_oak_crib Expected: 3756 Got: 3770
[11Apr2025 23:18:49.553] [main/WARN] [net.minecraftforge.registries.ForgeRegistry/REGISTRIES]: Registry minecraft:item: Object did not get ID it asked for. Name: mca:yellow_oak_crib Expected: 3757 Got: 3771
[11Apr2025 23:18:49.554] [main/WARN] [net.minecraftforge.registries.ForgeRegistry/REGISTRIES]: Registry minecraft:item: Object did not get ID it asked for. Name: mca:lime_oak_crib Expected: 3758 Got: 3772
[11Apr2025 23:18:49.554] [main/WARN] [net.minecraftforge.registries.ForgeRegistry/REGISTRIES]: Registry minecraft:item: Object did not get ID it asked for. Name: mca:pink_oak_crib Expected: 3759 Got: 3773
[11Apr2025 23:18:49.555] [main/WARN] [net.minecraftforge.registries.ForgeRegistry/REGISTRIES]: Registry minecraft:item: Object did not get ID it asked for. Name: mca:gray_oak_crib Expected: 3760 Got: 3774
[11Apr2025 23:18:49.555] [main/WARN] [net.minecraftforge.registries.ForgeRegistry/REGISTRIES]: Registry minecraft:item: Object did not get ID it asked for. Name: mca:light_gray_oak_crib Expected: 3761 Got: 3775
[11Apr2025 23:18:49.556] [main/WARN] [net.minecraftforge.registries.ForgeRegistry/REGISTRIES]: Registry minecraft:item: Object did not get ID it asked for. Name: mca:cyan_oak_crib Expected: 3762 Got: 3776
[11Apr2025 23:18:49.556] [main/WARN] [net.minecraftforge.registries.ForgeRegistry/REGISTRIES]: Registry minecraft:item: Object did not get ID it asked for. Name: mca:purple_oak_crib Expected: 3763 Got: 3777
[11Apr2025 23:18:49.556] [main/WARN] [net.minecraftforge.registries.ForgeRegistry/REGISTRIES]: Registry minecraft:item: Object did not get ID it asked for. Name: mca:blue_oak_crib Expected: 3764 Got: 3778
[11Apr2025 23:18:49.557] [main/WARN] [net.minecraftforge.registries.ForgeRegistry/REGISTRIES]: Registry minecraft:item: Object did not get ID it asked for. Name: mca:brown_oak_crib Expected: 3765 Got: 3779
[11Apr2025 23:18:49.557] [main/WARN] [net.minecraftforge.registries.ForgeRegistry/REGISTRIES]: Registry minecraft:item: Object did not get ID it asked for. Name: mca:green_oak_crib Expected: 3766 Got: 3780
[11Apr2025 23:18:49.557] [main/WARN] [net.minecraftforge.registries.ForgeRegistry/REGISTRIES]: Registry minecraft:item: Object did not get ID it asked for. Name: mca:red_oak_crib Expected: 3767 Got: 3781
[11Apr2025 23:18:49.558] [main/WARN] [net.minecraftforge.registries.ForgeRegistry/REGISTRIES]: Registry minecraft:item: Object did not get ID it asked for. Name: mca:black_oak_crib Expected: 3768 Got: 3782
[11Apr2025 23:18:49.558] [main/WARN] [net.minecraftforge.registries.ForgeRegistry/REGISTRIES]: Registry minecraft:item: Object did not get ID it asked for. Name: mca:white_spruce_crib Expected: 3769 Got: 3783
[11Apr2025 23:18:49.559] [main/WARN] [net.minecraftforge.registries.ForgeRegistry/REGISTRIES]: Registry minecraft:item: Object did not get ID it asked for. Name: mca:orange_spruce_crib Expected: 3770 Got: 3784
[11Apr2025 23:18:49.559] [main/WARN] [net.minecraftforge.registries.ForgeRegistry/REGISTRIES]: Registry minecraft:item: Object did not get ID it asked for. Name: mca:magenta_spruce_crib Expected: 3771 Got: 3785
[11Apr2025 23:18:49.559] [main/WARN] [net.minecraftforge.registries.ForgeRegistry/REGISTRIES]: Registry minecraft:item: Object did not get ID it asked for. Name: mca:light_blue_spruce_crib Expected: 3772 Got: 3786
[11Apr2025 23:18:49.560] [main/WARN] [net.minecraftforge.registries.ForgeRegistry/REGISTRIES]: Registry minecraft:item: Object did not get ID it asked for. Name: mca:yellow_spruce_crib Expected: 3773 Got: 3787
[11Apr2025 23:18:49.560] [main/WARN] [net.minecraftforge.registries.ForgeRegistry/REGISTRIES]: Registry minecraft:item: Object did not get ID it asked for. Name: mca:lime_spruce_crib Expected: 3774 Got: 3788
[11Apr2025 23:18:49.561] [main/WARN] [net.minecraftforge.registries.ForgeRegistry/REGISTRIES]: Registry minecraft:item: Object did not get ID it asked for. Name: mca:pink_spruce_crib Expected: 3775 Got: 3789
[11Apr2025 23:18:49.561] [main/WARN] [net.minecraftforge.registries.ForgeRegistry/REGISTRIES]: Registry minecraft:item: Object did not get ID it asked for. Name: mca:gray_spruce_crib Expected: 3776 Got: 3790
[11Apr2025 23:18:49.562] [main/WARN] [net.minecraftforge.registries.ForgeRegistry/REGISTRIES]: Registry minecraft:item: Object did not get ID it asked for. Name: mca:light_gray_spruce_crib Expected: 3777 Got: 3791
[11Apr2025 23:18:49.562] [main/WARN] [net.minecraftforge.registries.ForgeRegistry/REGISTRIES]: Registry minecraft:item: Object did not get ID it asked for. Name: mca:cyan_spruce_crib Expected: 3778 Got: 3792
[11Apr2025 23:18:49.562] [main/WARN] [net.minecraftforge.registries.ForgeRegistry/REGISTRIES]: Registry minecraft:item: Object did not get ID it asked for. Name: mca:purple_spruce_crib Expected: 3779 Got: 3793
[11Apr2025 23:18:49.562] [main/WARN] [net.minecraftforge.registries.ForgeRegistry/REGISTRIES]: Registry minecraft:item: Object did not get ID it asked for. Name: mca:blue_spruce_crib Expected: 3780 Got: 3794
[11Apr2025 23:18:49.562] [main/WARN] [net.minecraftforge.registries.ForgeRegistry/REGISTRIES]: Registry minecraft:item: Object did not get ID it asked for. Name: mca:brown_spruce_crib Expected: 3781 Got: 3795
[11Apr2025 23:18:49.562] [main/WARN] [net.minecraftforge.registries.ForgeRegistry/REGISTRIES]: Registry minecraft:item: Object did not get ID it asked for. Name: mca:green_spruce_crib Expected: 3782 Got: 3796
[11Apr2025 23:18:49.562] [main/WARN] [net.minecraftforge.registries.ForgeRegistry/REGISTRIES]: Registry minecraft:item: Object did not get ID it asked for. Name: mca:red_spruce_crib Expected: 3783 Got: 3797
[11Apr2025 23:18:49.562] [main/WARN] [net.minecraftforge.registries.ForgeRegistry/REGISTRIES]: Registry minecraft:item: Object did not get ID it asked for. Name: mca:black_spruce_crib Expected: 3784 Got: 3798
[11Apr2025 23:18:49.563] [main/WARN] [net.minecraftforge.registries.ForgeRegistry/REGISTRIES]: Registry minecraft:item: Object did not get ID it asked for. Name: mca:white_acacia_crib Expected: 3785 Got: 3799
[11Apr2025 23:18:49.563] [main/WARN] [net.minecraftforge.registries.ForgeRegistry/REGISTRIES]: Registry minecraft:item: Object did not get ID it asked for. Name: mca:orange_acacia_crib Expected: 3786 Got: 3800
[11Apr2025 23:18:49.563] [main/WARN] [net.minecraftforge.registries.ForgeRegistry/REGISTRIES]: Registry minecraft:item: Object did not get ID it asked for. Name: mca:magenta_acacia_crib Expected: 3787 Got: 3801
[11Apr2025 23:18:49.563] [main/WARN] [net.minecraftforge.registries.ForgeRegistry/REGISTRIES]: Registry minecraft:item: Object did not get ID it asked for. Name: mca:light_blue_acacia_crib Expected: 3788 Got: 3802
[11Apr2025 23:18:49.563] [main/WARN] [net.minecraftforge.registries.ForgeRegistry/REGISTRIES]: Registry minecraft:item: Object did not get ID it asked for. Name: mca:yellow_acacia_crib Expected: 3789 Got: 3803
[11Apr2025 23:18:49.563] [main/WARN] [net.minecraftforge.registries.ForgeRegistry/REGISTRIES]: Registry minecraft:item: Object did not get ID it asked for. Name: mca:lime_acacia_crib Expected: 3790 Got: 3804
[11Apr2025 23:18:49.563] [main/WARN] [net.minecraftforge.registries.ForgeRegistry/REGISTRIES]: Registry minecraft:item: Object did not get ID it asked for. Name: mca:pink_acacia_crib Expected: 3791 Got: 3805
[11Apr2025 23:18:49.563] [main/WARN] [net.minecraftforge.registries.ForgeRegistry/REGISTRIES]: Registry minecraft:item: Object did not get ID it asked for. Name: mca:gray_acacia_crib Expected: 3792 Got: 3806
[11Apr2025 23:18:49.563] [main/WARN] [net.minecraftforge.registries.ForgeRegistry/REGISTRIES]: Registry minecraft:item: Object did not get ID it asked for. Name: mca:light_gray_acacia_crib Expected: 3793 Got: 3807
[11Apr2025 23:18:49.563] [main/WARN] [net.minecraftforge.registries.ForgeRegistry/REGISTRIES]: Registry minecraft:item: Object did not get ID it asked for. Name: mca:cyan_acacia_crib Expected: 3794 Got: 3808
[11Apr2025 23:18:49.564] [main/WARN] [net.minecraftforge.registries.ForgeRegistry/REGISTRIES]: Registry minecraft:item: Object did not get ID it asked for. Name: mca:purple_acacia_crib Expected: 3795 Got: 3809
[11Apr2025 23:18:49.564] [main/WARN] [net.minecraftforge.registries.ForgeRegistry/REGISTRIES]: Registry minecraft:item: Object did not get ID it asked for. Name: mca:blue_acacia_crib Expected: 3796 Got: 3810
[11Apr2025 23:18:49.564] [main/WARN] [net.minecraftforge.registries.ForgeRegistry/REGISTRIES]: Registry minecraft:item: Object did not get ID it asked for. Name: mca:brown_acacia_crib Expected: 3797 Got: 3811
[11Apr2025 23:18:49.564] [main/WARN] [net.minecraftforge.registries.ForgeRegistry/REGISTRIES]: Registry minecraft:item: Object did not get ID it asked for. Name: mca:green_acacia_crib Expected: 3798 Got: 3812
[11Apr2025 23:18:49.564] [main/WARN] [net.minecraftforge.registries.ForgeRegistry/REGISTRIES]: Registry minecraft:item: Object did not get ID it asked for. Name: mca:red_acacia_crib Expected: 3799 Got: 3813
[11Apr2025 23:18:49.565] [main/WARN] [net.minecraftforge.registries.ForgeRegistry/REGISTRIES]: Registry minecraft:item: Object did not get ID it asked for. Name: mca:black_acacia_crib Expected: 3800 Got: 3814
[11Apr2025 23:18:49.566] [main/WARN] [net.minecraftforge.registries.ForgeRegistry/REGISTRIES]: Registry minecraft:item: Object did not get ID it asked for. Name: mca:white_birch_crib Expected: 3801 Got: 3815
[11Apr2025 23:18:49.566] [main/WARN] [net.minecraftforge.registries.ForgeRegistry/REGISTRIES]: Registry minecraft:item: Object did not get ID it asked for. Name: mca:orange_birch_crib Expected: 3802 Got: 3816
[11Apr2025 23:18:49.566] [main/WARN] [net.minecraftforge.registries.ForgeRegistry/REGISTRIES]: Registry minecraft:item: Object did not get ID it asked for. Name: mca:magenta_birch_crib Expected: 3803 Got: 3817
[11Apr2025 23:18:49.567] [main/WARN] [net.minecraftforge.registries.ForgeRegistry/REGISTRIES]: Registry minecraft:item: Object did not get ID it asked for. Name: mca:light_blue_birch_crib Expected: 3804 Got: 3818
[11Apr2025 23:18:49.567] [main/WARN] [net.minecraftforge.registries.ForgeRegistry/REGISTRIES]: Registry minecraft:item: Object did not get ID it asked for. Name: mca:yellow_birch_crib Expected: 3805 Got: 3819
[11Apr2025 23:18:49.567] [main/WARN] [net.minecraftforge.registries.ForgeRegistry/REGISTRIES]: Registry minecraft:item: Object did not get ID it asked for. Name: mca:lime_birch_crib Expected: 3806 Got: 3820
[11Apr2025 23:18:49.568] [main/WARN] [net.minecraftforge.registries.ForgeRegistry/REGISTRIES]: Registry minecraft:item: Object did not get ID it asked for. Name: mca:pink_birch_crib Expected: 3807 Got: 3821
[11Apr2025 23:18:49.568] [main/WARN] [net.minecraftforge.registries.ForgeRegistry/REGISTRIES]: Registry minecraft:item: Object did not get ID it asked for. Name: mca:gray_birch_crib Expected: 3808 Got: 3822
[11Apr2025 23:18:49.568] [main/WARN] [net.minecraftforge.registries.ForgeRegistry/REGISTRIES]: Registry minecraft:item: Object did not get ID it asked for. Name: mca:light_gray_birch_crib Expected: 3809 Got: 3823
[11Apr2025 23:18:49.569] [main/WARN] [net.minecraftforge.registries.ForgeRegistry/REGISTRIES]: Registry minecraft:item: Object did not get ID it asked for. Name: mca:cyan_birch_crib Expected: 3810 Got: 3824
[11Apr2025 23:18:49.569] [main/WARN] [net.minecraftforge.registries.ForgeRegistry/REGISTRIES]: Registry minecraft:item: Object did not get ID it asked for. Name: mca:purple_birch_crib Expected: 3811 Got: 3825
[11Apr2025 23:18:49.569] [main/WARN] [net.minecraftforge.registries.ForgeRegistry/REGISTRIES]: Registry minecraft:item: Object did not get ID it asked for. Name: mca:blue_birch_crib Expected: 3812 Got: 3826
[11Apr2025 23:18:49.570] [main/WARN] [net.minecraftforge.registries.ForgeRegistry/REGISTRIES]: Registry minecraft:item: Object did not get ID it asked for. Name: mca:brown_birch_crib Expected: 3813 Got: 3827
[11Apr2025 23:18:49.570] [main/WARN] [net.minecraftforge.registries.ForgeRegistry/REGISTRIES]: Registry minecraft:item: Object did not get ID it asked for. Name: mca:green_birch_crib Expected: 3814 Got: 3828
[11Apr2025 23:18:49.570] [main/WARN] [net.minecraftforge.registries.ForgeRegistry/REGISTRIES]: Registry minecraft:item: Object did not get ID it asked for. Name: mca:red_birch_crib Expected: 3815 Got: 3829
[11Apr2025 23:18:49.570] [main/WARN] [net.minecraftforge.registries.ForgeRegistry/REGISTRIES]: Registry minecraft:item: Object did not get ID it asked for. Name: mca:black_birch_crib Expected: 3816 Got: 3830
[11Apr2025 23:18:49.571] [main/WARN] [net.minecraftforge.registries.ForgeRegistry/REGISTRIES]: Registry minecraft:item: Object did not get ID it asked for. Name: mca:white_cherry_crib Expected: 3817 Got: 3831
[11Apr2025 23:18:49.571] [main/WARN] [net.minecraftforge.registries.ForgeRegistry/REGISTRIES]: Registry minecraft:item: Object did not get ID it asked for. Name: mca:orange_cherry_crib Expected: 3818 Got: 3832
[11Apr2025 23:18:49.572] [main/WARN] [net.minecraftforge.registries.ForgeRegistry/REGISTRIES]: Registry minecraft:item: Object did not get ID it asked for. Name: mca:magenta_cherry_crib Expected: 3819 Got: 3833
[11Apr2025 23:18:49.572] [main/WARN] [net.minecraftforge.registries.ForgeRegistry/REGISTRIES]: Registry minecraft:item: Object did not get ID it asked for. Name: mca:light_blue_cherry_crib Expected: 3820 Got: 3834
[11Apr2025 23:18:49.572] [main/WARN] [net.minecraftforge.registries.ForgeRegistry/REGISTRIES]: Registry minecraft:item: Object did not get ID it asked for. Name: mca:yellow_cherry_crib Expected: 3821 Got: 3835
[11Apr2025 23:18:49.573] [main/WARN] [net.minecraftforge.registries.ForgeRegistry/REGISTRIES]: Registry minecraft:item: Object did not get ID it asked for. Name: mca:lime_cherry_crib Expected: 3822 Got: 3836
[11Apr2025 23:18:49.573] [main/WARN] [net.minecraftforge.registries.ForgeRegistry/REGISTRIES]: Registry minecraft:item: Object did not get ID it asked for. Name: mca:pink_cherry_crib Expected: 3823 Got: 3837
[11Apr2025 23:18:49.573] [main/WARN] [net.minecraftforge.registries.ForgeRegistry/REGISTRIES]: Registry minecraft:item: Object did not get ID it asked for. Name: mca:gray_cherry_crib Expected: 3824 Got: 3838
[11Apr2025 23:18:49.573] [main/WARN] [net.minecraftforge.registries.ForgeRegistry/REGISTRIES]: Registry minecraft:item: Object did not get ID it asked for. Name: mca:light_gray_cherry_crib Expected: 3825 Got: 3839
[11Apr2025 23:18:49.574] [main/WARN] [net.minecraftforge.registries.ForgeRegistry/REGISTRIES]: Registry minecraft:item: Object did not get ID it asked for. Name: mca:cyan_cherry_crib Expected: 3826 Got: 3840
[11Apr2025 23:18:49.574] [main/WARN] [net.minecraftforge.registries.ForgeRegistry/REGISTRIES]: Registry minecraft:item: Object did not get ID it asked for. Name: mca:purple_cherry_crib Expected: 3827 Got: 3841
[11Apr2025 23:18:49.574] [main/WARN] [net.minecraftforge.registries.ForgeRegistry/REGISTRIES]: Registry minecraft:item: Object did not get ID it asked for. Name: mca:blue_cherry_crib Expected: 3828 Got: 3842
[11Apr2025 23:18:49.575] [main/WARN] [net.minecraftforge.registries.ForgeRegistry/REGISTRIES]: Registry minecraft:item: Object did not get ID it asked for. Name: mca:brown_cherry_crib Expected: 3829 Got: 3843
[11Apr2025 23:18:49.575] [main/WARN] [net.minecraftforge.registries.ForgeRegistry/REGISTRIES]: Registry minecraft:item: Object did not get ID it asked for. Name: mca:green_cherry_crib Expected: 3830 Got: 3844
[11Apr2025 23:18:49.575] [main/WARN] [net.minecraftforge.registries.ForgeRegistry/REGISTRIES]: Registry minecraft:item: Object did not get ID it asked for. Name: mca:red_cherry_crib Expected: 3831 Got: 3845
[11Apr2025 23:18:49.576] [main/WARN] [net.minecraftforge.registries.ForgeRegistry/REGISTRIES]: Registry minecraft:item: Object did not get ID it asked for. Name: mca:black_cherry_crib Expected: 3832 Got: 3846
[11Apr2025 23:18:49.576] [main/WARN] [net.minecraftforge.registries.ForgeRegistry/REGISTRIES]: Registry minecraft:item: Object did not get ID it asked for. Name: mca:white_crimson_crib Expected: 3833 Got: 3847
[11Apr2025 23:18:49.576] [main/WARN] [net.minecraftforge.registries.ForgeRegistry/REGISTRIES]: Registry minecraft:item: Object did not get ID it asked for. Name: mca:orange_crimson_crib Expected: 3834 Got: 3848
[11Apr2025 23:18:49.577] [main/WARN] [net.minecraftforge.registries.ForgeRegistry/REGISTRIES]: Registry minecraft:item: Object did not get ID it asked for. Name: mca:magenta_crimson_crib Expected: 3835 Got: 3849
[11Apr2025 23:18:49.577] [main/WARN] [net.minecraftforge.registries.ForgeRegistry/REGISTRIES]: Registry minecraft:item: Object did not get ID it asked for. Name: mca:light_blue_crimson_crib Expected: 3836 Got: 3850
[11Apr2025 23:18:49.577] [main/WARN] [net.minecraftforge.registries.ForgeRegistry/REGISTRIES]: Registry minecraft:item: Object did not get ID it asked for. Name: mca:yellow_crimson_crib Expected: 3837 Got: 3851
[11Apr2025 23:18:49.578] [main/WARN] [net.minecraftforge.registries.ForgeRegistry/REGISTRIES]: Registry minecraft:item: Object did not get ID it asked for. Name: mca:lime_crimson_crib Expected: 3838 Got: 3852
[11Apr2025 23:18:49.578] [main/WARN] [net.minecraftforge.registries.ForgeRegistry/REGISTRIES]: Registry minecraft:item: Object did not get ID it asked for. Name: mca:pink_crimson_crib Expected: 3839 Got: 3853
[11Apr2025 23:18:49.578] [main/WARN] [net.minecraftforge.registries.ForgeRegistry/REGISTRIES]: Registry minecraft:item: Object did not get ID it asked for. Name: mca:gray_crimson_crib Expected: 3840 Got: 3854
[11Apr2025 23:18:49.578] [main/WARN] [net.minecraftforge.registries.ForgeRegistry/REGISTRIES]: Registry minecraft:item: Object did not get ID it asked for. Name: mca:light_gray_crimson_crib Expected: 3841 Got: 3855
[11Apr2025 23:18:49.579] [main/WARN] [net.minecraftforge.registries.ForgeRegistry/REGISTRIES]: Registry minecraft:item: Object did not get ID it asked for. Name: mca:cyan_crimson_crib Expected: 3842 Got: 3856
[11Apr2025 23:18:49.579] [main/WARN] [net.minecraftforge.registries.ForgeRegistry/REGISTRIES]: Registry minecraft:item: Object did not get ID it asked for. Name: mca:purple_crimson_crib Expected: 3843 Got: 3857
[11Apr2025 23:18:49.579] [main/WARN] [net.minecraftforge.registries.ForgeRegistry/REGISTRIES]: Registry minecraft:item: Object did not get ID it asked for. Name: mca:blue_crimson_crib Expected: 3844 Got: 3858
[11Apr2025 23:18:49.580] [main/WARN] [net.minecraftforge.registries.ForgeRegistry/REGISTRIES]: Registry minecraft:item: Object did not get ID it asked for. Name: mca:brown_crimson_crib Expected: 3845 Got: 3859
[11Apr2025 23:18:49.580] [main/WARN] [net.minecraftforge.registries.ForgeRegistry/REGISTRIES]: Registry minecraft:item: Object did not get ID it asked for. Name: mca:green_crimson_crib Expected: 3846 Got: 3860
[11Apr2025 23:18:49.581] [main/WARN] [net.minecraftforge.registries.ForgeRegistry/REGISTRIES]: Registry minecraft:item: Object did not get ID it asked for. Name: mca:red_crimson_crib Expected: 3847 Got: 3861
[11Apr2025 23:18:49.581] [main/WARN] [net.minecraftforge.registries.ForgeRegistry/REGISTRIES]: Registry minecraft:item: Object did not get ID it asked for. Name: mca:black_crimson_crib Expected: 3848 Got: 3862
[11Apr2025 23:18:49.581] [main/WARN] [net.minecraftforge.registries.ForgeRegistry/REGISTRIES]: Registry minecraft:item: Object did not get ID it asked for. Name: mca:white_dark_oak_crib Expected: 3849 Got: 3863
[11Apr2025 23:18:49.582] [main/WARN] [net.minecraftforge.registries.ForgeRegistry/REGISTRIES]: Registry minecraft:item: Object did not get ID it asked for. Name: mca:orange_dark_oak_crib Expected: 3850 Got: 3864
[11Apr2025 23:18:49.582] [main/WARN] [net.minecraftforge.registries.ForgeRegistry/REGISTRIES]: Registry minecraft:item: Object did not get ID it asked for. Name: mca:magenta_dark_oak_crib Expected: 3851 Got: 3865
[11Apr2025 23:18:49.582] [main/WARN] [net.minecraftforge.registries.ForgeRegistry/REGISTRIES]: Registry minecraft:item: Object did not get ID it asked for. Name: mca:light_blue_dark_oak_crib Expected: 3852 Got: 3866
[11Apr2025 23:18:49.582] [main/WARN] [net.minecraftforge.registries.ForgeRegistry/REGISTRIES]: Registry minecraft:item: Object did not get ID it asked for. Name: mca:yellow_dark_oak_crib Expected: 3853 Got: 3867
[11Apr2025 23:18:49.583] [main/WARN] [net.minecraftforge.registries.ForgeRegistry/REGISTRIES]: Registry minecraft:item: Object did not get ID it asked for. Name: mca:lime_dark_oak_crib Expected: 3854 Got: 3868
[11Apr2025 23:18:49.583] [main/WARN] [net.minecraftforge.registries.ForgeRegistry/REGISTRIES]: Registry minecraft:item: Object did not get ID it asked for. Name: mca:pink_dark_oak_crib Expected: 3855 Got: 3869
[11Apr2025 23:18:49.583] [main/WARN] [net.minecraftforge.registries.ForgeRegistry/REGISTRIES]: Registry minecraft:item: Object did not get ID it asked for. Name: mca:gray_dark_oak_crib Expected: 3856 Got: 3870
[11Apr2025 23:18:49.584] [main/WARN] [net.minecraftforge.registries.ForgeRegistry/REGISTRIES]: Registry minecraft:item: Object did not get ID it asked for. Name: mca:light_gray_dark_oak_crib Expected: 3857 Got: 3871
[11Apr2025 23:18:49.584] [main/WARN] [net.minecraftforge.registries.ForgeRegistry/REGISTRIES]: Registry minecraft:item: Object did not get ID it asked for. Name: mca:cyan_dark_oak_crib Expected: 3858 Got: 3872
[11Apr2025 23:18:49.584] [main/WARN] [net.minecraftforge.registries.ForgeRegistry/REGISTRIES]: Registry minecraft:item: Object did not get ID it asked for. Name: mca:purple_dark_oak_crib Expected: 3859 Got: 3873
[11Apr2025 23:18:49.585] [main/WARN] [net.minecraftforge.registries.ForgeRegistry/REGISTRIES]: Registry minecraft:item: Object did not get ID it asked for. Name: mca:blue_dark_oak_crib Expected: 3860 Got: 3874
[11Apr2025 23:18:49.585] [main/WARN] [net.minecraftforge.registries.ForgeRegistry/REGISTRIES]: Registry minecraft:item: Object did not get ID it asked for. Name: mca:brown_dark_oak_crib Expected: 3861 Got: 3875
[11Apr2025 23:18:49.585] [main/WARN] [net.minecraftforge.registries.ForgeRegistry/REGISTRIES]: Registry minecraft:item: Object did not get ID it asked for. Name: mca:green_dark_oak_crib Expected: 3862 Got: 3876
[11Apr2025 23:18:49.585] [main/WARN] [net.minecraftforge.registries.ForgeRegistry/REGISTRIES]: Registry minecraft:item: Object did not get ID it asked for. Name: mca:red_dark_oak_crib Expected: 3863 Got: 3877
[11Apr2025 23:18:49.586] [main/WARN] [net.minecraftforge.registries.ForgeRegistry/REGISTRIES]: Registry minecraft:item: Object did not get ID it asked for. Name: mca:black_dark_oak_crib Expected: 3864 Got: 3878
[11Apr2025 23:18:49.586] [main/WARN] [net.minecraftforge.registries.ForgeRegistry/REGISTRIES]: Registry minecraft:item: Object did not get ID it asked for. Name: mca:white_jungle_crib Expected: 3865 Got: 3879
[11Apr2025 23:18:49.586] [main/WARN] [net.minecraftforge.registries.ForgeRegistry/REGISTRIES]: Registry minecraft:item: Object did not get ID it asked for. Name: mca:orange_jungle_crib Expected: 3866 Got: 3880
[11Apr2025 23:18:49.586] [main/WARN] [net.minecraftforge.registries.ForgeRegistry/REGISTRIES]: Registry minecraft:item: Object did not get ID it asked for. Name: mca:magenta_jungle_crib Expected: 3867 Got: 3881
[11Apr2025 23:18:49.586] [main/WARN] [net.minecraftforge.registries.ForgeRegistry/REGISTRIES]: Registry minecraft:item: Object did not get ID it asked for. Name: mca:light_blue_jungle_crib Expected: 3868 Got: 3882
[11Apr2025 23:18:49.587] [main/WARN] [net.minecraftforge.registries.ForgeRegistry/REGISTRIES]: Registry minecraft:item: Object did not get ID it asked for. Name: mca:yellow_jungle_crib Expected: 3869 Got: 3883
[11Apr2025 23:18:49.587] [main/WARN] [net.minecraftforge.registries.ForgeRegistry/REGISTRIES]: Registry minecraft:item: Object did not get ID it asked for. Name: mca:lime_jungle_crib Expected: 3870 Got: 3884
[11Apr2025 23:18:49.587] [main/WARN] [net.minecraftforge.registries.ForgeRegistry/REGISTRIES]: Registry minecraft:item: Object did not get ID it asked for. Name: mca:pink_jungle_crib Expected: 3871 Got: 3885
[11Apr2025 23:18:49.587] [main/WARN] [net.minecraftforge.registries.ForgeRegistry/REGISTRIES]: Registry minecraft:item: Object did not get ID it asked for. Name: mca:gray_jungle_crib Expected: 3872 Got: 3886
[11Apr2025 23:18:49.587] [main/WARN] [net.minecraftforge.registries.ForgeRegistry/REGISTRIES]: Registry minecraft:item: Object did not get ID it asked for. Name: mca:light_gray_jungle_crib Expected: 3873 Got: 3887
[11Apr2025 23:18:49.588] [main/WARN] [net.minecraftforge.registries.ForgeRegistry/REGISTRIES]: Registry minecraft:item: Object did not get ID it asked for. Name: mca:cyan_jungle_crib Expected: 3874 Got: 3888
[11Apr2025 23:18:49.588] [main/WARN] [net.minecraftforge.registries.ForgeRegistry/REGISTRIES]: Registry minecraft:item: Object did not get ID it asked for. Name: mca:purple_jungle_crib Expected: 3875 Got: 3889
[11Apr2025 23:18:49.588] [main/WARN] [net.minecraftforge.registries.ForgeRegistry/REGISTRIES]: Registry minecraft:item: Object did not get ID it asked for. Name: mca:blue_jungle_crib Expected: 3876 Got: 3890
[11Apr2025 23:18:49.588] [main/WARN] [net.minecraftforge.registries.ForgeRegistry/REGISTRIES]: Registry minecraft:item: Object did not get ID it asked for. Name: mca:brown_jungle_crib Expected: 3877 Got: 3891
[11Apr2025 23:18:49.588] [main/WARN] [net.minecraftforge.registries.ForgeRegistry/REGISTRIES]: Registry minecraft:item: Object did not get ID it asked for. Name: mca:green_jungle_crib Expected: 3878 Got: 3892
[11Apr2025 23:18:49.589] [main/WARN] [net.minecraftforge.registries.ForgeRegistry/REGISTRIES]: Registry minecraft:item: Object did not get ID it asked for. Name: mca:red_jungle_crib Expected: 3879 Got: 3893
[11Apr2025 23:18:49.589] [main/WARN] [net.minecraftforge.registries.ForgeRegistry/REGISTRIES]: Registry minecraft:item: Object did not get ID it asked for. Name: mca:black_jungle_crib Expected: 3880 Got: 3894
[11Apr2025 23:18:49.589] [main/WARN] [net.minecraftforge.registries.ForgeRegistry/REGISTRIES]: Registry minecraft:item: Object did not get ID it asked for. Name: mca:white_mangrove_crib Expected: 3881 Got: 3895
[11Apr2025 23:18:49.589] [main/WARN] [net.minecraftforge.registries.ForgeRegistry/REGISTRIES]: Registry minecraft:item: Object did not get ID it asked for. Name: mca:orange_mangrove_crib Expected: 3882 Got: 3896
[11Apr2025 23:18:49.589] [main/WARN] [net.minecraftforge.registries.ForgeRegistry/REGISTRIES]: Registry minecraft:item: Object did not get ID it asked for. Name: mca:magenta_mangrove_crib Expected: 3883 Got: 3897
[11Apr2025 23:18:49.589] [main/WARN] [net.minecraftforge.registries.ForgeRegistry/REGISTRIES]: Registry minecraft:item: Object did not get ID it asked for. Name: mca:light_blue_mangrove_crib Expected: 3884 Got: 3898
[11Apr2025 23:18:49.590] [main/WARN] [net.minecraftforge.registries.ForgeRegistry/REGISTRIES]: Registry minecraft:item: Object did not get ID it asked for. Name: mca:yellow_mangrove_crib Expected: 3885 Got: 3899
[11Apr2025 23:18:49.590] [main/WARN] [net.minecraftforge.registries.ForgeRegistry/REGISTRIES]: Registry minecraft:item: Object did not get ID it asked for. Name: mca:lime_mangrove_crib Expected: 3886 Got: 3900
[11Apr2025 23:18:49.590] [main/WARN] [net.minecraftforge.registries.ForgeRegistry/REGISTRIES]: Registry minecraft:item: Object did not get ID it asked for. Name: mca:pink_mangrove_crib Expected: 3887 Got: 3901
[11Apr2025 23:18:49.590] [main/WARN] [net.minecraftforge.registries.ForgeRegistry/REGISTRIES]: Registry minecraft:item: Object did not get ID it asked for. Name: mca:gray_mangrove_crib Expected: 3888 Got: 3902
[11Apr2025 23:18:49.590] [main/WARN] [net.minecraftforge.registries.ForgeRegistry/REGISTRIES]: Registry minecraft:item: Object did not get ID it asked for. Name: mca:light_gray_mangrove_crib Expected: 3889 Got: 3903
[11Apr2025 23:18:49.590] [main/WARN] [net.minecraftforge.registries.ForgeRegistry/REGISTRIES]: Registry minecraft:item: Object did not get ID it asked for. Name: mca:cyan_mangrove_crib Expected: 3890 Got: 3904
[11Apr2025 23:18:49.591] [main/WARN] [net.minecraftforge.registries.ForgeRegistry/REGISTRIES]: Registry minecraft:item: Object did not get ID it asked for. Name: mca:purple_mangrove_crib Expected: 3891 Got: 3905
[11Apr2025 23:18:49.591] [main/WARN] [net.minecraftforge.registries.ForgeRegistry/REGISTRIES]: Registry minecraft:item: Object did not get ID it asked for. Name: mca:blue_mangrove_crib Expected: 3892 Got: 3906
[11Apr2025 23:18:49.591] [main/WARN] [net.minecraftforge.registries.ForgeRegistry/REGISTRIES]: Registry minecraft:item: Object did not get ID it asked for. Name: mca:brown_mangrove_crib Expected: 3893 Got: 3907
[11Apr2025 23:18:49.591] [main/WARN] [net.minecraftforge.registries.ForgeRegistry/REGISTRIES]: Registry minecraft:item: Object did not get ID it asked for. Name: mca:green_mangrove_crib Expected: 3894 Got: 3908
[11Apr2025 23:18:49.591] [main/WARN] [net.minecraftforge.registries.ForgeRegistry/REGISTRIES]: Registry minecraft:item: Object did not get ID it asked for. Name: mca:red_mangrove_crib Expected: 3895 Got: 3909
[11Apr2025 23:18:49.591] [main/WARN] [net.minecraftforge.registries.ForgeRegistry/REGISTRIES]: Registry minecraft:item: Object did not get ID it asked for. Name: mca:black_mangrove_crib Expected: 3896 Got: 3910
[11Apr2025 23:18:49.591] [main/WARN] [net.minecraftforge.registries.ForgeRegistry/REGISTRIES]: Registry minecraft:item: Object did not get ID it asked for. Name: mca:white_warped_crib Expected: 3897 Got: 3911
[11Apr2025 23:18:49.592] [main/WARN] [net.minecraftforge.registries.ForgeRegistry/REGISTRIES]: Registry minecraft:item: Object did not get ID it asked for. Name: mca:orange_warped_crib Expected: 3898 Got: 3912
[11Apr2025 23:18:49.592] [main/WARN] [net.minecraftforge.registries.ForgeRegistry/REGISTRIES]: Registry minecraft:item: Object did not get ID it asked for. Name: mca:magenta_warped_crib Expected: 3899 Got: 3913
[11Apr2025 23:18:49.592] [main/WARN] [net.minecraftforge.registries.ForgeRegistry/REGISTRIES]: Registry minecraft:item: Object did not get ID it asked for. Name: mca:light_blue_warped_crib Expected: 3900 Got: 3914
[11Apr2025 23:18:49.592] [main/WARN] [net.minecraftforge.registries.ForgeRegistry/REGISTRIES]: Registry minecraft:item: Object did not get ID it asked for. Name: mca:yellow_warped_crib Expected: 3901 Got: 3915
[11Apr2025 23:18:49.592] [main/WARN] [net.minecraftforge.registries.ForgeRegistry/REGISTRIES]: Registry minecraft:item: Object did not get ID it asked for. Name: mca:lime_warped_crib Expected: 3902 Got: 3916
[11Apr2025 23:18:49.592] [main/WARN] [net.minecraftforge.registries.ForgeRegistry/REGISTRIES]: Registry minecraft:item: Object did not get ID it asked for. Name: mca:pink_warped_crib Expected: 3903 Got: 3917
[11Apr2025 23:18:49.593] [main/WARN] [net.minecraftforge.registries.ForgeRegistry/REGISTRIES]: Registry minecraft:item: Object did not get ID it asked for. Name: mca:gray_warped_crib Expected: 3904 Got: 3918
[11Apr2025 23:18:49.593] [main/WARN] [net.minecraftforge.registries.ForgeRegistry/REGISTRIES]: Registry minecraft:item: Object did not get ID it asked for. Name: mca:light_gray_warped_crib Expected: 3905 Got: 3919
[11Apr2025 23:18:49.593] [main/WARN] [net.minecraftforge.registries.ForgeRegistry/REGISTRIES]: Registry minecraft:item: Object did not get ID it asked for. Name: mca:cyan_warped_crib Expected: 3906 Got: 3920
[11Apr2025 23:18:49.593] [main/WARN] [net.minecraftforge.registries.ForgeRegistry/REGISTRIES]: Registry minecraft:item: Object did not get ID it asked for. Name: mca:purple_warped_crib Expected: 3907 Got: 3921
[11Apr2025 23:18:49.593] [main/WARN] [net.minecraftforge.registries.ForgeRegistry/REGISTRIES]: Registry minecraft:item: Object did not get ID it asked for. Name: mca:blue_warped_crib Expected: 3908 Got: 3922
[11Apr2025 23:18:49.593] [main/WARN] [net.minecraftforge.registries.ForgeRegistry/REGISTRIES]: Registry minecraft:item: Object did not get ID it asked for. Name: mca:brown_warped_crib Expected: 3909 Got: 3923
[11Apr2025 23:18:49.594] [main/WARN] [net.minecraftforge.registries.ForgeRegistry/REGISTRIES]: Registry minecraft:item: Object did not get ID it asked for. Name: mca:green_warped_crib Expected: 3910 Got: 3924
[11Apr2025 23:18:49.594] [main/WARN] [net.minecraftforge.registries.ForgeRegistry/REGISTRIES]: Registry minecraft:item: Object did not get ID it asked for. Name: mca:red_warped_crib Expected: 3911 Got: 3925
[11Apr2025 23:18:49.594] [main/WARN] [net.minecraftforge.registries.ForgeRegistry/REGISTRIES]: Registry minecraft:item: Object did not get ID it asked for. Name: mca:black_warped_crib Expected: 3912 Got: 3926
[11Apr2025 23:18:49.594] [main/WARN] [net.minecraftforge.registries.ForgeRegistry/REGISTRIES]: Registry minecraft:item: Object did not get ID it asked for. Name: mca:white_bamboo_crib Expected: 3913 Got: 3927
[11Apr2025 23:18:49.594] [main/WARN] [net.minecraftforge.registries.ForgeRegistry/REGISTRIES]: Registry minecraft:item: Object did not get ID it asked for. Name: mca:orange_bamboo_crib Expected: 3914 Got: 3928
[11Apr2025 23:18:49.594] [main/WARN] [net.minecraftforge.registries.ForgeRegistry/REGISTRIES]: Registry minecraft:item: Object did not get ID it asked for. Name: mca:magenta_bamboo_crib Expected: 3915 Got: 3929
[11Apr2025 23:18:49.594] [main/WARN] [net.minecraftforge.registries.ForgeRegistry/REGISTRIES]: Registry minecraft:item: Object did not get ID it asked for. Name: mca:light_blue_bamboo_crib Expected: 3916 Got: 3930
[11Apr2025 23:18:49.595] [main/WARN] [net.minecraftforge.registries.ForgeRegistry/REGISTRIES]: Registry minecraft:item: Object did not get ID it asked for. Name: mca:yellow_bamboo_crib Expected: 3917 Got: 3931
[11Apr2025 23:18:49.595] [main/WARN] [net.minecraftforge.registries.ForgeRegistry/REGISTRIES]: Registry minecraft:item: Object did not get ID it asked for. Name: mca:lime_bamboo_crib Expected: 3918 Got: 3932
[11Apr2025 23:18:49.595] [main/WARN] [net.minecraftforge.registries.ForgeRegistry/REGISTRIES]: Registry minecraft:item: Object did not get ID it asked for. Name: mca:pink_bamboo_crib Expected: 3919 Got: 3933
[11Apr2025 23:18:49.595] [main/WARN] [net.minecraftforge.registries.ForgeRegistry/REGISTRIES]: Registry minecraft:item: Object did not get ID it asked for. Name: mca:gray_bamboo_crib Expected: 3920 Got: 3934
[11Apr2025 23:18:49.595] [main/WARN] [net.minecraftforge.registries.ForgeRegistry/REGISTRIES]: Registry minecraft:item: Object did not get ID it asked for. Name: mca:light_gray_bamboo_crib Expected: 3921 Got: 3935
[11Apr2025 23:18:49.595] [main/WARN] [net.minecraftforge.registries.ForgeRegistry/REGISTRIES]: Registry minecraft:item: Object did not get ID it asked for. Name: mca:cyan_bamboo_crib Expected: 3922 Got: 3936
[11Apr2025 23:18:49.595] [main/WARN] [net.minecraftforge.registries.ForgeRegistry/REGISTRIES]: Registry minecraft:item: Object did not get ID it asked for. Name: mca:purple_bamboo_crib Expected: 3923 Got: 3937
[11Apr2025 23:18:49.595] [main/WARN] [net.minecraftforge.registries.ForgeRegistry/REGISTRIES]: Registry minecraft:item: Object did not get ID it asked for. Name: mca:blue_bamboo_crib Expected: 3924 Got: 3938
[11Apr2025 23:18:49.596] [main/WARN] [net.minecraftforge.registries.ForgeRegistry/REGISTRIES]: Registry minecraft:item: Object did not get ID it asked for. Name: mca:brown_bamboo_crib Expected: 3925 Got: 3939
[11Apr2025 23:18:49.596] [main/WARN] [net.minecraftforge.registries.ForgeRegistry/REGISTRIES]: Registry minecraft:item: Object did not get ID it asked for. Name: mca:green_bamboo_crib Expected: 3926 Got: 3940
[11Apr2025 23:18:49.596] [main/WARN] [net.minecraftforge.registries.ForgeRegistry/REGISTRIES]: Registry minecraft:item: Object did not get ID it asked for. Name: mca:red_bamboo_crib Expected: 3927 Got: 3941
[11Apr2025 23:18:49.596] [main/WARN] [net.minecraftforge.registries.ForgeRegistry/REGISTRIES]: Registry minecraft:item: Object did not get ID it asked for. Name: mca:black_bamboo_crib Expected: 3928 Got: 3942
[11Apr2025 23:18:49.597] [main/WARN] [net.minecraftforge.registries.ForgeRegistry/REGISTRIES]: Registry minecraft:sound_event: Object did not get ID it asked for. Name: mca:reaper.scythe_out Expected: 1933 Got: 1937
[11Apr2025 23:18:49.597] [main/WARN] [net.minecraftforge.registries.ForgeRegistry/REGISTRIES]: Registry minecraft:sound_event: Object did not get ID it asked for. Name: mca:reaper.scythe_swing Expected: 1934 Got: 1938
[11Apr2025 23:18:49.597] [main/WARN] [net.minecraftforge.registries.ForgeRegistry/REGISTRIES]: Registry minecraft:sound_event: Object did not get ID it asked for. Name: mca:reaper.idle Expected: 1935 Got: 1939
[11Apr2025 23:18:49.597] [main/WARN] [net.minecraftforge.registries.ForgeRegistry/REGISTRIES]: Registry minecraft:sound_event: Object did not get ID it asked for. Name: mca:reaper.death Expected: 1936 Got: 1940
[11Apr2025 23:18:49.598] [main/WARN] [net.minecraftforge.registries.ForgeRegistry/REGISTRIES]: Registry minecraft:sound_event: Object did not get ID it asked for. Name: mca:reaper.block Expected: 1937 Got: 1941
[11Apr2025 23:18:49.598] [main/WARN] [net.minecraftforge.registries.ForgeRegistry/REGISTRIES]: Registry minecraft:sound_event: Object did not get ID it asked for. Name: mca:reaper.summon Expected: 1938 Got: 1942
[11Apr2025 23:18:49.598] [main/WARN] [net.minecraftforge.registries.ForgeRegistry/REGISTRIES]: Registry minecraft:sound_event: Object did not get ID it asked for. Name: mca:villager.baby.laugh Expected: 1939 Got: 1943
[11Apr2025 23:18:49.598] [main/WARN] [net.minecraftforge.registries.ForgeRegistry/REGISTRIES]: Registry minecraft:sound_event: Object did not get ID it asked for. Name: mca:villager.male.scream Expected: 1940 Got: 1944
[11Apr2025 23:18:49.598] [main/WARN] [net.minecraftforge.registries.ForgeRegistry/REGISTRIES]: Registry minecraft:sound_event: Object did not get ID it asked for. Name: mca:villager.female.scream Expected: 1941 Got: 1945
[11Apr2025 23:18:49.598] [main/WARN] [net.minecraftforge.registries.ForgeRegistry/REGISTRIES]: Registry minecraft:sound_event: Object did not get ID it asked for. Name: mca:villager.male.hurt Expected: 1942 Got: 1946
[11Apr2025 23:18:49.598] [main/WARN] [net.minecraftforge.registries.ForgeRegistry/REGISTRIES]: Registry minecraft:sound_event: Object did not get ID it asked for. Name: mca:villager.female.hurt Expected: 1943 Got: 1947
[11Apr2025 23:18:49.599] [main/WARN] [net.minecraftforge.registries.ForgeRegistry/REGISTRIES]: Registry minecraft:sound_event: Object did not get ID it asked for. Name: mca:villager.male.laugh Expected: 1944 Got: 1948
[11Apr2025 23:18:49.599] [main/WARN] [net.minecraftforge.registries.ForgeRegistry/REGISTRIES]: Registry minecraft:sound_event: Object did not get ID it asked for. Name: mca:villager.female.laugh Expected: 1945 Got: 1949
[11Apr2025 23:18:49.599] [main/WARN] [net.minecraftforge.registries.ForgeRegistry/REGISTRIES]: Registry minecraft:sound_event: Object did not get ID it asked for. Name: mca:villager.male.cry Expected: 1946 Got: 1950
[11Apr2025 23:18:49.599] [main/WARN] [net.minecraftforge.registries.ForgeRegistry/REGISTRIES]: Registry minecraft:sound_event: Object did not get ID it asked for. Name: mca:villager.female.cry Expected: 1947 Got: 1951
[11Apr2025 23:18:49.599] [main/WARN] [net.minecraftforge.registries.ForgeRegistry/REGISTRIES]: Registry minecraft:sound_event: Object did not get ID it asked for. Name: mca:villager.male.angry Expected: 1948 Got: 1952
[11Apr2025 23:18:49.599] [main/WARN] [net.minecraftforge.registries.ForgeRegistry/REGISTRIES]: Registry minecraft:sound_event: Object did not get ID it asked for. Name: mca:villager.female.angry Expected: 1949 Got: 1953
[11Apr2025 23:18:49.599] [main/WARN] [net.minecraftforge.registries.ForgeRegistry/REGISTRIES]: Registry minecraft:sound_event: Object did not get ID it asked for. Name: mca:villager.male.celebrate Expected: 1950 Got: 1954
[11Apr2025 23:18:49.599] [main/WARN] [net.minecraftforge.registries.ForgeRegistry/REGISTRIES]: Registry minecraft:sound_event: Object did not get ID it asked for. Name: mca:villager.female.celebrate Expected: 1951 Got: 1955
[11Apr2025 23:18:49.600] [main/WARN] [net.minecraftforge.registries.ForgeRegistry/REGISTRIES]: Registry minecraft:sound_event: Object did not get ID it asked for. Name: mca:villager.male.greet Expected: 1952 Got: 1956
[11Apr2025 23:18:49.600] [main/WARN] [net.minecraftforge.registries.ForgeRegistry/REGISTRIES]: Registry minecraft:sound_event: Object did not get ID it asked for. Name: mca:villager.female.greet Expected: 1953 Got: 1957
[11Apr2025 23:18:49.600] [main/WARN] [net.minecraftforge.registries.ForgeRegistry/REGISTRIES]: Registry minecraft:sound_event: Object did not get ID it asked for. Name: mca:villager.male.surprise Expected: 1954 Got: 1958
[11Apr2025 23:18:49.600] [main/WARN] [net.minecraftforge.registries.ForgeRegistry/REGISTRIES]: Registry minecraft:sound_event: Object did not get ID it asked for. Name: mca:villager.female.surprise Expected: 1955 Got: 1959
[11Apr2025 23:18:49.600] [main/WARN] [net.minecraftforge.registries.ForgeRegistry/REGISTRIES]: Registry minecraft:sound_event: Object did not get ID it asked for. Name: mca:villager.male.yes Expected: 1956 Got: 1960
[11Apr2025 23:18:49.600] [main/WARN] [net.minecraftforge.registries.ForgeRegistry/REGISTRIES]: Registry minecraft:sound_event: Object did not get ID it asked for. Name: mca:villager.female.yes Expected: 1957 Got: 1961
[11Apr2025 23:18:49.600] [main/WARN] [net.minecraftforge.registries.ForgeRegistry/REGISTRIES]: Registry minecraft:sound_event: Object did not get ID it asked for. Name: mca:villager.male.no Expected: 1958 Got: 1962
[11Apr2025 23:18:49.600] [main/WARN] [net.minecraftforge.registries.ForgeRegistry/REGISTRIES]: Registry minecraft:sound_event: Object did not get ID it asked for. Name: mca:villager.female.no Expected: 1959 Got: 1963
[11Apr2025 23:18:49.601] [main/WARN] [net.minecraftforge.registries.ForgeRegistry/REGISTRIES]: Registry minecraft:sound_event: Object did not get ID it asked for. Name: mca:villager.male.cough Expected: 1960 Got: 1964
[11Apr2025 23:18:49.601] [main/WARN] [net.minecraftforge.registries.ForgeRegistry/REGISTRIES]: Registry minecraft:sound_event: Object did not get ID it asked for. Name: mca:villager.female.cough Expected: 1961 Got: 1965
[11Apr2025 23:18:49.601] [main/WARN] [net.minecraftforge.registries.ForgeRegistry/REGISTRIES]: Registry minecraft:sound_event: Object did not get ID it asked for. Name: mca:villager.male.snore Expected: 1962 Got: 1966
[11Apr2025 23:18:49.601] [main/WARN] [net.minecraftforge.registries.ForgeRegistry/REGISTRIES]: Registry minecraft:sound_event: Object did not get ID it asked for. Name: mca:villager.female.snore Expected: 1963 Got: 1967
[11Apr2025 23:18:49.601] [main/WARN] [net.minecraftforge.registries.ForgeRegistry/REGISTRIES]: Registry minecraft:sound_event: Object did not get ID it asked for. Name: mca:villager.sirben Expected: 1964 Got: 1968
[11Apr2025 23:18:49.601] [main/WARN] [net.minecraftforge.registries.ForgeRegistry/REGISTRIES]: Registry minecraft:sound_event: Object did not get ID it asked for. Name: mca:silent Expected: 1965 Got: 1969
[11Apr2025 23:18:50.860] [main/WARN] [net.minecraft.server.packs.VanillaPackResourcesBuilder/]: Assets URL 'union:/workspaces/RATALAND2025/servidor_minecraft/libraries/net/minecraft/server/1.20.1-20230612.114412/server-1.20.1-20230612.114412-srg.jar%23187!/assets/.mcassetsroot' uses unexpected schema
[11Apr2025 23:18:50.861] [main/WARN] [net.minecraft.server.packs.VanillaPackResourcesBuilder/]: Assets URL 'union:/workspaces/RATALAND2025/servidor_minecraft/libraries/net/minecraft/server/1.20.1-20230612.114412/server-1.20.1-20230612.114412-srg.jar%23187!/data/.mcassetsroot' uses unexpected schema
[11Apr2025 23:18:50.865] [main/DEBUG] [io.redspace.ironsspellbooks.IronsSpellbooks/]: addPackFinders
[11Apr2025 23:18:50.934] [main/DEBUG] [net.minecraftforge.server.ServerLifecycleHooks/CORE]: Generating PackInfo named mod:giacomos_exp for mod file /workspaces/RATALAND2025/servidor_minecraft/mods/giacomos_exp-1.20.1-1.4.6.jar
[11Apr2025 23:18:50.934] [main/DEBUG] [net.minecraftforge.server.ServerLifecycleHooks/CORE]: Generating PackInfo named mod:kuma_api for mod file 
[11Apr2025 23:18:50.934] [main/DEBUG] [net.minecraftforge.server.ServerLifecycleHooks/CORE]: Generating PackInfo named mod:supermartijn642configlib for mod file /workspaces/RATALAND2025/servidor_minecraft/mods/supermartijn642configlib-1.1.8-forge-mc1.20.jar
[11Apr2025 23:18:50.935] [main/DEBUG] [net.minecraftforge.server.ServerLifecycleHooks/CORE]: Generating PackInfo named mod:geckolib for mod file /workspaces/RATALAND2025/servidor_minecraft/mods/geckolib-forge-1.20.1-4.7.1.2.jar
[11Apr2025 23:18:50.935] [main/DEBUG] [net.minecraftforge.server.ServerLifecycleHooks/CORE]: Generating PackInfo named mod:playeranimator for mod file /workspaces/RATALAND2025/servidor_minecraft/mods/player-animation-lib-forge-1.0.2-rc1+1.20.jar
[11Apr2025 23:18:50.936] [main/DEBUG] [net.minecraftforge.server.ServerLifecycleHooks/CORE]: Generating PackInfo named mod:jei for mod file /workspaces/RATALAND2025/servidor_minecraft/mods/jei-1.20.1-forge-15.20.0.105.jar
[11Apr2025 23:18:50.937] [main/DEBUG] [net.minecraftforge.server.ServerLifecycleHooks/CORE]: Generating PackInfo named mod:caelus for mod file /workspaces/RATALAND2025/servidor_minecraft/mods/caelus-forge-3.2.0+1.20.1.jar
[11Apr2025 23:18:50.938] [main/DEBUG] [net.minecraftforge.server.ServerLifecycleHooks/CORE]: Generating PackInfo named mod:sophisticatedcore for mod file /workspaces/RATALAND2025/servidor_minecraft/mods/sophisticatedcore-1.20.1-1.2.41.942.jar
[11Apr2025 23:18:50.938] [main/DEBUG] [net.minecraftforge.server.ServerLifecycleHooks/CORE]: Generating PackInfo named mod:waystones for mod file /workspaces/RATALAND2025/servidor_minecraft/mods/waystones-forge-1.20.1-14.1.11.jar
[11Apr2025 23:18:50.938] [main/DEBUG] [net.minecraftforge.server.ServerLifecycleHooks/CORE]: Generating PackInfo named mod:journeymap for mod file /workspaces/RATALAND2025/servidor_minecraft/mods/journeymap-1.20.1-5.10.3-forge.jar
[11Apr2025 23:18:50.939] [main/DEBUG] [net.minecraftforge.server.ServerLifecycleHooks/CORE]: Generating PackInfo named mod:placebo for mod file /workspaces/RATALAND2025/servidor_minecraft/mods/Placebo-1.20.1-8.6.3.jar
[11Apr2025 23:18:50.939] [main/DEBUG] [net.minecraftforge.server.ServerLifecycleHooks/CORE]: Generating PackInfo named mod:citadel for mod file /workspaces/RATALAND2025/servidor_minecraft/mods/citadel-2.6.1-1.20.1.jar
[11Apr2025 23:18:50.939] [main/DEBUG] [net.minecraftforge.server.ServerLifecycleHooks/CORE]: Generating PackInfo named mod:artifacts for mod file /workspaces/RATALAND2025/servidor_minecraft/mods/artifacts-forge-9.5.13.jar
[11Apr2025 23:18:50.939] [main/DEBUG] [net.minecraftforge.server.ServerLifecycleHooks/CORE]: Generating PackInfo named mod:mixinextras for mod file 
[11Apr2025 23:18:50.939] [main/DEBUG] [net.minecraftforge.server.ServerLifecycleHooks/CORE]: Generating PackInfo named mod:bookshelf for mod file /workspaces/RATALAND2025/servidor_minecraft/mods/Bookshelf-Forge-1.20.1-20.2.13.jar
[11Apr2025 23:18:50.940] [main/DEBUG] [net.minecraftforge.server.ServerLifecycleHooks/CORE]: Generating PackInfo named mod:sophisticatedbackpacks for mod file /workspaces/RATALAND2025/servidor_minecraft/mods/sophisticatedbackpacks-1.20.1-3.23.10.1220.jar
[11Apr2025 23:18:50.940] [main/DEBUG] [net.minecraftforge.server.ServerLifecycleHooks/CORE]: Generating PackInfo named mod:apotheosis for mod file /workspaces/RATALAND2025/servidor_minecraft/mods/Apotheosis-1.20.1-7.4.6.jar
[11Apr2025 23:18:50.940] [main/DEBUG] [net.minecraftforge.server.ServerLifecycleHooks/CORE]: Generating PackInfo named mod:iceandfire for mod file /workspaces/RATALAND2025/servidor_minecraft/mods/iceandfire-2.1.13-1.20.1-beta-5.jar
[11Apr2025 23:18:50.940] [main/DEBUG] [net.minecraftforge.server.ServerLifecycleHooks/CORE]: Generating PackInfo named mod:balm for mod file /workspaces/RATALAND2025/servidor_minecraft/mods/balm-forge-1.20.1-7.3.27-all.jar
[11Apr2025 23:18:50.940] [main/DEBUG] [net.minecraftforge.server.ServerLifecycleHooks/CORE]: Generating PackInfo named mod:immersive_armors for mod file /workspaces/RATALAND2025/servidor_minecraft/mods/immersive_armors-1.6.1+1.20.1-forge.jar
[11Apr2025 23:18:50.941] [main/DEBUG] [net.minecraftforge.server.ServerLifecycleHooks/CORE]: Generating PackInfo named mod:cloth_config for mod file /workspaces/RATALAND2025/servidor_minecraft/mods/cloth-config-11.1.136-forge.jar
[11Apr2025 23:18:50.941] [main/DEBUG] [net.minecraftforge.server.ServerLifecycleHooks/CORE]: Generating PackInfo named mod:ironchest for mod file /workspaces/RATALAND2025/servidor_minecraft/mods/ironchest-1.20.1-14.4.4.jar
[11Apr2025 23:18:50.941] [main/DEBUG] [net.minecraftforge.server.ServerLifecycleHooks/CORE]: Generating PackInfo named mod:corpse for mod file /workspaces/RATALAND2025/servidor_minecraft/mods/corpse-forge-1.20.1-1.0.19.jar
[11Apr2025 23:18:50.941] [main/DEBUG] [net.minecraftforge.server.ServerLifecycleHooks/CORE]: Generating PackInfo named mod:dungeons_arise for mod file /workspaces/RATALAND2025/servidor_minecraft/mods/DungeonsArise-1.20.x-2.1.58-release.jar
[11Apr2025 23:18:50.941] [main/DEBUG] [net.minecraftforge.server.ServerLifecycleHooks/CORE]: Generating PackInfo named mod:useless_sword for mod file /workspaces/RATALAND2025/servidor_minecraft/mods/useless-sword-1.20.1-V1.4.2.jar
[11Apr2025 23:18:50.941] [main/DEBUG] [net.minecraftforge.server.ServerLifecycleHooks/CORE]: Generating PackInfo named mod:voicechat for mod file /workspaces/RATALAND2025/servidor_minecraft/mods/voicechat-forge-1.20.1-2.5.15.jar
[11Apr2025 23:18:50.942] [main/DEBUG] [net.minecraftforge.server.ServerLifecycleHooks/CORE]: Generating PackInfo named mod:enchdesc for mod file /workspaces/RATALAND2025/servidor_minecraft/mods/EnchantmentDescriptions-Forge-1.20.1-17.1.19.jar
[11Apr2025 23:18:50.942] [main/DEBUG] [net.minecraftforge.server.ServerLifecycleHooks/CORE]: Generating PackInfo named mod:silentlib for mod file /workspaces/RATALAND2025/servidor_minecraft/mods/silent-lib-1.20.1-8.0.0.jar
[11Apr2025 23:18:50.942] [main/DEBUG] [net.minecraftforge.server.ServerLifecycleHooks/CORE]: Generating PackInfo named mod:jade for mod file /workspaces/RATALAND2025/servidor_minecraft/mods/Jade-1.20.1-Forge-11.12.3.jar
[11Apr2025 23:18:50.942] [main/DEBUG] [net.minecraftforge.server.ServerLifecycleHooks/CORE]: Generating PackInfo named mod:ironfurnaces for mod file /workspaces/RATALAND2025/servidor_minecraft/mods/ironfurnaces-1.20.1-4.1.6.jar
[11Apr2025 23:18:50.946] [main/DEBUG] [net.minecraftforge.server.ServerLifecycleHooks/CORE]: Generating PackInfo named mod:lionfishapi for mod file /workspaces/RATALAND2025/servidor_minecraft/mods/lionfishapi-2.4-Fix.jar
[11Apr2025 23:18:50.946] [main/DEBUG] [net.minecraftforge.server.ServerLifecycleHooks/CORE]: Generating PackInfo named mod:cataclysm for mod file /workspaces/RATALAND2025/servidor_minecraft/mods/L_Enders_Cataclysm-2.63.jar
[11Apr2025 23:18:50.947] [main/DEBUG] [net.minecraftforge.server.ServerLifecycleHooks/CORE]: Generating PackInfo named mod:curios for mod file /workspaces/RATALAND2025/servidor_minecraft/mods/curios-forge-5.14.0+1.20.1.jar
[11Apr2025 23:18:50.948] [main/DEBUG] [net.minecraftforge.server.ServerLifecycleHooks/CORE]: Generating PackInfo named mod:patchouli for mod file /workspaces/RATALAND2025/servidor_minecraft/mods/Patchouli-1.20.1-84.1-FORGE.jar
[11Apr2025 23:18:50.948] [main/DEBUG] [net.minecraftforge.server.ServerLifecycleHooks/CORE]: Generating PackInfo named mod:securitycraft for mod file /workspaces/RATALAND2025/servidor_minecraft/mods/[1.20.1] SecurityCraft v1.9.12.jar
[11Apr2025 23:18:50.949] [main/DEBUG] [net.minecraftforge.server.ServerLifecycleHooks/CORE]: Generating PackInfo named mod:irons_spellbooks for mod file /workspaces/RATALAND2025/servidor_minecraft/mods/irons_spellbooks-1.20.1-3.4.0.8.jar
[11Apr2025 23:18:50.949] [main/DEBUG] [net.minecraftforge.server.ServerLifecycleHooks/CORE]: Generating PackInfo named mod:attributeslib for mod file /workspaces/RATALAND2025/servidor_minecraft/mods/ApothicAttributes-1.20.1-1.3.7.jar
[11Apr2025 23:18:50.950] [main/DEBUG] [net.minecraftforge.server.ServerLifecycleHooks/CORE]: Generating PackInfo named mod:gobber2 for mod file /workspaces/RATALAND2025/servidor_minecraft/mods/Gobber2-Forge-1.20.1-2.8.9.jar
[11Apr2025 23:18:50.952] [main/DEBUG] [net.minecraftforge.server.ServerLifecycleHooks/CORE]: Generating PackInfo named mod:immersiveores for mod file /workspaces/RATALAND2025/servidor_minecraft/mods/immersiveores-1.20.1-0.7.jar
[11Apr2025 23:18:50.953] [main/DEBUG] [net.minecraftforge.server.ServerLifecycleHooks/CORE]: Generating PackInfo named mod:morevanillaarmor for mod file /workspaces/RATALAND2025/servidor_minecraft/mods/MoreVanillaArmor-1.20.1-5.1.2.jar
[11Apr2025 23:18:50.954] [main/DEBUG] [net.minecraftforge.server.ServerLifecycleHooks/CORE]: Generating PackInfo named mod:deeperdarker for mod file /workspaces/RATALAND2025/servidor_minecraft/mods/deeperdarker-forge-1.20.1-1.3.3.jar
[11Apr2025 23:18:50.955] [main/DEBUG] [net.minecraftforge.server.ServerLifecycleHooks/CORE]: Generating PackInfo named mod:architectury for mod file /workspaces/RATALAND2025/servidor_minecraft/mods/architectury-9.2.14-forge.jar
[11Apr2025 23:18:50.955] [main/DEBUG] [net.minecraftforge.server.ServerLifecycleHooks/CORE]: Generating PackInfo named mod:mca for mod file /workspaces/RATALAND2025/servidor_minecraft/mods/minecraft-comes-alive-7.6.3+1.20.1-universal.jar
[11Apr2025 23:18:50.955] [main/DEBUG] [net.minecraftforge.server.ServerLifecycleHooks/CORE]: Generating PackInfo named mod:scalinghealth for mod file /workspaces/RATALAND2025/servidor_minecraft/mods/ScalingHealth-1.20.1-8.0.2+9.jar
[11Apr2025 23:18:50.956] [main/DEBUG] [net.minecraftforge.server.ServerLifecycleHooks/CORE]: Generating PackInfo named mod:forge for mod file /workspaces/RATALAND2025/servidor_minecraft/libraries/net/minecraftforge/forge/1.20.1-47.3.7/forge-1.20.1-47.3.7-universal.jar
[11Apr2025 23:18:50.956] [main/DEBUG] [net.minecraftforge.server.ServerLifecycleHooks/CORE]: Generating PackInfo named mod:appleskin for mod file /workspaces/RATALAND2025/servidor_minecraft/mods/appleskin-forge-mc1.20.1-2.5.1.jar
[11Apr2025 23:18:50.956] [main/DEBUG] [net.minecraftforge.server.ServerLifecycleHooks/CORE]: Generating PackInfo named mod:expandability for mod file 
[11Apr2025 23:18:51.894] [main/DEBUG] [net.minecraftforge.coremod.transformer.CoreModBaseTransformer/COREMOD]: Transforming net/minecraft/server/commands/EnchantCommand
[11Apr2025 23:18:51.904] [main/INFO] [net.minecraftforge.coremod.CoreMod.apotheosis/COREMODLOG]: Replaced 2 calls to Enchantment#getMaxLevel() in net/minecraft/server/commands/EnchantCommand
[11Apr2025 23:18:51.964] [main/DEBUG] [net.minecraftforge.coremod.transformer.CoreModBaseTransformer/COREMOD]: Transforming net/minecraft/server/commands/SummonCommand
[11Apr2025 23:18:52.092] [main/DEBUG] [bookshelf/]: Built 1 Command entries. Took 2.29ms.
[11Apr2025 23:18:52.166] [main/DEBUG] [mixin/]: Mixing debug.TagLoaderMixin from mixins.artifacts.common.json into net.minecraft.tags.TagLoader
[11Apr2025 23:18:52.682] [Worker-Main-3/DEBUG] [mixin/]: Mixing patches.loot.MixinLootItemKilledByPlayerCondition from bookshelf.common.mixins.json into net.minecraft.world.level.storage.loot.predicates.LootItemKilledByPlayerCondition
[11Apr2025 23:18:52.727] [Worker-Main-3/DEBUG] [net.minecraftforge.coremod.transformer.CoreModBaseTransformer/COREMOD]: Transforming net/minecraft/world/entity/raid/Raid
[11Apr2025 23:18:53.237] [main/WARN] [net.minecraft.world.level.storage.loot.LootDataManager/]: Found loot table element validation problem in {loot_tables:dungeons_arise:chests/illager_campsite/illager_campsite_map}.pools[7].entries[0]->{minecraft:chests/pillager_outpost}.pools[8].entries[0].functions[2]: Parameters [<parameter minecraft:tool>] are not provided in this context
[11Apr2025 23:18:53.238] [main/WARN] [net.minecraft.world.level.storage.loot.LootDataManager/]: Found loot table element validation problem in {loot_tables:minecraft:chests/pillager_outpost}.pools[8].entries[0].functions[2]: Parameters [<parameter minecraft:tool>] are not provided in this context
[11Apr2025 23:18:53.238] [main/WARN] [net.minecraft.world.level.storage.loot.LootDataManager/]: Found loot table element validation problem in {loot_tables:dungeons_arise:chests/illager_campsite/illager_campsite_tent}.pools[5].entries[0]->{minecraft:chests/pillager_outpost}.pools[8].entries[0].functions[2]: Parameters [<parameter minecraft:tool>] are not provided in this context
[11Apr2025 23:18:53.240] [main/INFO] [placebo/]: Registered 34 additional loot tables.
[11Apr2025 23:18:53.253] [main/DEBUG] [mixin/]: Mixing AccessorSmithingTrimRecipe from patchouli_xplat.mixins.json into net.minecraft.world.item.crafting.SmithingTrimRecipe
[11Apr2025 23:18:53.272] [main/ERROR] [net.minecraft.world.item.crafting.RecipeManager/]: Parsing error loading recipe useless_sword:dragonbreathdiamondswordcraft2
com.google.gson.JsonSyntaxException: Unknown item 'useless_sword:dragonbreathdiamondsword'
	at net.minecraftforge.common.crafting.CraftingHelper.getItem(CraftingHelper.java:160) ~[forge-1.20.1-47.3.7-universal.jar%23192!/:?]
	at net.minecraftforge.common.crafting.CraftingHelper.getItemStack(CraftingHelper.java:186) ~[forge-1.20.1-47.3.7-universal.jar%23192!/:?]
	at net.minecraft.world.item.crafting.ShapedRecipe.m_151274_(ShapedRecipe.java:286) ~[server-1.20.1-20230612.114412-srg.jar%23187!/:?]
	at net.minecraft.world.item.crafting.ShapelessRecipe$Serializer.m_6729_(ShapelessRecipe.java:95) ~[server-1.20.1-20230612.114412-srg.jar%23187!/:?]
	at net.minecraft.world.item.crafting.ShapelessRecipe$Serializer.m_6729_(ShapelessRecipe.java:84) ~[server-1.20.1-20230612.114412-srg.jar%23187!/:?]
	at net.minecraftforge.common.extensions.IForgeRecipeSerializer.fromJson(IForgeRecipeSerializer.java:23) ~[forge-1.20.1-47.3.7-universal.jar%23192!/:?]
	at net.minecraft.world.item.crafting.RecipeManager.fromJson(RecipeManager.java:171) ~[server-1.20.1-20230612.114412-srg.jar%23187!/:?]
	at net.minecraft.world.item.crafting.RecipeManager.m_5787_(RecipeManager.java:67) ~[server-1.20.1-20230612.114412-srg.jar%23187!/:?]
	at net.minecraft.world.item.crafting.RecipeManager.m_5787_(RecipeManager.java:34) ~[server-1.20.1-20230612.114412-srg.jar%23187!/:?]
	at net.minecraft.server.packs.resources.SimplePreparableReloadListener.m_10789_(SimplePreparableReloadListener.java:13) ~[server-1.20.1-20230612.114412-srg.jar%23187!/:?]
	at java.util.concurrent.CompletableFuture$UniAccept.tryFire(CompletableFuture.java:718) ~[?:?]
	at java.util.concurrent.CompletableFuture$Completion.run(CompletableFuture.java:482) ~[?:?]
	at net.minecraft.server.packs.resources.SimpleReloadInstance.m_143940_(SimpleReloadInstance.java:69) ~[server-1.20.1-20230612.114412-srg.jar%23187!/:?]
	at net.minecraft.Util.m_214652_(Util.java:783) ~[server-1.20.1-20230612.114412-srg.jar%23187!/:?]
	at net.minecraft.Util.m_214679_(Util.java:772) ~[server-1.20.1-20230612.114412-srg.jar%23187!/:?]
	at net.minecraft.server.Main.main(Main.java:166) ~[server-1.20.1-20230612.114412-srg.jar%23187!/:?]
	at jdk.internal.reflect.NativeMethodAccessorImpl.invoke0(Native Method) ~[?:?]
	at jdk.internal.reflect.NativeMethodAccessorImpl.invoke(NativeMethodAccessorImpl.java:77) ~[?:?]
	at jdk.internal.reflect.DelegatingMethodAccessorImpl.invoke(DelegatingMethodAccessorImpl.java:43) ~[?:?]
	at java.lang.reflect.Method.invoke(Method.java:569) ~[?:?]
	at net.minecraftforge.fml.loading.targets.CommonLaunchHandler.runTarget(CommonLaunchHandler.java:111) ~[fmlloader-1.20.1-47.3.7.jar%2369!/:?]
	at net.minecraftforge.fml.loading.targets.CommonLaunchHandler.serverService(CommonLaunchHandler.java:103) ~[fmlloader-1.20.1-47.3.7.jar%2369!/:?]
	at net.minecraftforge.fml.loading.targets.CommonServerLaunchHandler.lambda$makeService$0(CommonServerLaunchHandler.java:27) ~[fmlloader-1.20.1-47.3.7.jar%2369!/:?]
	at cpw.mods.modlauncher.LaunchServiceHandlerDecorator.launch(LaunchServiceHandlerDecorator.java:30) ~[modlauncher-10.0.9.jar%2355!/:?]
	at cpw.mods.modlauncher.LaunchServiceHandler.launch(LaunchServiceHandler.java:53) ~[modlauncher-10.0.9.jar%2355!/:?]
	at cpw.mods.modlauncher.LaunchServiceHandler.launch(LaunchServiceHandler.java:71) ~[modlauncher-10.0.9.jar%2355!/:?]
	at cpw.mods.modlauncher.Launcher.run(Launcher.java:108) ~[modlauncher-10.0.9.jar%2355!/:?]
	at cpw.mods.modlauncher.Launcher.main(Launcher.java:78) ~[modlauncher-10.0.9.jar%2355!/:?]
	at cpw.mods.modlauncher.BootstrapLaunchConsumer.accept(BootstrapLaunchConsumer.java:26) ~[modlauncher-10.0.9.jar%2355!/:?]
	at cpw.mods.modlauncher.BootstrapLaunchConsumer.accept(BootstrapLaunchConsumer.java:23) ~[modlauncher-10.0.9.jar%2355!/:?]
	at cpw.mods.bootstraplauncher.BootstrapLauncher.main(BootstrapLauncher.java:141) ~[bootstraplauncher-1.1.2.jar:?]
[11Apr2025 23:18:53.286] [main/ERROR] [net.minecraft.world.item.crafting.RecipeManager/]: Parsing error loading recipe useless_sword:neptunium_grab_sword_recipe
com.google.gson.JsonSyntaxException: Unknown item 'aquaculture:iron_hook'
	at net.minecraft.world.item.crafting.ShapedRecipe.m_151280_(ShapedRecipe.java:292) ~[server-1.20.1-20230612.114412-srg.jar%23187!/:?]
	at java.util.Optional.orElseThrow(Optional.java:403) ~[?:?]
	at net.minecraft.world.item.crafting.ShapedRecipe.m_151278_(ShapedRecipe.java:291) ~[server-1.20.1-20230612.114412-srg.jar%23187!/:?]
	at net.minecraft.world.item.crafting.Ingredient.m_43919_(Ingredient.java:219) ~[server-1.20.1-20230612.114412-srg.jar%23187!/:?]
	at net.minecraftforge.common.crafting.VanillaIngredientSerializer.parse(VanillaIngredientSerializer.java:27) ~[forge-1.20.1-47.3.7-universal.jar%23192!/:?]
	at net.minecraftforge.common.crafting.CraftingHelper.getIngredient(CraftingHelper.java:148) ~[forge-1.20.1-47.3.7-universal.jar%23192!/:?]
	at net.minecraft.world.item.crafting.Ingredient.m_288218_(Ingredient.java:194) ~[server-1.20.1-20230612.114412-srg.jar%23187!/:?]
	at net.minecraft.world.item.crafting.ShapedRecipe.m_44210_(ShapedRecipe.java:278) ~[server-1.20.1-20230612.114412-srg.jar%23187!/:?]
	at net.minecraft.world.item.crafting.ShapedRecipe$Serializer.m_6729_(ShapedRecipe.java:306) ~[server-1.20.1-20230612.114412-srg.jar%23187!/:?]
	at net.minecraft.world.item.crafting.ShapedRecipe$Serializer.m_6729_(ShapedRecipe.java:301) ~[server-1.20.1-20230612.114412-srg.jar%23187!/:?]
	at net.minecraftforge.common.extensions.IForgeRecipeSerializer.fromJson(IForgeRecipeSerializer.java:23) ~[forge-1.20.1-47.3.7-universal.jar%23192!/:?]
	at net.minecraft.world.item.crafting.RecipeManager.fromJson(RecipeManager.java:171) ~[server-1.20.1-20230612.114412-srg.jar%23187!/:?]
	at net.minecraft.world.item.crafting.RecipeManager.m_5787_(RecipeManager.java:67) ~[server-1.20.1-20230612.114412-srg.jar%23187!/:?]
	at net.minecraft.world.item.crafting.RecipeManager.m_5787_(RecipeManager.java:34) ~[server-1.20.1-20230612.114412-srg.jar%23187!/:?]
	at net.minecraft.server.packs.resources.SimplePreparableReloadListener.m_10789_(SimplePreparableReloadListener.java:13) ~[server-1.20.1-20230612.114412-srg.jar%23187!/:?]
	at java.util.concurrent.CompletableFuture$UniAccept.tryFire(CompletableFuture.java:718) ~[?:?]
	at java.util.concurrent.CompletableFuture$Completion.run(CompletableFuture.java:482) ~[?:?]
	at net.minecraft.server.packs.resources.SimpleReloadInstance.m_143940_(SimpleReloadInstance.java:69) ~[server-1.20.1-20230612.114412-srg.jar%23187!/:?]
	at net.minecraft.Util.m_214652_(Util.java:783) ~[server-1.20.1-20230612.114412-srg.jar%23187!/:?]
	at net.minecraft.Util.m_214679_(Util.java:772) ~[server-1.20.1-20230612.114412-srg.jar%23187!/:?]
	at net.minecraft.server.Main.main(Main.java:166) ~[server-1.20.1-20230612.114412-srg.jar%23187!/:?]
	at jdk.internal.reflect.NativeMethodAccessorImpl.invoke0(Native Method) ~[?:?]
	at jdk.internal.reflect.NativeMethodAccessorImpl.invoke(NativeMethodAccessorImpl.java:77) ~[?:?]
	at jdk.internal.reflect.DelegatingMethodAccessorImpl.invoke(DelegatingMethodAccessorImpl.java:43) ~[?:?]
	at java.lang.reflect.Method.invoke(Method.java:569) ~[?:?]
	at net.minecraftforge.fml.loading.targets.CommonLaunchHandler.runTarget(CommonLaunchHandler.java:111) ~[fmlloader-1.20.1-47.3.7.jar%2369!/:?]
	at net.minecraftforge.fml.loading.targets.CommonLaunchHandler.serverService(CommonLaunchHandler.java:103) ~[fmlloader-1.20.1-47.3.7.jar%2369!/:?]
	at net.minecraftforge.fml.loading.targets.CommonServerLaunchHandler.lambda$makeService$0(CommonServerLaunchHandler.java:27) ~[fmlloader-1.20.1-47.3.7.jar%2369!/:?]
	at cpw.mods.modlauncher.LaunchServiceHandlerDecorator.launch(LaunchServiceHandlerDecorator.java:30) ~[modlauncher-10.0.9.jar%2355!/:?]
	at cpw.mods.modlauncher.LaunchServiceHandler.launch(LaunchServiceHandler.java:53) ~[modlauncher-10.0.9.jar%2355!/:?]
	at cpw.mods.modlauncher.LaunchServiceHandler.launch(LaunchServiceHandler.java:71) ~[modlauncher-10.0.9.jar%2355!/:?]
	at cpw.mods.modlauncher.Launcher.run(Launcher.java:108) ~[modlauncher-10.0.9.jar%2355!/:?]
	at cpw.mods.modlauncher.Launcher.main(Launcher.java:78) ~[modlauncher-10.0.9.jar%2355!/:?]
	at cpw.mods.modlauncher.BootstrapLaunchConsumer.accept(BootstrapLaunchConsumer.java:26) ~[modlauncher-10.0.9.jar%2355!/:?]
	at cpw.mods.modlauncher.BootstrapLaunchConsumer.accept(BootstrapLaunchConsumer.java:23) ~[modlauncher-10.0.9.jar%2355!/:?]
	at cpw.mods.bootstraplauncher.BootstrapLauncher.main(BootstrapLauncher.java:141) ~[bootstraplauncher-1.1.2.jar:?]
[11Apr2025 23:18:53.288] [main/ERROR] [net.minecraft.world.item.crafting.RecipeManager/]: Parsing error loading recipe irons_spellbooks:curios/concentration_amulet
com.google.gson.JsonSyntaxException: Unknown item 'irons_spellbooks:mithril_ingot'
	at net.minecraft.world.item.crafting.ShapedRecipe.m_151280_(ShapedRecipe.java:292) ~[server-1.20.1-20230612.114412-srg.jar%23187!/:?]
	at java.util.Optional.orElseThrow(Optional.java:403) ~[?:?]
	at net.minecraft.world.item.crafting.ShapedRecipe.m_151278_(ShapedRecipe.java:291) ~[server-1.20.1-20230612.114412-srg.jar%23187!/:?]
	at net.minecraft.world.item.crafting.Ingredient.m_43919_(Ingredient.java:219) ~[server-1.20.1-20230612.114412-srg.jar%23187!/:?]
	at net.minecraftforge.common.crafting.VanillaIngredientSerializer.parse(VanillaIngredientSerializer.java:27) ~[forge-1.20.1-47.3.7-universal.jar%23192!/:?]
	at net.minecraftforge.common.crafting.CraftingHelper.getIngredient(CraftingHelper.java:148) ~[forge-1.20.1-47.3.7-universal.jar%23192!/:?]
	at net.minecraft.world.item.crafting.Ingredient.m_288218_(Ingredient.java:194) ~[server-1.20.1-20230612.114412-srg.jar%23187!/:?]
	at net.minecraft.world.item.crafting.ShapedRecipe.m_44210_(ShapedRecipe.java:278) ~[server-1.20.1-20230612.114412-srg.jar%23187!/:?]
	at net.minecraft.world.item.crafting.ShapedRecipe$Serializer.m_6729_(ShapedRecipe.java:306) ~[server-1.20.1-20230612.114412-srg.jar%23187!/:?]
	at net.minecraft.world.item.crafting.ShapedRecipe$Serializer.m_6729_(ShapedRecipe.java:301) ~[server-1.20.1-20230612.114412-srg.jar%23187!/:?]
	at net.minecraftforge.common.extensions.IForgeRecipeSerializer.fromJson(IForgeRecipeSerializer.java:23) ~[forge-1.20.1-47.3.7-universal.jar%23192!/:?]
	at net.minecraft.world.item.crafting.RecipeManager.fromJson(RecipeManager.java:171) ~[server-1.20.1-20230612.114412-srg.jar%23187!/:?]
	at net.minecraft.world.item.crafting.RecipeManager.m_5787_(RecipeManager.java:67) ~[server-1.20.1-20230612.114412-srg.jar%23187!/:?]
	at net.minecraft.world.item.crafting.RecipeManager.m_5787_(RecipeManager.java:34) ~[server-1.20.1-20230612.114412-srg.jar%23187!/:?]
	at net.minecraft.server.packs.resources.SimplePreparableReloadListener.m_10789_(SimplePreparableReloadListener.java:13) ~[server-1.20.1-20230612.114412-srg.jar%23187!/:?]
	at java.util.concurrent.CompletableFuture$UniAccept.tryFire(CompletableFuture.java:718) ~[?:?]
	at java.util.concurrent.CompletableFuture$Completion.run(CompletableFuture.java:482) ~[?:?]
	at net.minecraft.server.packs.resources.SimpleReloadInstance.m_143940_(SimpleReloadInstance.java:69) ~[server-1.20.1-20230612.114412-srg.jar%23187!/:?]
	at net.minecraft.Util.m_214652_(Util.java:783) ~[server-1.20.1-20230612.114412-srg.jar%23187!/:?]
	at net.minecraft.Util.m_214679_(Util.java:772) ~[server-1.20.1-20230612.114412-srg.jar%23187!/:?]
	at net.minecraft.server.Main.main(Main.java:166) ~[server-1.20.1-20230612.114412-srg.jar%23187!/:?]
	at jdk.internal.reflect.NativeMethodAccessorImpl.invoke0(Native Method) ~[?:?]
	at jdk.internal.reflect.NativeMethodAccessorImpl.invoke(NativeMethodAccessorImpl.java:77) ~[?:?]
	at jdk.internal.reflect.DelegatingMethodAccessorImpl.invoke(DelegatingMethodAccessorImpl.java:43) ~[?:?]
	at java.lang.reflect.Method.invoke(Method.java:569) ~[?:?]
	at net.minecraftforge.fml.loading.targets.CommonLaunchHandler.runTarget(CommonLaunchHandler.java:111) ~[fmlloader-1.20.1-47.3.7.jar%2369!/:?]
	at net.minecraftforge.fml.loading.targets.CommonLaunchHandler.serverService(CommonLaunchHandler.java:103) ~[fmlloader-1.20.1-47.3.7.jar%2369!/:?]
	at net.minecraftforge.fml.loading.targets.CommonServerLaunchHandler.lambda$makeService$0(CommonServerLaunchHandler.java:27) ~[fmlloader-1.20.1-47.3.7.jar%2369!/:?]
	at cpw.mods.modlauncher.LaunchServiceHandlerDecorator.launch(LaunchServiceHandlerDecorator.java:30) ~[modlauncher-10.0.9.jar%2355!/:?]
	at cpw.mods.modlauncher.LaunchServiceHandler.launch(LaunchServiceHandler.java:53) ~[modlauncher-10.0.9.jar%2355!/:?]
	at cpw.mods.modlauncher.LaunchServiceHandler.launch(LaunchServiceHandler.java:71) ~[modlauncher-10.0.9.jar%2355!/:?]
	at cpw.mods.modlauncher.Launcher.run(Launcher.java:108) ~[modlauncher-10.0.9.jar%2355!/:?]
	at cpw.mods.modlauncher.Launcher.main(Launcher.java:78) ~[modlauncher-10.0.9.jar%2355!/:?]
	at cpw.mods.modlauncher.BootstrapLaunchConsumer.accept(BootstrapLaunchConsumer.java:26) ~[modlauncher-10.0.9.jar%2355!/:?]
	at cpw.mods.modlauncher.BootstrapLaunchConsumer.accept(BootstrapLaunchConsumer.java:23) ~[modlauncher-10.0.9.jar%2355!/:?]
	at cpw.mods.bootstraplauncher.BootstrapLauncher.main(BootstrapLauncher.java:141) ~[bootstraplauncher-1.1.2.jar:?]
[11Apr2025 23:18:53.306] [main/ERROR] [net.minecraft.world.item.crafting.RecipeManager/]: Parsing error loading recipe useless_sword:life_draining_sword_recipe
com.google.gson.JsonSyntaxException: Unknown item 'twilightforest:carminite'
	at net.minecraft.world.item.crafting.ShapedRecipe.m_151280_(ShapedRecipe.java:292) ~[server-1.20.1-20230612.114412-srg.jar%23187!/:?]
	at java.util.Optional.orElseThrow(Optional.java:403) ~[?:?]
	at net.minecraft.world.item.crafting.ShapedRecipe.m_151278_(ShapedRecipe.java:291) ~[server-1.20.1-20230612.114412-srg.jar%23187!/:?]
	at net.minecraft.world.item.crafting.Ingredient.m_43919_(Ingredient.java:219) ~[server-1.20.1-20230612.114412-srg.jar%23187!/:?]
	at net.minecraftforge.common.crafting.VanillaIngredientSerializer.parse(VanillaIngredientSerializer.java:27) ~[forge-1.20.1-47.3.7-universal.jar%23192!/:?]
	at net.minecraftforge.common.crafting.CraftingHelper.getIngredient(CraftingHelper.java:148) ~[forge-1.20.1-47.3.7-universal.jar%23192!/:?]
	at net.minecraft.world.item.crafting.Ingredient.m_288218_(Ingredient.java:194) ~[server-1.20.1-20230612.114412-srg.jar%23187!/:?]
	at net.minecraft.world.item.crafting.ShapedRecipe.m_44210_(ShapedRecipe.java:278) ~[server-1.20.1-20230612.114412-srg.jar%23187!/:?]
	at net.minecraft.world.item.crafting.ShapedRecipe$Serializer.m_6729_(ShapedRecipe.java:306) ~[server-1.20.1-20230612.114412-srg.jar%23187!/:?]
	at net.minecraft.world.item.crafting.ShapedRecipe$Serializer.m_6729_(ShapedRecipe.java:301) ~[server-1.20.1-20230612.114412-srg.jar%23187!/:?]
	at net.minecraftforge.common.extensions.IForgeRecipeSerializer.fromJson(IForgeRecipeSerializer.java:23) ~[forge-1.20.1-47.3.7-universal.jar%23192!/:?]
	at net.minecraft.world.item.crafting.RecipeManager.fromJson(RecipeManager.java:171) ~[server-1.20.1-20230612.114412-srg.jar%23187!/:?]
	at net.minecraft.world.item.crafting.RecipeManager.m_5787_(RecipeManager.java:67) ~[server-1.20.1-20230612.114412-srg.jar%23187!/:?]
	at net.minecraft.world.item.crafting.RecipeManager.m_5787_(RecipeManager.java:34) ~[server-1.20.1-20230612.114412-srg.jar%23187!/:?]
	at net.minecraft.server.packs.resources.SimplePreparableReloadListener.m_10789_(SimplePreparableReloadListener.java:13) ~[server-1.20.1-20230612.114412-srg.jar%23187!/:?]
	at java.util.concurrent.CompletableFuture$UniAccept.tryFire(CompletableFuture.java:718) ~[?:?]
	at java.util.concurrent.CompletableFuture$Completion.run(CompletableFuture.java:482) ~[?:?]
	at net.minecraft.server.packs.resources.SimpleReloadInstance.m_143940_(SimpleReloadInstance.java:69) ~[server-1.20.1-20230612.114412-srg.jar%23187!/:?]
	at net.minecraft.Util.m_214652_(Util.java:783) ~[server-1.20.1-20230612.114412-srg.jar%23187!/:?]
	at net.minecraft.Util.m_214679_(Util.java:772) ~[server-1.20.1-20230612.114412-srg.jar%23187!/:?]
	at net.minecraft.server.Main.main(Main.java:166) ~[server-1.20.1-20230612.114412-srg.jar%23187!/:?]
	at jdk.internal.reflect.NativeMethodAccessorImpl.invoke0(Native Method) ~[?:?]
	at jdk.internal.reflect.NativeMethodAccessorImpl.invoke(NativeMethodAccessorImpl.java:77) ~[?:?]
	at jdk.internal.reflect.DelegatingMethodAccessorImpl.invoke(DelegatingMethodAccessorImpl.java:43) ~[?:?]
	at java.lang.reflect.Method.invoke(Method.java:569) ~[?:?]
	at net.minecraftforge.fml.loading.targets.CommonLaunchHandler.runTarget(CommonLaunchHandler.java:111) ~[fmlloader-1.20.1-47.3.7.jar%2369!/:?]
	at net.minecraftforge.fml.loading.targets.CommonLaunchHandler.serverService(CommonLaunchHandler.java:103) ~[fmlloader-1.20.1-47.3.7.jar%2369!/:?]
	at net.minecraftforge.fml.loading.targets.CommonServerLaunchHandler.lambda$makeService$0(CommonServerLaunchHandler.java:27) ~[fmlloader-1.20.1-47.3.7.jar%2369!/:?]
	at cpw.mods.modlauncher.LaunchServiceHandlerDecorator.launch(LaunchServiceHandlerDecorator.java:30) ~[modlauncher-10.0.9.jar%2355!/:?]
	at cpw.mods.modlauncher.LaunchServiceHandler.launch(LaunchServiceHandler.java:53) ~[modlauncher-10.0.9.jar%2355!/:?]
	at cpw.mods.modlauncher.LaunchServiceHandler.launch(LaunchServiceHandler.java:71) ~[modlauncher-10.0.9.jar%2355!/:?]
	at cpw.mods.modlauncher.Launcher.run(Launcher.java:108) ~[modlauncher-10.0.9.jar%2355!/:?]
	at cpw.mods.modlauncher.Launcher.main(Launcher.java:78) ~[modlauncher-10.0.9.jar%2355!/:?]
	at cpw.mods.modlauncher.BootstrapLaunchConsumer.accept(BootstrapLaunchConsumer.java:26) ~[modlauncher-10.0.9.jar%2355!/:?]
	at cpw.mods.modlauncher.BootstrapLaunchConsumer.accept(BootstrapLaunchConsumer.java:23) ~[modlauncher-10.0.9.jar%2355!/:?]
	at cpw.mods.bootstraplauncher.BootstrapLauncher.main(BootstrapLauncher.java:141) ~[bootstraplauncher-1.1.2.jar:?]
[11Apr2025 23:18:53.319] [main/ERROR] [net.minecraft.world.item.crafting.RecipeManager/]: Parsing error loading recipe useless_sword:refined_radiance_glaive_recipe
com.google.gson.JsonSyntaxException: Unknown item 'create:refined_radiance'
	at net.minecraft.world.item.crafting.ShapedRecipe.m_151280_(ShapedRecipe.java:292) ~[server-1.20.1-20230612.114412-srg.jar%23187!/:?]
	at java.util.Optional.orElseThrow(Optional.java:403) ~[?:?]
	at net.minecraft.world.item.crafting.ShapedRecipe.m_151278_(ShapedRecipe.java:291) ~[server-1.20.1-20230612.114412-srg.jar%23187!/:?]
	at net.minecraft.world.item.crafting.Ingredient.m_43919_(Ingredient.java:219) ~[server-1.20.1-20230612.114412-srg.jar%23187!/:?]
	at net.minecraftforge.common.crafting.VanillaIngredientSerializer.parse(VanillaIngredientSerializer.java:27) ~[forge-1.20.1-47.3.7-universal.jar%23192!/:?]
	at net.minecraftforge.common.crafting.CraftingHelper.getIngredient(CraftingHelper.java:148) ~[forge-1.20.1-47.3.7-universal.jar%23192!/:?]
	at net.minecraft.world.item.crafting.Ingredient.m_288218_(Ingredient.java:194) ~[server-1.20.1-20230612.114412-srg.jar%23187!/:?]
	at net.minecraft.world.item.crafting.ShapedRecipe.m_44210_(ShapedRecipe.java:278) ~[server-1.20.1-20230612.114412-srg.jar%23187!/:?]
	at net.minecraft.world.item.crafting.ShapedRecipe$Serializer.m_6729_(ShapedRecipe.java:306) ~[server-1.20.1-20230612.114412-srg.jar%23187!/:?]
	at net.minecraft.world.item.crafting.ShapedRecipe$Serializer.m_6729_(ShapedRecipe.java:301) ~[server-1.20.1-20230612.114412-srg.jar%23187!/:?]
	at net.minecraftforge.common.extensions.IForgeRecipeSerializer.fromJson(IForgeRecipeSerializer.java:23) ~[forge-1.20.1-47.3.7-universal.jar%23192!/:?]
	at net.minecraft.world.item.crafting.RecipeManager.fromJson(RecipeManager.java:171) ~[server-1.20.1-20230612.114412-srg.jar%23187!/:?]
	at net.minecraft.world.item.crafting.RecipeManager.m_5787_(RecipeManager.java:67) ~[server-1.20.1-20230612.114412-srg.jar%23187!/:?]
	at net.minecraft.world.item.crafting.RecipeManager.m_5787_(RecipeManager.java:34) ~[server-1.20.1-20230612.114412-srg.jar%23187!/:?]
	at net.minecraft.server.packs.resources.SimplePreparableReloadListener.m_10789_(SimplePreparableReloadListener.java:13) ~[server-1.20.1-20230612.114412-srg.jar%23187!/:?]
	at java.util.concurrent.CompletableFuture$UniAccept.tryFire(CompletableFuture.java:718) ~[?:?]
	at java.util.concurrent.CompletableFuture$Completion.run(CompletableFuture.java:482) ~[?:?]
	at net.minecraft.server.packs.resources.SimpleReloadInstance.m_143940_(SimpleReloadInstance.java:69) ~[server-1.20.1-20230612.114412-srg.jar%23187!/:?]
	at net.minecraft.Util.m_214652_(Util.java:783) ~[server-1.20.1-20230612.114412-srg.jar%23187!/:?]
	at net.minecraft.Util.m_214679_(Util.java:772) ~[server-1.20.1-20230612.114412-srg.jar%23187!/:?]
	at net.minecraft.server.Main.main(Main.java:166) ~[server-1.20.1-20230612.114412-srg.jar%23187!/:?]
	at jdk.internal.reflect.NativeMethodAccessorImpl.invoke0(Native Method) ~[?:?]
	at jdk.internal.reflect.NativeMethodAccessorImpl.invoke(NativeMethodAccessorImpl.java:77) ~[?:?]
	at jdk.internal.reflect.DelegatingMethodAccessorImpl.invoke(DelegatingMethodAccessorImpl.java:43) ~[?:?]
	at java.lang.reflect.Method.invoke(Method.java:569) ~[?:?]
	at net.minecraftforge.fml.loading.targets.CommonLaunchHandler.runTarget(CommonLaunchHandler.java:111) ~[fmlloader-1.20.1-47.3.7.jar%2369!/:?]
	at net.minecraftforge.fml.loading.targets.CommonLaunchHandler.serverService(CommonLaunchHandler.java:103) ~[fmlloader-1.20.1-47.3.7.jar%2369!/:?]
	at net.minecraftforge.fml.loading.targets.CommonServerLaunchHandler.lambda$makeService$0(CommonServerLaunchHandler.java:27) ~[fmlloader-1.20.1-47.3.7.jar%2369!/:?]
	at cpw.mods.modlauncher.LaunchServiceHandlerDecorator.launch(LaunchServiceHandlerDecorator.java:30) ~[modlauncher-10.0.9.jar%2355!/:?]
	at cpw.mods.modlauncher.LaunchServiceHandler.launch(LaunchServiceHandler.java:53) ~[modlauncher-10.0.9.jar%2355!/:?]
	at cpw.mods.modlauncher.LaunchServiceHandler.launch(LaunchServiceHandler.java:71) ~[modlauncher-10.0.9.jar%2355!/:?]
	at cpw.mods.modlauncher.Launcher.run(Launcher.java:108) ~[modlauncher-10.0.9.jar%2355!/:?]
	at cpw.mods.modlauncher.Launcher.main(Launcher.java:78) ~[modlauncher-10.0.9.jar%2355!/:?]
	at cpw.mods.modlauncher.BootstrapLaunchConsumer.accept(BootstrapLaunchConsumer.java:26) ~[modlauncher-10.0.9.jar%2355!/:?]
	at cpw.mods.modlauncher.BootstrapLaunchConsumer.accept(BootstrapLaunchConsumer.java:23) ~[modlauncher-10.0.9.jar%2355!/:?]
	at cpw.mods.bootstraplauncher.BootstrapLauncher.main(BootstrapLauncher.java:141) ~[bootstraplauncher-1.1.2.jar:?]
[11Apr2025 23:18:53.324] [main/ERROR] [net.minecraft.world.item.crafting.RecipeManager/]: Parsing error loading recipe useless_sword:message_in_a_sword_recipe
com.google.gson.JsonSyntaxException: Unknown item 'aquaculture:message_in_a_bottle'
	at net.minecraft.world.item.crafting.ShapedRecipe.m_151280_(ShapedRecipe.java:292) ~[server-1.20.1-20230612.114412-srg.jar%23187!/:?]
	at java.util.Optional.orElseThrow(Optional.java:403) ~[?:?]
	at net.minecraft.world.item.crafting.ShapedRecipe.m_151278_(ShapedRecipe.java:291) ~[server-1.20.1-20230612.114412-srg.jar%23187!/:?]
	at net.minecraft.world.item.crafting.Ingredient.m_43919_(Ingredient.java:219) ~[server-1.20.1-20230612.114412-srg.jar%23187!/:?]
	at net.minecraftforge.common.crafting.VanillaIngredientSerializer.parse(VanillaIngredientSerializer.java:27) ~[forge-1.20.1-47.3.7-universal.jar%23192!/:?]
	at net.minecraftforge.common.crafting.CraftingHelper.getIngredient(CraftingHelper.java:148) ~[forge-1.20.1-47.3.7-universal.jar%23192!/:?]
	at net.minecraft.world.item.crafting.Ingredient.m_288218_(Ingredient.java:194) ~[server-1.20.1-20230612.114412-srg.jar%23187!/:?]
	at net.minecraft.world.item.crafting.ShapedRecipe.m_44210_(ShapedRecipe.java:278) ~[server-1.20.1-20230612.114412-srg.jar%23187!/:?]
	at net.minecraft.world.item.crafting.ShapedRecipe$Serializer.m_6729_(ShapedRecipe.java:306) ~[server-1.20.1-20230612.114412-srg.jar%23187!/:?]
	at net.minecraft.world.item.crafting.ShapedRecipe$Serializer.m_6729_(ShapedRecipe.java:301) ~[server-1.20.1-20230612.114412-srg.jar%23187!/:?]
	at net.minecraftforge.common.extensions.IForgeRecipeSerializer.fromJson(IForgeRecipeSerializer.java:23) ~[forge-1.20.1-47.3.7-universal.jar%23192!/:?]
	at net.minecraft.world.item.crafting.RecipeManager.fromJson(RecipeManager.java:171) ~[server-1.20.1-20230612.114412-srg.jar%23187!/:?]
	at net.minecraft.world.item.crafting.RecipeManager.m_5787_(RecipeManager.java:67) ~[server-1.20.1-20230612.114412-srg.jar%23187!/:?]
	at net.minecraft.world.item.crafting.RecipeManager.m_5787_(RecipeManager.java:34) ~[server-1.20.1-20230612.114412-srg.jar%23187!/:?]
	at net.minecraft.server.packs.resources.SimplePreparableReloadListener.m_10789_(SimplePreparableReloadListener.java:13) ~[server-1.20.1-20230612.114412-srg.jar%23187!/:?]
	at java.util.concurrent.CompletableFuture$UniAccept.tryFire(CompletableFuture.java:718) ~[?:?]
	at java.util.concurrent.CompletableFuture$Completion.run(CompletableFuture.java:482) ~[?:?]
	at net.minecraft.server.packs.resources.SimpleReloadInstance.m_143940_(SimpleReloadInstance.java:69) ~[server-1.20.1-20230612.114412-srg.jar%23187!/:?]
	at net.minecraft.Util.m_214652_(Util.java:783) ~[server-1.20.1-20230612.114412-srg.jar%23187!/:?]
	at net.minecraft.Util.m_214679_(Util.java:772) ~[server-1.20.1-20230612.114412-srg.jar%23187!/:?]
	at net.minecraft.server.Main.main(Main.java:166) ~[server-1.20.1-20230612.114412-srg.jar%23187!/:?]
	at jdk.internal.reflect.NativeMethodAccessorImpl.invoke0(Native Method) ~[?:?]
	at jdk.internal.reflect.NativeMethodAccessorImpl.invoke(NativeMethodAccessorImpl.java:77) ~[?:?]
	at jdk.internal.reflect.DelegatingMethodAccessorImpl.invoke(DelegatingMethodAccessorImpl.java:43) ~[?:?]
	at java.lang.reflect.Method.invoke(Method.java:569) ~[?:?]
	at net.minecraftforge.fml.loading.targets.CommonLaunchHandler.runTarget(CommonLaunchHandler.java:111) ~[fmlloader-1.20.1-47.3.7.jar%2369!/:?]
	at net.minecraftforge.fml.loading.targets.CommonLaunchHandler.serverService(CommonLaunchHandler.java:103) ~[fmlloader-1.20.1-47.3.7.jar%2369!/:?]
	at net.minecraftforge.fml.loading.targets.CommonServerLaunchHandler.lambda$makeService$0(CommonServerLaunchHandler.java:27) ~[fmlloader-1.20.1-47.3.7.jar%2369!/:?]
	at cpw.mods.modlauncher.LaunchServiceHandlerDecorator.launch(LaunchServiceHandlerDecorator.java:30) ~[modlauncher-10.0.9.jar%2355!/:?]
	at cpw.mods.modlauncher.LaunchServiceHandler.launch(LaunchServiceHandler.java:53) ~[modlauncher-10.0.9.jar%2355!/:?]
	at cpw.mods.modlauncher.LaunchServiceHandler.launch(LaunchServiceHandler.java:71) ~[modlauncher-10.0.9.jar%2355!/:?]
	at cpw.mods.modlauncher.Launcher.run(Launcher.java:108) ~[modlauncher-10.0.9.jar%2355!/:?]
	at cpw.mods.modlauncher.Launcher.main(Launcher.java:78) ~[modlauncher-10.0.9.jar%2355!/:?]
	at cpw.mods.modlauncher.BootstrapLaunchConsumer.accept(BootstrapLaunchConsumer.java:26) ~[modlauncher-10.0.9.jar%2355!/:?]
	at cpw.mods.modlauncher.BootstrapLaunchConsumer.accept(BootstrapLaunchConsumer.java:23) ~[modlauncher-10.0.9.jar%2355!/:?]
	at cpw.mods.bootstraplauncher.BootstrapLauncher.main(BootstrapLauncher.java:141) ~[bootstraplauncher-1.1.2.jar:?]
[11Apr2025 23:18:53.330] [main/ERROR] [net.minecraft.world.item.crafting.RecipeManager/]: Parsing error loading recipe useless_sword:naga_slicer_recipe
com.google.gson.JsonSyntaxException: Unknown item 'twilightforest:naga_scale'
	at net.minecraft.world.item.crafting.ShapedRecipe.m_151280_(ShapedRecipe.java:292) ~[server-1.20.1-20230612.114412-srg.jar%23187!/:?]
	at java.util.Optional.orElseThrow(Optional.java:403) ~[?:?]
	at net.minecraft.world.item.crafting.ShapedRecipe.m_151278_(ShapedRecipe.java:291) ~[server-1.20.1-20230612.114412-srg.jar%23187!/:?]
	at net.minecraft.world.item.crafting.Ingredient.m_43919_(Ingredient.java:219) ~[server-1.20.1-20230612.114412-srg.jar%23187!/:?]
	at net.minecraftforge.common.crafting.VanillaIngredientSerializer.parse(VanillaIngredientSerializer.java:27) ~[forge-1.20.1-47.3.7-universal.jar%23192!/:?]
	at net.minecraftforge.common.crafting.CraftingHelper.getIngredient(CraftingHelper.java:148) ~[forge-1.20.1-47.3.7-universal.jar%23192!/:?]
	at net.minecraft.world.item.crafting.Ingredient.m_288218_(Ingredient.java:194) ~[server-1.20.1-20230612.114412-srg.jar%23187!/:?]
	at net.minecraft.world.item.crafting.ShapedRecipe.m_44210_(ShapedRecipe.java:278) ~[server-1.20.1-20230612.114412-srg.jar%23187!/:?]
	at net.minecraft.world.item.crafting.ShapedRecipe$Serializer.m_6729_(ShapedRecipe.java:306) ~[server-1.20.1-20230612.114412-srg.jar%23187!/:?]
	at net.minecraft.world.item.crafting.ShapedRecipe$Serializer.m_6729_(ShapedRecipe.java:301) ~[server-1.20.1-20230612.114412-srg.jar%23187!/:?]
	at net.minecraftforge.common.extensions.IForgeRecipeSerializer.fromJson(IForgeRecipeSerializer.java:23) ~[forge-1.20.1-47.3.7-universal.jar%23192!/:?]
	at net.minecraft.world.item.crafting.RecipeManager.fromJson(RecipeManager.java:171) ~[server-1.20.1-20230612.114412-srg.jar%23187!/:?]
	at net.minecraft.world.item.crafting.RecipeManager.m_5787_(RecipeManager.java:67) ~[server-1.20.1-20230612.114412-srg.jar%23187!/:?]
	at net.minecraft.world.item.crafting.RecipeManager.m_5787_(RecipeManager.java:34) ~[server-1.20.1-20230612.114412-srg.jar%23187!/:?]
	at net.minecraft.server.packs.resources.SimplePreparableReloadListener.m_10789_(SimplePreparableReloadListener.java:13) ~[server-1.20.1-20230612.114412-srg.jar%23187!/:?]
	at java.util.concurrent.CompletableFuture$UniAccept.tryFire(CompletableFuture.java:718) ~[?:?]
	at java.util.concurrent.CompletableFuture$Completion.run(CompletableFuture.java:482) ~[?:?]
	at net.minecraft.server.packs.resources.SimpleReloadInstance.m_143940_(SimpleReloadInstance.java:69) ~[server-1.20.1-20230612.114412-srg.jar%23187!/:?]
	at net.minecraft.Util.m_214652_(Util.java:783) ~[server-1.20.1-20230612.114412-srg.jar%23187!/:?]
	at net.minecraft.Util.m_214679_(Util.java:772) ~[server-1.20.1-20230612.114412-srg.jar%23187!/:?]
	at net.minecraft.server.Main.main(Main.java:166) ~[server-1.20.1-20230612.114412-srg.jar%23187!/:?]
	at jdk.internal.reflect.NativeMethodAccessorImpl.invoke0(Native Method) ~[?:?]
	at jdk.internal.reflect.NativeMethodAccessorImpl.invoke(NativeMethodAccessorImpl.java:77) ~[?:?]
	at jdk.internal.reflect.DelegatingMethodAccessorImpl.invoke(DelegatingMethodAccessorImpl.java:43) ~[?:?]
	at java.lang.reflect.Method.invoke(Method.java:569) ~[?:?]
	at net.minecraftforge.fml.loading.targets.CommonLaunchHandler.runTarget(CommonLaunchHandler.java:111) ~[fmlloader-1.20.1-47.3.7.jar%2369!/:?]
	at net.minecraftforge.fml.loading.targets.CommonLaunchHandler.serverService(CommonLaunchHandler.java:103) ~[fmlloader-1.20.1-47.3.7.jar%2369!/:?]
	at net.minecraftforge.fml.loading.targets.CommonServerLaunchHandler.lambda$makeService$0(CommonServerLaunchHandler.java:27) ~[fmlloader-1.20.1-47.3.7.jar%2369!/:?]
	at cpw.mods.modlauncher.LaunchServiceHandlerDecorator.launch(LaunchServiceHandlerDecorator.java:30) ~[modlauncher-10.0.9.jar%2355!/:?]
	at cpw.mods.modlauncher.LaunchServiceHandler.launch(LaunchServiceHandler.java:53) ~[modlauncher-10.0.9.jar%2355!/:?]
	at cpw.mods.modlauncher.LaunchServiceHandler.launch(LaunchServiceHandler.java:71) ~[modlauncher-10.0.9.jar%2355!/:?]
	at cpw.mods.modlauncher.Launcher.run(Launcher.java:108) ~[modlauncher-10.0.9.jar%2355!/:?]
	at cpw.mods.modlauncher.Launcher.main(Launcher.java:78) ~[modlauncher-10.0.9.jar%2355!/:?]
	at cpw.mods.modlauncher.BootstrapLaunchConsumer.accept(BootstrapLaunchConsumer.java:26) ~[modlauncher-10.0.9.jar%2355!/:?]
	at cpw.mods.modlauncher.BootstrapLaunchConsumer.accept(BootstrapLaunchConsumer.java:23) ~[modlauncher-10.0.9.jar%2355!/:?]
	at cpw.mods.bootstraplauncher.BootstrapLauncher.main(BootstrapLauncher.java:141) ~[bootstraplauncher-1.1.2.jar:?]
[11Apr2025 23:18:53.339] [main/ERROR] [net.minecraft.world.item.crafting.RecipeManager/]: Parsing error loading recipe useless_sword:copper_jigsaw_slicer_recipe
com.google.gson.JsonSyntaxException: Unknown item 'create:mechanical_saw'
	at net.minecraft.world.item.crafting.ShapedRecipe.m_151280_(ShapedRecipe.java:292) ~[server-1.20.1-20230612.114412-srg.jar%23187!/:?]
	at java.util.Optional.orElseThrow(Optional.java:403) ~[?:?]
	at net.minecraft.world.item.crafting.ShapedRecipe.m_151278_(ShapedRecipe.java:291) ~[server-1.20.1-20230612.114412-srg.jar%23187!/:?]
	at net.minecraft.world.item.crafting.Ingredient.m_43919_(Ingredient.java:219) ~[server-1.20.1-20230612.114412-srg.jar%23187!/:?]
	at net.minecraftforge.common.crafting.VanillaIngredientSerializer.parse(VanillaIngredientSerializer.java:27) ~[forge-1.20.1-47.3.7-universal.jar%23192!/:?]
	at net.minecraftforge.common.crafting.CraftingHelper.getIngredient(CraftingHelper.java:148) ~[forge-1.20.1-47.3.7-universal.jar%23192!/:?]
	at net.minecraft.world.item.crafting.Ingredient.m_288218_(Ingredient.java:194) ~[server-1.20.1-20230612.114412-srg.jar%23187!/:?]
	at net.minecraft.world.item.crafting.ShapedRecipe.m_44210_(ShapedRecipe.java:278) ~[server-1.20.1-20230612.114412-srg.jar%23187!/:?]
	at net.minecraft.world.item.crafting.ShapedRecipe$Serializer.m_6729_(ShapedRecipe.java:306) ~[server-1.20.1-20230612.114412-srg.jar%23187!/:?]
	at net.minecraft.world.item.crafting.ShapedRecipe$Serializer.m_6729_(ShapedRecipe.java:301) ~[server-1.20.1-20230612.114412-srg.jar%23187!/:?]
	at net.minecraftforge.common.extensions.IForgeRecipeSerializer.fromJson(IForgeRecipeSerializer.java:23) ~[forge-1.20.1-47.3.7-universal.jar%23192!/:?]
	at net.minecraft.world.item.crafting.RecipeManager.fromJson(RecipeManager.java:171) ~[server-1.20.1-20230612.114412-srg.jar%23187!/:?]
	at net.minecraft.world.item.crafting.RecipeManager.m_5787_(RecipeManager.java:67) ~[server-1.20.1-20230612.114412-srg.jar%23187!/:?]
	at net.minecraft.world.item.crafting.RecipeManager.m_5787_(RecipeManager.java:34) ~[server-1.20.1-20230612.114412-srg.jar%23187!/:?]
	at net.minecraft.server.packs.resources.SimplePreparableReloadListener.m_10789_(SimplePreparableReloadListener.java:13) ~[server-1.20.1-20230612.114412-srg.jar%23187!/:?]
	at java.util.concurrent.CompletableFuture$UniAccept.tryFire(CompletableFuture.java:718) ~[?:?]
	at java.util.concurrent.CompletableFuture$Completion.run(CompletableFuture.java:482) ~[?:?]
	at net.minecraft.server.packs.resources.SimpleReloadInstance.m_143940_(SimpleReloadInstance.java:69) ~[server-1.20.1-20230612.114412-srg.jar%23187!/:?]
	at net.minecraft.Util.m_214652_(Util.java:783) ~[server-1.20.1-20230612.114412-srg.jar%23187!/:?]
	at net.minecraft.Util.m_214679_(Util.java:772) ~[server-1.20.1-20230612.114412-srg.jar%23187!/:?]
	at net.minecraft.server.Main.main(Main.java:166) ~[server-1.20.1-20230612.114412-srg.jar%23187!/:?]
	at jdk.internal.reflect.NativeMethodAccessorImpl.invoke0(Native Method) ~[?:?]
	at jdk.internal.reflect.NativeMethodAccessorImpl.invoke(NativeMethodAccessorImpl.java:77) ~[?:?]
	at jdk.internal.reflect.DelegatingMethodAccessorImpl.invoke(DelegatingMethodAccessorImpl.java:43) ~[?:?]
	at java.lang.reflect.Method.invoke(Method.java:569) ~[?:?]
	at net.minecraftforge.fml.loading.targets.CommonLaunchHandler.runTarget(CommonLaunchHandler.java:111) ~[fmlloader-1.20.1-47.3.7.jar%2369!/:?]
	at net.minecraftforge.fml.loading.targets.CommonLaunchHandler.serverService(CommonLaunchHandler.java:103) ~[fmlloader-1.20.1-47.3.7.jar%2369!/:?]
	at net.minecraftforge.fml.loading.targets.CommonServerLaunchHandler.lambda$makeService$0(CommonServerLaunchHandler.java:27) ~[fmlloader-1.20.1-47.3.7.jar%2369!/:?]
	at cpw.mods.modlauncher.LaunchServiceHandlerDecorator.launch(LaunchServiceHandlerDecorator.java:30) ~[modlauncher-10.0.9.jar%2355!/:?]
	at cpw.mods.modlauncher.LaunchServiceHandler.launch(LaunchServiceHandler.java:53) ~[modlauncher-10.0.9.jar%2355!/:?]
	at cpw.mods.modlauncher.LaunchServiceHandler.launch(LaunchServiceHandler.java:71) ~[modlauncher-10.0.9.jar%2355!/:?]
	at cpw.mods.modlauncher.Launcher.run(Launcher.java:108) ~[modlauncher-10.0.9.jar%2355!/:?]
	at cpw.mods.modlauncher.Launcher.main(Launcher.java:78) ~[modlauncher-10.0.9.jar%2355!/:?]
	at cpw.mods.modlauncher.BootstrapLaunchConsumer.accept(BootstrapLaunchConsumer.java:26) ~[modlauncher-10.0.9.jar%2355!/:?]
	at cpw.mods.modlauncher.BootstrapLaunchConsumer.accept(BootstrapLaunchConsumer.java:23) ~[modlauncher-10.0.9.jar%2355!/:?]
	at cpw.mods.bootstraplauncher.BootstrapLauncher.main(BootstrapLauncher.java:141) ~[bootstraplauncher-1.1.2.jar:?]
[11Apr2025 23:18:53.354] [main/ERROR] [net.minecraft.world.item.crafting.RecipeManager/]: Parsing error loading recipe useless_sword:tooth_glaive_recipe
com.google.gson.JsonSyntaxException: Unknown item 'alexsmobs:cachalot_whale_tooth'
	at net.minecraft.world.item.crafting.ShapedRecipe.m_151280_(ShapedRecipe.java:292) ~[server-1.20.1-20230612.114412-srg.jar%23187!/:?]
	at java.util.Optional.orElseThrow(Optional.java:403) ~[?:?]
	at net.minecraft.world.item.crafting.ShapedRecipe.m_151278_(ShapedRecipe.java:291) ~[server-1.20.1-20230612.114412-srg.jar%23187!/:?]
	at net.minecraft.world.item.crafting.Ingredient.m_43919_(Ingredient.java:219) ~[server-1.20.1-20230612.114412-srg.jar%23187!/:?]
	at net.minecraftforge.common.crafting.VanillaIngredientSerializer.parse(VanillaIngredientSerializer.java:27) ~[forge-1.20.1-47.3.7-universal.jar%23192!/:?]
	at net.minecraftforge.common.crafting.CraftingHelper.getIngredient(CraftingHelper.java:148) ~[forge-1.20.1-47.3.7-universal.jar%23192!/:?]
	at net.minecraft.world.item.crafting.Ingredient.m_288218_(Ingredient.java:194) ~[server-1.20.1-20230612.114412-srg.jar%23187!/:?]
	at net.minecraft.world.item.crafting.ShapedRecipe.m_44210_(ShapedRecipe.java:278) ~[server-1.20.1-20230612.114412-srg.jar%23187!/:?]
	at net.minecraft.world.item.crafting.ShapedRecipe$Serializer.m_6729_(ShapedRecipe.java:306) ~[server-1.20.1-20230612.114412-srg.jar%23187!/:?]
	at net.minecraft.world.item.crafting.ShapedRecipe$Serializer.m_6729_(ShapedRecipe.java:301) ~[server-1.20.1-20230612.114412-srg.jar%23187!/:?]
	at net.minecraftforge.common.extensions.IForgeRecipeSerializer.fromJson(IForgeRecipeSerializer.java:23) ~[forge-1.20.1-47.3.7-universal.jar%23192!/:?]
	at net.minecraft.world.item.crafting.RecipeManager.fromJson(RecipeManager.java:171) ~[server-1.20.1-20230612.114412-srg.jar%23187!/:?]
	at net.minecraft.world.item.crafting.RecipeManager.m_5787_(RecipeManager.java:67) ~[server-1.20.1-20230612.114412-srg.jar%23187!/:?]
	at net.minecraft.world.item.crafting.RecipeManager.m_5787_(RecipeManager.java:34) ~[server-1.20.1-20230612.114412-srg.jar%23187!/:?]
	at net.minecraft.server.packs.resources.SimplePreparableReloadListener.m_10789_(SimplePreparableReloadListener.java:13) ~[server-1.20.1-20230612.114412-srg.jar%23187!/:?]
	at java.util.concurrent.CompletableFuture$UniAccept.tryFire(CompletableFuture.java:718) ~[?:?]
	at java.util.concurrent.CompletableFuture$Completion.run(CompletableFuture.java:482) ~[?:?]
	at net.minecraft.server.packs.resources.SimpleReloadInstance.m_143940_(SimpleReloadInstance.java:69) ~[server-1.20.1-20230612.114412-srg.jar%23187!/:?]
	at net.minecraft.Util.m_214652_(Util.java:783) ~[server-1.20.1-20230612.114412-srg.jar%23187!/:?]
	at net.minecraft.Util.m_214679_(Util.java:772) ~[server-1.20.1-20230612.114412-srg.jar%23187!/:?]
	at net.minecraft.server.Main.main(Main.java:166) ~[server-1.20.1-20230612.114412-srg.jar%23187!/:?]
	at jdk.internal.reflect.NativeMethodAccessorImpl.invoke0(Native Method) ~[?:?]
	at jdk.internal.reflect.NativeMethodAccessorImpl.invoke(NativeMethodAccessorImpl.java:77) ~[?:?]
	at jdk.internal.reflect.DelegatingMethodAccessorImpl.invoke(DelegatingMethodAccessorImpl.java:43) ~[?:?]
	at java.lang.reflect.Method.invoke(Method.java:569) ~[?:?]
	at net.minecraftforge.fml.loading.targets.CommonLaunchHandler.runTarget(CommonLaunchHandler.java:111) ~[fmlloader-1.20.1-47.3.7.jar%2369!/:?]
	at net.minecraftforge.fml.loading.targets.CommonLaunchHandler.serverService(CommonLaunchHandler.java:103) ~[fmlloader-1.20.1-47.3.7.jar%2369!/:?]
	at net.minecraftforge.fml.loading.targets.CommonServerLaunchHandler.lambda$makeService$0(CommonServerLaunchHandler.java:27) ~[fmlloader-1.20.1-47.3.7.jar%2369!/:?]
	at cpw.mods.modlauncher.LaunchServiceHandlerDecorator.launch(LaunchServiceHandlerDecorator.java:30) ~[modlauncher-10.0.9.jar%2355!/:?]
	at cpw.mods.modlauncher.LaunchServiceHandler.launch(LaunchServiceHandler.java:53) ~[modlauncher-10.0.9.jar%2355!/:?]
	at cpw.mods.modlauncher.LaunchServiceHandler.launch(LaunchServiceHandler.java:71) ~[modlauncher-10.0.9.jar%2355!/:?]
	at cpw.mods.modlauncher.Launcher.run(Launcher.java:108) ~[modlauncher-10.0.9.jar%2355!/:?]
	at cpw.mods.modlauncher.Launcher.main(Launcher.java:78) ~[modlauncher-10.0.9.jar%2355!/:?]
	at cpw.mods.modlauncher.BootstrapLaunchConsumer.accept(BootstrapLaunchConsumer.java:26) ~[modlauncher-10.0.9.jar%2355!/:?]
	at cpw.mods.modlauncher.BootstrapLaunchConsumer.accept(BootstrapLaunchConsumer.java:23) ~[modlauncher-10.0.9.jar%2355!/:?]
	at cpw.mods.bootstraplauncher.BootstrapLauncher.main(BootstrapLauncher.java:141) ~[bootstraplauncher-1.1.2.jar:?]
[11Apr2025 23:18:53.358] [main/ERROR] [net.minecraft.world.item.crafting.RecipeManager/]: Parsing error loading recipe useless_sword:dna_cutter_recipe
com.google.gson.JsonSyntaxException: Unknown item 'alexsmobs:capsid'
	at net.minecraft.world.item.crafting.ShapedRecipe.m_151280_(ShapedRecipe.java:292) ~[server-1.20.1-20230612.114412-srg.jar%23187!/:?]
	at java.util.Optional.orElseThrow(Optional.java:403) ~[?:?]
	at net.minecraft.world.item.crafting.ShapedRecipe.m_151278_(ShapedRecipe.java:291) ~[server-1.20.1-20230612.114412-srg.jar%23187!/:?]
	at net.minecraft.world.item.crafting.Ingredient.m_43919_(Ingredient.java:219) ~[server-1.20.1-20230612.114412-srg.jar%23187!/:?]
	at net.minecraftforge.common.crafting.VanillaIngredientSerializer.parse(VanillaIngredientSerializer.java:27) ~[forge-1.20.1-47.3.7-universal.jar%23192!/:?]
	at net.minecraftforge.common.crafting.CraftingHelper.getIngredient(CraftingHelper.java:148) ~[forge-1.20.1-47.3.7-universal.jar%23192!/:?]
	at net.minecraft.world.item.crafting.Ingredient.m_288218_(Ingredient.java:194) ~[server-1.20.1-20230612.114412-srg.jar%23187!/:?]
	at net.minecraft.world.item.crafting.ShapedRecipe.m_44210_(ShapedRecipe.java:278) ~[server-1.20.1-20230612.114412-srg.jar%23187!/:?]
	at net.minecraft.world.item.crafting.ShapedRecipe$Serializer.m_6729_(ShapedRecipe.java:306) ~[server-1.20.1-20230612.114412-srg.jar%23187!/:?]
	at net.minecraft.world.item.crafting.ShapedRecipe$Serializer.m_6729_(ShapedRecipe.java:301) ~[server-1.20.1-20230612.114412-srg.jar%23187!/:?]
	at net.minecraftforge.common.extensions.IForgeRecipeSerializer.fromJson(IForgeRecipeSerializer.java:23) ~[forge-1.20.1-47.3.7-universal.jar%23192!/:?]
	at net.minecraft.world.item.crafting.RecipeManager.fromJson(RecipeManager.java:171) ~[server-1.20.1-20230612.114412-srg.jar%23187!/:?]
	at net.minecraft.world.item.crafting.RecipeManager.m_5787_(RecipeManager.java:67) ~[server-1.20.1-20230612.114412-srg.jar%23187!/:?]
	at net.minecraft.world.item.crafting.RecipeManager.m_5787_(RecipeManager.java:34) ~[server-1.20.1-20230612.114412-srg.jar%23187!/:?]
	at net.minecraft.server.packs.resources.SimplePreparableReloadListener.m_10789_(SimplePreparableReloadListener.java:13) ~[server-1.20.1-20230612.114412-srg.jar%23187!/:?]
	at java.util.concurrent.CompletableFuture$UniAccept.tryFire(CompletableFuture.java:718) ~[?:?]
	at java.util.concurrent.CompletableFuture$Completion.run(CompletableFuture.java:482) ~[?:?]
	at net.minecraft.server.packs.resources.SimpleReloadInstance.m_143940_(SimpleReloadInstance.java:69) ~[server-1.20.1-20230612.114412-srg.jar%23187!/:?]
	at net.minecraft.Util.m_214652_(Util.java:783) ~[server-1.20.1-20230612.114412-srg.jar%23187!/:?]
	at net.minecraft.Util.m_214679_(Util.java:772) ~[server-1.20.1-20230612.114412-srg.jar%23187!/:?]
	at net.minecraft.server.Main.main(Main.java:166) ~[server-1.20.1-20230612.114412-srg.jar%23187!/:?]
	at jdk.internal.reflect.NativeMethodAccessorImpl.invoke0(Native Method) ~[?:?]
	at jdk.internal.reflect.NativeMethodAccessorImpl.invoke(NativeMethodAccessorImpl.java:77) ~[?:?]
	at jdk.internal.reflect.DelegatingMethodAccessorImpl.invoke(DelegatingMethodAccessorImpl.java:43) ~[?:?]
	at java.lang.reflect.Method.invoke(Method.java:569) ~[?:?]
	at net.minecraftforge.fml.loading.targets.CommonLaunchHandler.runTarget(CommonLaunchHandler.java:111) ~[fmlloader-1.20.1-47.3.7.jar%2369!/:?]
	at net.minecraftforge.fml.loading.targets.CommonLaunchHandler.serverService(CommonLaunchHandler.java:103) ~[fmlloader-1.20.1-47.3.7.jar%2369!/:?]
	at net.minecraftforge.fml.loading.targets.CommonServerLaunchHandler.lambda$makeService$0(CommonServerLaunchHandler.java:27) ~[fmlloader-1.20.1-47.3.7.jar%2369!/:?]
	at cpw.mods.modlauncher.LaunchServiceHandlerDecorator.launch(LaunchServiceHandlerDecorator.java:30) ~[modlauncher-10.0.9.jar%2355!/:?]
	at cpw.mods.modlauncher.LaunchServiceHandler.launch(LaunchServiceHandler.java:53) ~[modlauncher-10.0.9.jar%2355!/:?]
	at cpw.mods.modlauncher.LaunchServiceHandler.launch(LaunchServiceHandler.java:71) ~[modlauncher-10.0.9.jar%2355!/:?]
	at cpw.mods.modlauncher.Launcher.run(Launcher.java:108) ~[modlauncher-10.0.9.jar%2355!/:?]
	at cpw.mods.modlauncher.Launcher.main(Launcher.java:78) ~[modlauncher-10.0.9.jar%2355!/:?]
	at cpw.mods.modlauncher.BootstrapLaunchConsumer.accept(BootstrapLaunchConsumer.java:26) ~[modlauncher-10.0.9.jar%2355!/:?]
	at cpw.mods.modlauncher.BootstrapLaunchConsumer.accept(BootstrapLaunchConsumer.java:23) ~[modlauncher-10.0.9.jar%2355!/:?]
	at cpw.mods.bootstraplauncher.BootstrapLauncher.main(BootstrapLauncher.java:141) ~[bootstraplauncher-1.1.2.jar:?]
[11Apr2025 23:18:53.362] [main/ERROR] [net.minecraft.world.item.crafting.RecipeManager/]: Parsing error loading recipe useless_sword:guster_sword_recipe
com.google.gson.JsonSyntaxException: Unknown item 'alexsmobs:guster_eye'
	at net.minecraft.world.item.crafting.ShapedRecipe.m_151280_(ShapedRecipe.java:292) ~[server-1.20.1-20230612.114412-srg.jar%23187!/:?]
	at java.util.Optional.orElseThrow(Optional.java:403) ~[?:?]
	at net.minecraft.world.item.crafting.ShapedRecipe.m_151278_(ShapedRecipe.java:291) ~[server-1.20.1-20230612.114412-srg.jar%23187!/:?]
	at net.minecraft.world.item.crafting.Ingredient.m_43919_(Ingredient.java:219) ~[server-1.20.1-20230612.114412-srg.jar%23187!/:?]
	at net.minecraftforge.common.crafting.VanillaIngredientSerializer.parse(VanillaIngredientSerializer.java:27) ~[forge-1.20.1-47.3.7-universal.jar%23192!/:?]
	at net.minecraftforge.common.crafting.CraftingHelper.getIngredient(CraftingHelper.java:148) ~[forge-1.20.1-47.3.7-universal.jar%23192!/:?]
	at net.minecraft.world.item.crafting.Ingredient.m_288218_(Ingredient.java:194) ~[server-1.20.1-20230612.114412-srg.jar%23187!/:?]
	at net.minecraft.world.item.crafting.ShapedRecipe.m_44210_(ShapedRecipe.java:278) ~[server-1.20.1-20230612.114412-srg.jar%23187!/:?]
	at net.minecraft.world.item.crafting.ShapedRecipe$Serializer.m_6729_(ShapedRecipe.java:306) ~[server-1.20.1-20230612.114412-srg.jar%23187!/:?]
	at net.minecraft.world.item.crafting.ShapedRecipe$Serializer.m_6729_(ShapedRecipe.java:301) ~[server-1.20.1-20230612.114412-srg.jar%23187!/:?]
	at net.minecraftforge.common.extensions.IForgeRecipeSerializer.fromJson(IForgeRecipeSerializer.java:23) ~[forge-1.20.1-47.3.7-universal.jar%23192!/:?]
	at net.minecraft.world.item.crafting.RecipeManager.fromJson(RecipeManager.java:171) ~[server-1.20.1-20230612.114412-srg.jar%23187!/:?]
	at net.minecraft.world.item.crafting.RecipeManager.m_5787_(RecipeManager.java:67) ~[server-1.20.1-20230612.114412-srg.jar%23187!/:?]
	at net.minecraft.world.item.crafting.RecipeManager.m_5787_(RecipeManager.java:34) ~[server-1.20.1-20230612.114412-srg.jar%23187!/:?]
	at net.minecraft.server.packs.resources.SimplePreparableReloadListener.m_10789_(SimplePreparableReloadListener.java:13) ~[server-1.20.1-20230612.114412-srg.jar%23187!/:?]
	at java.util.concurrent.CompletableFuture$UniAccept.tryFire(CompletableFuture.java:718) ~[?:?]
	at java.util.concurrent.CompletableFuture$Completion.run(CompletableFuture.java:482) ~[?:?]
	at net.minecraft.server.packs.resources.SimpleReloadInstance.m_143940_(SimpleReloadInstance.java:69) ~[server-1.20.1-20230612.114412-srg.jar%23187!/:?]
	at net.minecraft.Util.m_214652_(Util.java:783) ~[server-1.20.1-20230612.114412-srg.jar%23187!/:?]
	at net.minecraft.Util.m_214679_(Util.java:772) ~[server-1.20.1-20230612.114412-srg.jar%23187!/:?]
	at net.minecraft.server.Main.main(Main.java:166) ~[server-1.20.1-20230612.114412-srg.jar%23187!/:?]
	at jdk.internal.reflect.NativeMethodAccessorImpl.invoke0(Native Method) ~[?:?]
	at jdk.internal.reflect.NativeMethodAccessorImpl.invoke(NativeMethodAccessorImpl.java:77) ~[?:?]
	at jdk.internal.reflect.DelegatingMethodAccessorImpl.invoke(DelegatingMethodAccessorImpl.java:43) ~[?:?]
	at java.lang.reflect.Method.invoke(Method.java:569) ~[?:?]
	at net.minecraftforge.fml.loading.targets.CommonLaunchHandler.runTarget(CommonLaunchHandler.java:111) ~[fmlloader-1.20.1-47.3.7.jar%2369!/:?]
	at net.minecraftforge.fml.loading.targets.CommonLaunchHandler.serverService(CommonLaunchHandler.java:103) ~[fmlloader-1.20.1-47.3.7.jar%2369!/:?]
	at net.minecraftforge.fml.loading.targets.CommonServerLaunchHandler.lambda$makeService$0(CommonServerLaunchHandler.java:27) ~[fmlloader-1.20.1-47.3.7.jar%2369!/:?]
	at cpw.mods.modlauncher.LaunchServiceHandlerDecorator.launch(LaunchServiceHandlerDecorator.java:30) ~[modlauncher-10.0.9.jar%2355!/:?]
	at cpw.mods.modlauncher.LaunchServiceHandler.launch(LaunchServiceHandler.java:53) ~[modlauncher-10.0.9.jar%2355!/:?]
	at cpw.mods.modlauncher.LaunchServiceHandler.launch(LaunchServiceHandler.java:71) ~[modlauncher-10.0.9.jar%2355!/:?]
	at cpw.mods.modlauncher.Launcher.run(Launcher.java:108) ~[modlauncher-10.0.9.jar%2355!/:?]
	at cpw.mods.modlauncher.Launcher.main(Launcher.java:78) ~[modlauncher-10.0.9.jar%2355!/:?]
	at cpw.mods.modlauncher.BootstrapLaunchConsumer.accept(BootstrapLaunchConsumer.java:26) ~[modlauncher-10.0.9.jar%2355!/:?]
	at cpw.mods.modlauncher.BootstrapLaunchConsumer.accept(BootstrapLaunchConsumer.java:23) ~[modlauncher-10.0.9.jar%2355!/:?]
	at cpw.mods.bootstraplauncher.BootstrapLauncher.main(BootstrapLauncher.java:141) ~[bootstraplauncher-1.1.2.jar:?]
[11Apr2025 23:18:53.373] [main/ERROR] [net.minecraft.world.item.crafting.RecipeManager/]: Parsing error loading recipe useless_sword:chocolate_sword_recipe
com.google.gson.JsonSyntaxException: Unknown item 'create:bar_of_chocolate'
	at net.minecraft.world.item.crafting.ShapedRecipe.m_151280_(ShapedRecipe.java:292) ~[server-1.20.1-20230612.114412-srg.jar%23187!/:?]
	at java.util.Optional.orElseThrow(Optional.java:403) ~[?:?]
	at net.minecraft.world.item.crafting.ShapedRecipe.m_151278_(ShapedRecipe.java:291) ~[server-1.20.1-20230612.114412-srg.jar%23187!/:?]
	at net.minecraft.world.item.crafting.Ingredient.m_43919_(Ingredient.java:219) ~[server-1.20.1-20230612.114412-srg.jar%23187!/:?]
	at net.minecraftforge.common.crafting.VanillaIngredientSerializer.parse(VanillaIngredientSerializer.java:27) ~[forge-1.20.1-47.3.7-universal.jar%23192!/:?]
	at net.minecraftforge.common.crafting.CraftingHelper.getIngredient(CraftingHelper.java:148) ~[forge-1.20.1-47.3.7-universal.jar%23192!/:?]
	at net.minecraft.world.item.crafting.Ingredient.m_288218_(Ingredient.java:194) ~[server-1.20.1-20230612.114412-srg.jar%23187!/:?]
	at net.minecraft.world.item.crafting.ShapedRecipe.m_44210_(ShapedRecipe.java:278) ~[server-1.20.1-20230612.114412-srg.jar%23187!/:?]
	at net.minecraft.world.item.crafting.ShapedRecipe$Serializer.m_6729_(ShapedRecipe.java:306) ~[server-1.20.1-20230612.114412-srg.jar%23187!/:?]
	at net.minecraft.world.item.crafting.ShapedRecipe$Serializer.m_6729_(ShapedRecipe.java:301) ~[server-1.20.1-20230612.114412-srg.jar%23187!/:?]
	at net.minecraftforge.common.extensions.IForgeRecipeSerializer.fromJson(IForgeRecipeSerializer.java:23) ~[forge-1.20.1-47.3.7-universal.jar%23192!/:?]
	at net.minecraft.world.item.crafting.RecipeManager.fromJson(RecipeManager.java:171) ~[server-1.20.1-20230612.114412-srg.jar%23187!/:?]
	at net.minecraft.world.item.crafting.RecipeManager.m_5787_(RecipeManager.java:67) ~[server-1.20.1-20230612.114412-srg.jar%23187!/:?]
	at net.minecraft.world.item.crafting.RecipeManager.m_5787_(RecipeManager.java:34) ~[server-1.20.1-20230612.114412-srg.jar%23187!/:?]
	at net.minecraft.server.packs.resources.SimplePreparableReloadListener.m_10789_(SimplePreparableReloadListener.java:13) ~[server-1.20.1-20230612.114412-srg.jar%23187!/:?]
	at java.util.concurrent.CompletableFuture$UniAccept.tryFire(CompletableFuture.java:718) ~[?:?]
	at java.util.concurrent.CompletableFuture$Completion.run(CompletableFuture.java:482) ~[?:?]
	at net.minecraft.server.packs.resources.SimpleReloadInstance.m_143940_(SimpleReloadInstance.java:69) ~[server-1.20.1-20230612.114412-srg.jar%23187!/:?]
	at net.minecraft.Util.m_214652_(Util.java:783) ~[server-1.20.1-20230612.114412-srg.jar%23187!/:?]
	at net.minecraft.Util.m_214679_(Util.java:772) ~[server-1.20.1-20230612.114412-srg.jar%23187!/:?]
	at net.minecraft.server.Main.main(Main.java:166) ~[server-1.20.1-20230612.114412-srg.jar%23187!/:?]
	at jdk.internal.reflect.NativeMethodAccessorImpl.invoke0(Native Method) ~[?:?]
	at jdk.internal.reflect.NativeMethodAccessorImpl.invoke(NativeMethodAccessorImpl.java:77) ~[?:?]
	at jdk.internal.reflect.DelegatingMethodAccessorImpl.invoke(DelegatingMethodAccessorImpl.java:43) ~[?:?]
	at java.lang.reflect.Method.invoke(Method.java:569) ~[?:?]
	at net.minecraftforge.fml.loading.targets.CommonLaunchHandler.runTarget(CommonLaunchHandler.java:111) ~[fmlloader-1.20.1-47.3.7.jar%2369!/:?]
	at net.minecraftforge.fml.loading.targets.CommonLaunchHandler.serverService(CommonLaunchHandler.java:103) ~[fmlloader-1.20.1-47.3.7.jar%2369!/:?]
	at net.minecraftforge.fml.loading.targets.CommonServerLaunchHandler.lambda$makeService$0(CommonServerLaunchHandler.java:27) ~[fmlloader-1.20.1-47.3.7.jar%2369!/:?]
	at cpw.mods.modlauncher.LaunchServiceHandlerDecorator.launch(LaunchServiceHandlerDecorator.java:30) ~[modlauncher-10.0.9.jar%2355!/:?]
	at cpw.mods.modlauncher.LaunchServiceHandler.launch(LaunchServiceHandler.java:53) ~[modlauncher-10.0.9.jar%2355!/:?]
	at cpw.mods.modlauncher.LaunchServiceHandler.launch(LaunchServiceHandler.java:71) ~[modlauncher-10.0.9.jar%2355!/:?]
	at cpw.mods.modlauncher.Launcher.run(Launcher.java:108) ~[modlauncher-10.0.9.jar%2355!/:?]
	at cpw.mods.modlauncher.Launcher.main(Launcher.java:78) ~[modlauncher-10.0.9.jar%2355!/:?]
	at cpw.mods.modlauncher.BootstrapLaunchConsumer.accept(BootstrapLaunchConsumer.java:26) ~[modlauncher-10.0.9.jar%2355!/:?]
	at cpw.mods.modlauncher.BootstrapLaunchConsumer.accept(BootstrapLaunchConsumer.java:23) ~[modlauncher-10.0.9.jar%2355!/:?]
	at cpw.mods.bootstraplauncher.BootstrapLauncher.main(BootstrapLauncher.java:141) ~[bootstraplauncher-1.1.2.jar:?]
[11Apr2025 23:18:53.376] [main/ERROR] [net.minecraft.world.item.crafting.RecipeManager/]: Parsing error loading recipe useless_sword:rotten_fish_rapier_recipe
com.google.gson.JsonSyntaxException: Unknown item 'aquaculture:fish_bones'
	at net.minecraft.world.item.crafting.ShapedRecipe.m_151280_(ShapedRecipe.java:292) ~[server-1.20.1-20230612.114412-srg.jar%23187!/:?]
	at java.util.Optional.orElseThrow(Optional.java:403) ~[?:?]
	at net.minecraft.world.item.crafting.ShapedRecipe.m_151278_(ShapedRecipe.java:291) ~[server-1.20.1-20230612.114412-srg.jar%23187!/:?]
	at net.minecraft.world.item.crafting.Ingredient.m_43919_(Ingredient.java:219) ~[server-1.20.1-20230612.114412-srg.jar%23187!/:?]
	at net.minecraftforge.common.crafting.VanillaIngredientSerializer.parse(VanillaIngredientSerializer.java:27) ~[forge-1.20.1-47.3.7-universal.jar%23192!/:?]
	at net.minecraftforge.common.crafting.CraftingHelper.getIngredient(CraftingHelper.java:148) ~[forge-1.20.1-47.3.7-universal.jar%23192!/:?]
	at net.minecraft.world.item.crafting.Ingredient.m_288218_(Ingredient.java:194) ~[server-1.20.1-20230612.114412-srg.jar%23187!/:?]
	at net.minecraft.world.item.crafting.ShapedRecipe.m_44210_(ShapedRecipe.java:278) ~[server-1.20.1-20230612.114412-srg.jar%23187!/:?]
	at net.minecraft.world.item.crafting.ShapedRecipe$Serializer.m_6729_(ShapedRecipe.java:306) ~[server-1.20.1-20230612.114412-srg.jar%23187!/:?]
	at net.minecraft.world.item.crafting.ShapedRecipe$Serializer.m_6729_(ShapedRecipe.java:301) ~[server-1.20.1-20230612.114412-srg.jar%23187!/:?]
	at net.minecraftforge.common.extensions.IForgeRecipeSerializer.fromJson(IForgeRecipeSerializer.java:23) ~[forge-1.20.1-47.3.7-universal.jar%23192!/:?]
	at net.minecraft.world.item.crafting.RecipeManager.fromJson(RecipeManager.java:171) ~[server-1.20.1-20230612.114412-srg.jar%23187!/:?]
	at net.minecraft.world.item.crafting.RecipeManager.m_5787_(RecipeManager.java:67) ~[server-1.20.1-20230612.114412-srg.jar%23187!/:?]
	at net.minecraft.world.item.crafting.RecipeManager.m_5787_(RecipeManager.java:34) ~[server-1.20.1-20230612.114412-srg.jar%23187!/:?]
	at net.minecraft.server.packs.resources.SimplePreparableReloadListener.m_10789_(SimplePreparableReloadListener.java:13) ~[server-1.20.1-20230612.114412-srg.jar%23187!/:?]
	at java.util.concurrent.CompletableFuture$UniAccept.tryFire(CompletableFuture.java:718) ~[?:?]
	at java.util.concurrent.CompletableFuture$Completion.run(CompletableFuture.java:482) ~[?:?]
	at net.minecraft.server.packs.resources.SimpleReloadInstance.m_143940_(SimpleReloadInstance.java:69) ~[server-1.20.1-20230612.114412-srg.jar%23187!/:?]
	at net.minecraft.Util.m_214652_(Util.java:783) ~[server-1.20.1-20230612.114412-srg.jar%23187!/:?]
	at net.minecraft.Util.m_214679_(Util.java:772) ~[server-1.20.1-20230612.114412-srg.jar%23187!/:?]
	at net.minecraft.server.Main.main(Main.java:166) ~[server-1.20.1-20230612.114412-srg.jar%23187!/:?]
	at jdk.internal.reflect.NativeMethodAccessorImpl.invoke0(Native Method) ~[?:?]
	at jdk.internal.reflect.NativeMethodAccessorImpl.invoke(NativeMethodAccessorImpl.java:77) ~[?:?]
	at jdk.internal.reflect.DelegatingMethodAccessorImpl.invoke(DelegatingMethodAccessorImpl.java:43) ~[?:?]
	at java.lang.reflect.Method.invoke(Method.java:569) ~[?:?]
	at net.minecraftforge.fml.loading.targets.CommonLaunchHandler.runTarget(CommonLaunchHandler.java:111) ~[fmlloader-1.20.1-47.3.7.jar%2369!/:?]
	at net.minecraftforge.fml.loading.targets.CommonLaunchHandler.serverService(CommonLaunchHandler.java:103) ~[fmlloader-1.20.1-47.3.7.jar%2369!/:?]
	at net.minecraftforge.fml.loading.targets.CommonServerLaunchHandler.lambda$makeService$0(CommonServerLaunchHandler.java:27) ~[fmlloader-1.20.1-47.3.7.jar%2369!/:?]
	at cpw.mods.modlauncher.LaunchServiceHandlerDecorator.launch(LaunchServiceHandlerDecorator.java:30) ~[modlauncher-10.0.9.jar%2355!/:?]
	at cpw.mods.modlauncher.LaunchServiceHandler.launch(LaunchServiceHandler.java:53) ~[modlauncher-10.0.9.jar%2355!/:?]
	at cpw.mods.modlauncher.LaunchServiceHandler.launch(LaunchServiceHandler.java:71) ~[modlauncher-10.0.9.jar%2355!/:?]
	at cpw.mods.modlauncher.Launcher.run(Launcher.java:108) ~[modlauncher-10.0.9.jar%2355!/:?]
	at cpw.mods.modlauncher.Launcher.main(Launcher.java:78) ~[modlauncher-10.0.9.jar%2355!/:?]
	at cpw.mods.modlauncher.BootstrapLaunchConsumer.accept(BootstrapLaunchConsumer.java:26) ~[modlauncher-10.0.9.jar%2355!/:?]
	at cpw.mods.modlauncher.BootstrapLaunchConsumer.accept(BootstrapLaunchConsumer.java:23) ~[modlauncher-10.0.9.jar%2355!/:?]
	at cpw.mods.bootstraplauncher.BootstrapLauncher.main(BootstrapLauncher.java:141) ~[bootstraplauncher-1.1.2.jar:?]
[11Apr2025 23:18:53.381] [main/ERROR] [net.minecraft.world.item.crafting.RecipeManager/]: Parsing error loading recipe useless_sword:pesting_rapier_recipe
com.google.gson.JsonSyntaxException: Unknown item 'twilightforest:firefly'
	at net.minecraft.world.item.crafting.ShapedRecipe.m_151280_(ShapedRecipe.java:292) ~[server-1.20.1-20230612.114412-srg.jar%23187!/:?]
	at java.util.Optional.orElseThrow(Optional.java:403) ~[?:?]
	at net.minecraft.world.item.crafting.ShapedRecipe.m_151278_(ShapedRecipe.java:291) ~[server-1.20.1-20230612.114412-srg.jar%23187!/:?]
	at net.minecraft.world.item.crafting.Ingredient.m_43919_(Ingredient.java:219) ~[server-1.20.1-20230612.114412-srg.jar%23187!/:?]
	at net.minecraftforge.common.crafting.VanillaIngredientSerializer.parse(VanillaIngredientSerializer.java:27) ~[forge-1.20.1-47.3.7-universal.jar%23192!/:?]
	at net.minecraftforge.common.crafting.CraftingHelper.getIngredient(CraftingHelper.java:148) ~[forge-1.20.1-47.3.7-universal.jar%23192!/:?]
	at net.minecraft.world.item.crafting.Ingredient.m_288218_(Ingredient.java:194) ~[server-1.20.1-20230612.114412-srg.jar%23187!/:?]
	at net.minecraft.world.item.crafting.ShapedRecipe.m_44210_(ShapedRecipe.java:278) ~[server-1.20.1-20230612.114412-srg.jar%23187!/:?]
	at net.minecraft.world.item.crafting.ShapedRecipe$Serializer.m_6729_(ShapedRecipe.java:306) ~[server-1.20.1-20230612.114412-srg.jar%23187!/:?]
	at net.minecraft.world.item.crafting.ShapedRecipe$Serializer.m_6729_(ShapedRecipe.java:301) ~[server-1.20.1-20230612.114412-srg.jar%23187!/:?]
	at net.minecraftforge.common.extensions.IForgeRecipeSerializer.fromJson(IForgeRecipeSerializer.java:23) ~[forge-1.20.1-47.3.7-universal.jar%23192!/:?]
	at net.minecraft.world.item.crafting.RecipeManager.fromJson(RecipeManager.java:171) ~[server-1.20.1-20230612.114412-srg.jar%23187!/:?]
	at net.minecraft.world.item.crafting.RecipeManager.m_5787_(RecipeManager.java:67) ~[server-1.20.1-20230612.114412-srg.jar%23187!/:?]
	at net.minecraft.world.item.crafting.RecipeManager.m_5787_(RecipeManager.java:34) ~[server-1.20.1-20230612.114412-srg.jar%23187!/:?]
	at net.minecraft.server.packs.resources.SimplePreparableReloadListener.m_10789_(SimplePreparableReloadListener.java:13) ~[server-1.20.1-20230612.114412-srg.jar%23187!/:?]
	at java.util.concurrent.CompletableFuture$UniAccept.tryFire(CompletableFuture.java:718) ~[?:?]
	at java.util.concurrent.CompletableFuture$Completion.run(CompletableFuture.java:482) ~[?:?]
	at net.minecraft.server.packs.resources.SimpleReloadInstance.m_143940_(SimpleReloadInstance.java:69) ~[server-1.20.1-20230612.114412-srg.jar%23187!/:?]
	at net.minecraft.Util.m_214652_(Util.java:783) ~[server-1.20.1-20230612.114412-srg.jar%23187!/:?]
	at net.minecraft.Util.m_214679_(Util.java:772) ~[server-1.20.1-20230612.114412-srg.jar%23187!/:?]
	at net.minecraft.server.Main.main(Main.java:166) ~[server-1.20.1-20230612.114412-srg.jar%23187!/:?]
	at jdk.internal.reflect.NativeMethodAccessorImpl.invoke0(Native Method) ~[?:?]
	at jdk.internal.reflect.NativeMethodAccessorImpl.invoke(NativeMethodAccessorImpl.java:77) ~[?:?]
	at jdk.internal.reflect.DelegatingMethodAccessorImpl.invoke(DelegatingMethodAccessorImpl.java:43) ~[?:?]
	at java.lang.reflect.Method.invoke(Method.java:569) ~[?:?]
	at net.minecraftforge.fml.loading.targets.CommonLaunchHandler.runTarget(CommonLaunchHandler.java:111) ~[fmlloader-1.20.1-47.3.7.jar%2369!/:?]
	at net.minecraftforge.fml.loading.targets.CommonLaunchHandler.serverService(CommonLaunchHandler.java:103) ~[fmlloader-1.20.1-47.3.7.jar%2369!/:?]
	at net.minecraftforge.fml.loading.targets.CommonServerLaunchHandler.lambda$makeService$0(CommonServerLaunchHandler.java:27) ~[fmlloader-1.20.1-47.3.7.jar%2369!/:?]
	at cpw.mods.modlauncher.LaunchServiceHandlerDecorator.launch(LaunchServiceHandlerDecorator.java:30) ~[modlauncher-10.0.9.jar%2355!/:?]
	at cpw.mods.modlauncher.LaunchServiceHandler.launch(LaunchServiceHandler.java:53) ~[modlauncher-10.0.9.jar%2355!/:?]
	at cpw.mods.modlauncher.LaunchServiceHandler.launch(LaunchServiceHandler.java:71) ~[modlauncher-10.0.9.jar%2355!/:?]
	at cpw.mods.modlauncher.Launcher.run(Launcher.java:108) ~[modlauncher-10.0.9.jar%2355!/:?]
	at cpw.mods.modlauncher.Launcher.main(Launcher.java:78) ~[modlauncher-10.0.9.jar%2355!/:?]
	at cpw.mods.modlauncher.BootstrapLaunchConsumer.accept(BootstrapLaunchConsumer.java:26) ~[modlauncher-10.0.9.jar%2355!/:?]
	at cpw.mods.modlauncher.BootstrapLaunchConsumer.accept(BootstrapLaunchConsumer.java:23) ~[modlauncher-10.0.9.jar%2355!/:?]
	at cpw.mods.bootstraplauncher.BootstrapLauncher.main(BootstrapLauncher.java:141) ~[bootstraplauncher-1.1.2.jar:?]
[11Apr2025 23:18:53.389] [main/ERROR] [net.minecraft.world.item.crafting.RecipeManager/]: Parsing error loading recipe useless_sword:hemolymph_broadsword_recipe
com.google.gson.JsonSyntaxException: Unknown item 'alexsmobs:hemolymph_sac'
	at net.minecraft.world.item.crafting.ShapedRecipe.m_151280_(ShapedRecipe.java:292) ~[server-1.20.1-20230612.114412-srg.jar%23187!/:?]
	at java.util.Optional.orElseThrow(Optional.java:403) ~[?:?]
	at net.minecraft.world.item.crafting.ShapedRecipe.m_151278_(ShapedRecipe.java:291) ~[server-1.20.1-20230612.114412-srg.jar%23187!/:?]
	at net.minecraft.world.item.crafting.Ingredient.m_43919_(Ingredient.java:219) ~[server-1.20.1-20230612.114412-srg.jar%23187!/:?]
	at net.minecraftforge.common.crafting.VanillaIngredientSerializer.parse(VanillaIngredientSerializer.java:27) ~[forge-1.20.1-47.3.7-universal.jar%23192!/:?]
	at net.minecraftforge.common.crafting.CraftingHelper.getIngredient(CraftingHelper.java:148) ~[forge-1.20.1-47.3.7-universal.jar%23192!/:?]
	at net.minecraft.world.item.crafting.Ingredient.m_288218_(Ingredient.java:194) ~[server-1.20.1-20230612.114412-srg.jar%23187!/:?]
	at net.minecraft.world.item.crafting.ShapedRecipe.m_44210_(ShapedRecipe.java:278) ~[server-1.20.1-20230612.114412-srg.jar%23187!/:?]
	at net.minecraft.world.item.crafting.ShapedRecipe$Serializer.m_6729_(ShapedRecipe.java:306) ~[server-1.20.1-20230612.114412-srg.jar%23187!/:?]
	at net.minecraft.world.item.crafting.ShapedRecipe$Serializer.m_6729_(ShapedRecipe.java:301) ~[server-1.20.1-20230612.114412-srg.jar%23187!/:?]
	at net.minecraftforge.common.extensions.IForgeRecipeSerializer.fromJson(IForgeRecipeSerializer.java:23) ~[forge-1.20.1-47.3.7-universal.jar%23192!/:?]
	at net.minecraft.world.item.crafting.RecipeManager.fromJson(RecipeManager.java:171) ~[server-1.20.1-20230612.114412-srg.jar%23187!/:?]
	at net.minecraft.world.item.crafting.RecipeManager.m_5787_(RecipeManager.java:67) ~[server-1.20.1-20230612.114412-srg.jar%23187!/:?]
	at net.minecraft.world.item.crafting.RecipeManager.m_5787_(RecipeManager.java:34) ~[server-1.20.1-20230612.114412-srg.jar%23187!/:?]
	at net.minecraft.server.packs.resources.SimplePreparableReloadListener.m_10789_(SimplePreparableReloadListener.java:13) ~[server-1.20.1-20230612.114412-srg.jar%23187!/:?]
	at java.util.concurrent.CompletableFuture$UniAccept.tryFire(CompletableFuture.java:718) ~[?:?]
	at java.util.concurrent.CompletableFuture$Completion.run(CompletableFuture.java:482) ~[?:?]
	at net.minecraft.server.packs.resources.SimpleReloadInstance.m_143940_(SimpleReloadInstance.java:69) ~[server-1.20.1-20230612.114412-srg.jar%23187!/:?]
	at net.minecraft.Util.m_214652_(Util.java:783) ~[server-1.20.1-20230612.114412-srg.jar%23187!/:?]
	at net.minecraft.Util.m_214679_(Util.java:772) ~[server-1.20.1-20230612.114412-srg.jar%23187!/:?]
	at net.minecraft.server.Main.main(Main.java:166) ~[server-1.20.1-20230612.114412-srg.jar%23187!/:?]
	at jdk.internal.reflect.NativeMethodAccessorImpl.invoke0(Native Method) ~[?:?]
	at jdk.internal.reflect.NativeMethodAccessorImpl.invoke(NativeMethodAccessorImpl.java:77) ~[?:?]
	at jdk.internal.reflect.DelegatingMethodAccessorImpl.invoke(DelegatingMethodAccessorImpl.java:43) ~[?:?]
	at java.lang.reflect.Method.invoke(Method.java:569) ~[?:?]
	at net.minecraftforge.fml.loading.targets.CommonLaunchHandler.runTarget(CommonLaunchHandler.java:111) ~[fmlloader-1.20.1-47.3.7.jar%2369!/:?]
	at net.minecraftforge.fml.loading.targets.CommonLaunchHandler.serverService(CommonLaunchHandler.java:103) ~[fmlloader-1.20.1-47.3.7.jar%2369!/:?]
	at net.minecraftforge.fml.loading.targets.CommonServerLaunchHandler.lambda$makeService$0(CommonServerLaunchHandler.java:27) ~[fmlloader-1.20.1-47.3.7.jar%2369!/:?]
	at cpw.mods.modlauncher.LaunchServiceHandlerDecorator.launch(LaunchServiceHandlerDecorator.java:30) ~[modlauncher-10.0.9.jar%2355!/:?]
	at cpw.mods.modlauncher.LaunchServiceHandler.launch(LaunchServiceHandler.java:53) ~[modlauncher-10.0.9.jar%2355!/:?]
	at cpw.mods.modlauncher.LaunchServiceHandler.launch(LaunchServiceHandler.java:71) ~[modlauncher-10.0.9.jar%2355!/:?]
	at cpw.mods.modlauncher.Launcher.run(Launcher.java:108) ~[modlauncher-10.0.9.jar%2355!/:?]
	at cpw.mods.modlauncher.Launcher.main(Launcher.java:78) ~[modlauncher-10.0.9.jar%2355!/:?]
	at cpw.mods.modlauncher.BootstrapLaunchConsumer.accept(BootstrapLaunchConsumer.java:26) ~[modlauncher-10.0.9.jar%2355!/:?]
	at cpw.mods.modlauncher.BootstrapLaunchConsumer.accept(BootstrapLaunchConsumer.java:23) ~[modlauncher-10.0.9.jar%2355!/:?]
	at cpw.mods.bootstraplauncher.BootstrapLauncher.main(BootstrapLauncher.java:141) ~[bootstraplauncher-1.1.2.jar:?]
[11Apr2025 23:18:53.391] [main/ERROR] [net.minecraft.world.item.crafting.RecipeManager/]: Parsing error loading recipe useless_sword:ravager_sword_craft_2
com.google.gson.JsonSyntaxException: Unknown item 'quark:ravager_hide'
	at net.minecraft.world.item.crafting.ShapedRecipe.m_151280_(ShapedRecipe.java:292) ~[server-1.20.1-20230612.114412-srg.jar%23187!/:?]
	at java.util.Optional.orElseThrow(Optional.java:403) ~[?:?]
	at net.minecraft.world.item.crafting.ShapedRecipe.m_151278_(ShapedRecipe.java:291) ~[server-1.20.1-20230612.114412-srg.jar%23187!/:?]
	at net.minecraft.world.item.crafting.Ingredient.m_43919_(Ingredient.java:219) ~[server-1.20.1-20230612.114412-srg.jar%23187!/:?]
	at net.minecraftforge.common.crafting.VanillaIngredientSerializer.parse(VanillaIngredientSerializer.java:27) ~[forge-1.20.1-47.3.7-universal.jar%23192!/:?]
	at net.minecraftforge.common.crafting.CraftingHelper.getIngredient(CraftingHelper.java:148) ~[forge-1.20.1-47.3.7-universal.jar%23192!/:?]
	at net.minecraft.world.item.crafting.Ingredient.m_288218_(Ingredient.java:194) ~[server-1.20.1-20230612.114412-srg.jar%23187!/:?]
	at net.minecraft.world.item.crafting.ShapedRecipe.m_44210_(ShapedRecipe.java:278) ~[server-1.20.1-20230612.114412-srg.jar%23187!/:?]
	at net.minecraft.world.item.crafting.ShapedRecipe$Serializer.m_6729_(ShapedRecipe.java:306) ~[server-1.20.1-20230612.114412-srg.jar%23187!/:?]
	at net.minecraft.world.item.crafting.ShapedRecipe$Serializer.m_6729_(ShapedRecipe.java:301) ~[server-1.20.1-20230612.114412-srg.jar%23187!/:?]
	at net.minecraftforge.common.extensions.IForgeRecipeSerializer.fromJson(IForgeRecipeSerializer.java:23) ~[forge-1.20.1-47.3.7-universal.jar%23192!/:?]
	at net.minecraft.world.item.crafting.RecipeManager.fromJson(RecipeManager.java:171) ~[server-1.20.1-20230612.114412-srg.jar%23187!/:?]
	at net.minecraft.world.item.crafting.RecipeManager.m_5787_(RecipeManager.java:67) ~[server-1.20.1-20230612.114412-srg.jar%23187!/:?]
	at net.minecraft.world.item.crafting.RecipeManager.m_5787_(RecipeManager.java:34) ~[server-1.20.1-20230612.114412-srg.jar%23187!/:?]
	at net.minecraft.server.packs.resources.SimplePreparableReloadListener.m_10789_(SimplePreparableReloadListener.java:13) ~[server-1.20.1-20230612.114412-srg.jar%23187!/:?]
	at java.util.concurrent.CompletableFuture$UniAccept.tryFire(CompletableFuture.java:718) ~[?:?]
	at java.util.concurrent.CompletableFuture$Completion.run(CompletableFuture.java:482) ~[?:?]
	at net.minecraft.server.packs.resources.SimpleReloadInstance.m_143940_(SimpleReloadInstance.java:69) ~[server-1.20.1-20230612.114412-srg.jar%23187!/:?]
	at net.minecraft.Util.m_214652_(Util.java:783) ~[server-1.20.1-20230612.114412-srg.jar%23187!/:?]
	at net.minecraft.Util.m_214679_(Util.java:772) ~[server-1.20.1-20230612.114412-srg.jar%23187!/:?]
	at net.minecraft.server.Main.main(Main.java:166) ~[server-1.20.1-20230612.114412-srg.jar%23187!/:?]
	at jdk.internal.reflect.NativeMethodAccessorImpl.invoke0(Native Method) ~[?:?]
	at jdk.internal.reflect.NativeMethodAccessorImpl.invoke(NativeMethodAccessorImpl.java:77) ~[?:?]
	at jdk.internal.reflect.DelegatingMethodAccessorImpl.invoke(DelegatingMethodAccessorImpl.java:43) ~[?:?]
	at java.lang.reflect.Method.invoke(Method.java:569) ~[?:?]
	at net.minecraftforge.fml.loading.targets.CommonLaunchHandler.runTarget(CommonLaunchHandler.java:111) ~[fmlloader-1.20.1-47.3.7.jar%2369!/:?]
	at net.minecraftforge.fml.loading.targets.CommonLaunchHandler.serverService(CommonLaunchHandler.java:103) ~[fmlloader-1.20.1-47.3.7.jar%2369!/:?]
	at net.minecraftforge.fml.loading.targets.CommonServerLaunchHandler.lambda$makeService$0(CommonServerLaunchHandler.java:27) ~[fmlloader-1.20.1-47.3.7.jar%2369!/:?]
	at cpw.mods.modlauncher.LaunchServiceHandlerDecorator.launch(LaunchServiceHandlerDecorator.java:30) ~[modlauncher-10.0.9.jar%2355!/:?]
	at cpw.mods.modlauncher.LaunchServiceHandler.launch(LaunchServiceHandler.java:53) ~[modlauncher-10.0.9.jar%2355!/:?]
	at cpw.mods.modlauncher.LaunchServiceHandler.launch(LaunchServiceHandler.java:71) ~[modlauncher-10.0.9.jar%2355!/:?]
	at cpw.mods.modlauncher.Launcher.run(Launcher.java:108) ~[modlauncher-10.0.9.jar%2355!/:?]
	at cpw.mods.modlauncher.Launcher.main(Launcher.java:78) ~[modlauncher-10.0.9.jar%2355!/:?]
	at cpw.mods.modlauncher.BootstrapLaunchConsumer.accept(BootstrapLaunchConsumer.java:26) ~[modlauncher-10.0.9.jar%2355!/:?]
	at cpw.mods.modlauncher.BootstrapLaunchConsumer.accept(BootstrapLaunchConsumer.java:23) ~[modlauncher-10.0.9.jar%2355!/:?]
	at cpw.mods.bootstraplauncher.BootstrapLauncher.main(BootstrapLauncher.java:141) ~[bootstraplauncher-1.1.2.jar:?]
[11Apr2025 23:18:53.404] [main/ERROR] [net.minecraft.world.item.crafting.RecipeManager/]: Parsing error loading recipe useless_sword:brass_head_turner_recipe
com.google.gson.JsonSyntaxException: Unknown item 'create:turntable'
	at net.minecraft.world.item.crafting.ShapedRecipe.m_151280_(ShapedRecipe.java:292) ~[server-1.20.1-20230612.114412-srg.jar%23187!/:?]
	at java.util.Optional.orElseThrow(Optional.java:403) ~[?:?]
	at net.minecraft.world.item.crafting.ShapedRecipe.m_151278_(ShapedRecipe.java:291) ~[server-1.20.1-20230612.114412-srg.jar%23187!/:?]
	at net.minecraft.world.item.crafting.Ingredient.m_43919_(Ingredient.java:219) ~[server-1.20.1-20230612.114412-srg.jar%23187!/:?]
	at net.minecraftforge.common.crafting.VanillaIngredientSerializer.parse(VanillaIngredientSerializer.java:27) ~[forge-1.20.1-47.3.7-universal.jar%23192!/:?]
	at net.minecraftforge.common.crafting.CraftingHelper.getIngredient(CraftingHelper.java:148) ~[forge-1.20.1-47.3.7-universal.jar%23192!/:?]
	at net.minecraft.world.item.crafting.Ingredient.m_288218_(Ingredient.java:194) ~[server-1.20.1-20230612.114412-srg.jar%23187!/:?]
	at net.minecraft.world.item.crafting.ShapedRecipe.m_44210_(ShapedRecipe.java:278) ~[server-1.20.1-20230612.114412-srg.jar%23187!/:?]
	at net.minecraft.world.item.crafting.ShapedRecipe$Serializer.m_6729_(ShapedRecipe.java:306) ~[server-1.20.1-20230612.114412-srg.jar%23187!/:?]
	at net.minecraft.world.item.crafting.ShapedRecipe$Serializer.m_6729_(ShapedRecipe.java:301) ~[server-1.20.1-20230612.114412-srg.jar%23187!/:?]
	at net.minecraftforge.common.extensions.IForgeRecipeSerializer.fromJson(IForgeRecipeSerializer.java:23) ~[forge-1.20.1-47.3.7-universal.jar%23192!/:?]
	at net.minecraft.world.item.crafting.RecipeManager.fromJson(RecipeManager.java:171) ~[server-1.20.1-20230612.114412-srg.jar%23187!/:?]
	at net.minecraft.world.item.crafting.RecipeManager.m_5787_(RecipeManager.java:67) ~[server-1.20.1-20230612.114412-srg.jar%23187!/:?]
	at net.minecraft.world.item.crafting.RecipeManager.m_5787_(RecipeManager.java:34) ~[server-1.20.1-20230612.114412-srg.jar%23187!/:?]
	at net.minecraft.server.packs.resources.SimplePreparableReloadListener.m_10789_(SimplePreparableReloadListener.java:13) ~[server-1.20.1-20230612.114412-srg.jar%23187!/:?]
	at java.util.concurrent.CompletableFuture$UniAccept.tryFire(CompletableFuture.java:718) ~[?:?]
	at java.util.concurrent.CompletableFuture$Completion.run(CompletableFuture.java:482) ~[?:?]
	at net.minecraft.server.packs.resources.SimpleReloadInstance.m_143940_(SimpleReloadInstance.java:69) ~[server-1.20.1-20230612.114412-srg.jar%23187!/:?]
	at net.minecraft.Util.m_214652_(Util.java:783) ~[server-1.20.1-20230612.114412-srg.jar%23187!/:?]
	at net.minecraft.Util.m_214679_(Util.java:772) ~[server-1.20.1-20230612.114412-srg.jar%23187!/:?]
	at net.minecraft.server.Main.main(Main.java:166) ~[server-1.20.1-20230612.114412-srg.jar%23187!/:?]
	at jdk.internal.reflect.NativeMethodAccessorImpl.invoke0(Native Method) ~[?:?]
	at jdk.internal.reflect.NativeMethodAccessorImpl.invoke(NativeMethodAccessorImpl.java:77) ~[?:?]
	at jdk.internal.reflect.DelegatingMethodAccessorImpl.invoke(DelegatingMethodAccessorImpl.java:43) ~[?:?]
	at java.lang.reflect.Method.invoke(Method.java:569) ~[?:?]
	at net.minecraftforge.fml.loading.targets.CommonLaunchHandler.runTarget(CommonLaunchHandler.java:111) ~[fmlloader-1.20.1-47.3.7.jar%2369!/:?]
	at net.minecraftforge.fml.loading.targets.CommonLaunchHandler.serverService(CommonLaunchHandler.java:103) ~[fmlloader-1.20.1-47.3.7.jar%2369!/:?]
	at net.minecraftforge.fml.loading.targets.CommonServerLaunchHandler.lambda$makeService$0(CommonServerLaunchHandler.java:27) ~[fmlloader-1.20.1-47.3.7.jar%2369!/:?]
	at cpw.mods.modlauncher.LaunchServiceHandlerDecorator.launch(LaunchServiceHandlerDecorator.java:30) ~[modlauncher-10.0.9.jar%2355!/:?]
	at cpw.mods.modlauncher.LaunchServiceHandler.launch(LaunchServiceHandler.java:53) ~[modlauncher-10.0.9.jar%2355!/:?]
	at cpw.mods.modlauncher.LaunchServiceHandler.launch(LaunchServiceHandler.java:71) ~[modlauncher-10.0.9.jar%2355!/:?]
	at cpw.mods.modlauncher.Launcher.run(Launcher.java:108) ~[modlauncher-10.0.9.jar%2355!/:?]
	at cpw.mods.modlauncher.Launcher.main(Launcher.java:78) ~[modlauncher-10.0.9.jar%2355!/:?]
	at cpw.mods.modlauncher.BootstrapLaunchConsumer.accept(BootstrapLaunchConsumer.java:26) ~[modlauncher-10.0.9.jar%2355!/:?]
	at cpw.mods.modlauncher.BootstrapLaunchConsumer.accept(BootstrapLaunchConsumer.java:23) ~[modlauncher-10.0.9.jar%2355!/:?]
	at cpw.mods.bootstraplauncher.BootstrapLauncher.main(BootstrapLauncher.java:141) ~[bootstraplauncher-1.1.2.jar:?]
[11Apr2025 23:18:53.408] [main/INFO] [net.minecraft.world.item.crafting.RecipeManager/]: Loaded 17 recipes
[11Apr2025 23:18:53.607] [main/INFO] [net.minecraft.advancements.AdvancementList/]: Loaded 3330 advancements
[11Apr2025 23:18:53.616] [main/INFO] [placebo/]: Registered 26 additional recipes.
[11Apr2025 23:18:53.617] [main/DEBUG] [sophisticatedbackpacks/]: Started loading registry data from sophisticatedbackpacks:compat/woot/block_tools 
[11Apr2025 23:18:53.617] [main/DEBUG] [sophisticatedbackpacks/]: Started loading registry data from sophisticatedbackpacks:compat/fluxnetworks/block_tools 
[11Apr2025 23:18:53.617] [main/DEBUG] [sophisticatedbackpacks/]: Started loading registry data from sophisticatedbackpacks:compat/mob_grinding_utils/entity_tools 
[11Apr2025 23:18:53.617] [main/DEBUG] [sophisticatedbackpacks/]: Started loading registry data from sophisticatedbackpacks:compat/astralsorcery/block_tools 
[11Apr2025 23:18:53.617] [main/DEBUG] [sophisticatedbackpacks/]: Started loading registry data from sophisticatedbackpacks:compat/immersivepetroleum/block_tools 
[11Apr2025 23:18:53.617] [main/DEBUG] [sophisticatedbackpacks/]: Started loading registry data from sophisticatedbackpacks:compat/immersiveengineering/block_tools 
[11Apr2025 23:18:53.617] [main/DEBUG] [sophisticatedbackpacks/]: Started loading registry data from sophisticatedbackpacks:compat/pedestals/block_tools 
[11Apr2025 23:18:53.617] [main/DEBUG] [sophisticatedbackpacks/]: Started loading registry data from sophisticatedbackpacks:compat/platforms/block_tools 
[11Apr2025 23:18:53.617] [main/DEBUG] [sophisticatedbackpacks/]: Started loading registry data from sophisticatedbackpacks:compat/rftoolsutility/entity_tools 
[11Apr2025 23:18:53.617] [main/DEBUG] [sophisticatedbackpacks/]: Started loading registry data from sophisticatedbackpacks:compat/compactmachines/block_tools 
[11Apr2025 23:18:53.617] [main/DEBUG] [sophisticatedbackpacks/]: Started loading registry data from sophisticatedbackpacks:compat/mcwwindows/block_tools 
[11Apr2025 23:18:53.617] [main/DEBUG] [sophisticatedbackpacks/]: Started loading registry data from sophisticatedbackpacks:compat/integrateddynamics/block_tools 
[11Apr2025 23:18:53.617] [main/DEBUG] [sophisticatedbackpacks/]: Started loading registry data from sophisticatedbackpacks:entity_tools 
[11Apr2025 23:18:53.619] [main/DEBUG] [sophisticatedbackpacks/]: Finished loading registry data for sophisticatedbackpacks:entity_tools
[11Apr2025 23:18:53.619] [main/DEBUG] [sophisticatedbackpacks/]: Started loading registry data from sophisticatedbackpacks:compat/mekanism/block_tools 
[11Apr2025 23:18:53.619] [main/DEBUG] [sophisticatedbackpacks/]: Started loading registry data from sophisticatedbackpacks:compat/powah/block_tools 
[11Apr2025 23:18:53.619] [main/DEBUG] [sophisticatedbackpacks/]: Started loading registry data from sophisticatedbackpacks:compat/apotheosis/entity_tools 
[11Apr2025 23:18:53.620] [main/DEBUG] [sophisticatedbackpacks/]: apotheosis:farmers_leash isn't loaded in item registry, skipping ...
[11Apr2025 23:18:53.620] [main/DEBUG] [sophisticatedbackpacks/]: Finished loading registry data for sophisticatedbackpacks:compat/apotheosis/entity_tools
[11Apr2025 23:18:53.620] [main/DEBUG] [sophisticatedbackpacks/]: Started loading registry data from sophisticatedbackpacks:compat/bloodmagic/block_tools 
[11Apr2025 23:18:53.620] [main/DEBUG] [sophisticatedbackpacks/]: Started loading registry data from sophisticatedbackpacks:compat/immersiveposts/block_tools 
[11Apr2025 23:18:53.620] [main/DEBUG] [sophisticatedbackpacks/]: Started loading registry data from sophisticatedbackpacks:compat/rats/entity_tools 
[11Apr2025 23:18:53.620] [main/DEBUG] [sophisticatedbackpacks/]: Started loading registry data from sophisticatedbackpacks:compat/framedcompactdrawers/block_tools 
[11Apr2025 23:18:53.620] [main/DEBUG] [sophisticatedbackpacks/]: Started loading registry data from sophisticatedbackpacks:compat/iceandfire/entity_tools 
[11Apr2025 23:18:53.620] [main/DEBUG] [sophisticatedbackpacks/]: Finished loading registry data for sophisticatedbackpacks:compat/iceandfire/entity_tools
[11Apr2025 23:18:53.620] [main/DEBUG] [sophisticatedbackpacks/]: Started loading registry data from sophisticatedbackpacks:compat/storagedrawers/block_tools 
[11Apr2025 23:18:53.620] [main/DEBUG] [sophisticatedbackpacks/]: Started loading registry data from sophisticatedbackpacks:compat/mcwroofs/block_tools 
[11Apr2025 23:18:53.620] [main/DEBUG] [sophisticatedbackpacks/]: Started loading registry data from sophisticatedbackpacks:compat/morphtool/block_tools 
[11Apr2025 23:18:53.620] [main/DEBUG] [sophisticatedbackpacks/]: Started loading registry data from sophisticatedbackpacks:compat/botania/block_tools 
[11Apr2025 23:18:53.620] [main/DEBUG] [sophisticatedbackpacks/]: Started loading registry data from sophisticatedbackpacks:compat/pneumaticraft/block_tools 
[11Apr2025 23:18:53.620] [main/DEBUG] [sophisticatedbackpacks/]: Started loading registry data from sophisticatedbackpacks:compat/shrink/entity_tools 
[11Apr2025 23:18:53.620] [main/DEBUG] [sophisticatedbackpacks/]: Started loading registry data from sophisticatedbackpacks:compat/blockcarpentry/block_tools 
[11Apr2025 23:18:53.620] [main/DEBUG] [sophisticatedbackpacks/]: Started loading registry data from sophisticatedbackpacks:compat/pipez/block_tools 
[11Apr2025 23:18:53.620] [main/DEBUG] [sophisticatedbackpacks/]: Started loading registry data from sophisticatedbackpacks:compat/transport/block_tools 
[11Apr2025 23:18:53.620] [main/DEBUG] [sophisticatedbackpacks/]: Started loading registry data from sophisticatedbackpacks:compat/thermal/block_tools 
[11Apr2025 23:18:53.620] [main/DEBUG] [sophisticatedbackpacks/]: Started loading registry data from sophisticatedbackpacks:block_tools 
[11Apr2025 23:18:53.620] [main/DEBUG] [sophisticatedbackpacks/]: Finished loading registry data for sophisticatedbackpacks:block_tools
[11Apr2025 23:18:53.620] [main/DEBUG] [sophisticatedbackpacks/]: Started loading registry data from sophisticatedbackpacks:compat/create/block_tools 
[11Apr2025 23:18:53.620] [main/DEBUG] [sophisticatedbackpacks/]: Started loading registry data from sophisticatedbackpacks:compat/farmersdelight/entity_tools 
[11Apr2025 23:18:53.620] [main/DEBUG] [sophisticatedbackpacks/]: Started loading registry data from sophisticatedbackpacks:compat/refinedstorage/block_tools 
[11Apr2025 23:18:53.620] [main/DEBUG] [sophisticatedbackpacks/]: Started loading registry data from sophisticatedbackpacks:compat/chiselsandbits/block_tools 
[11Apr2025 23:18:53.621] [main/DEBUG] [sophisticatedbackpacks/]: Started loading registry data from sophisticatedbackpacks:compat/farmersdelight/block_tools 
[11Apr2025 23:18:53.621] [main/DEBUG] [sophisticatedbackpacks/]: Started loading registry data from sophisticatedbackpacks:compat/resourcefulbees/entity_tools 
[11Apr2025 23:18:53.621] [main/DEBUG] [sophisticatedbackpacks/]: Started loading registry data from sophisticatedbackpacks:compat/tetra/swords 
[11Apr2025 23:18:53.621] [main/DEBUG] [sophisticatedbackpacks/]: Started loading registry data from sophisticatedbackpacks:swords 
[11Apr2025 23:18:53.621] [main/DEBUG] [sophisticatedbackpacks/]: Finished loading registry data for sophisticatedbackpacks:swords
[11Apr2025 23:18:53.621] [main/DEBUG] [sophisticatedbackpacks/]: Started loading registry data from sophisticatedbackpacks:compat/mythicbotany/block_tools 
[11Apr2025 23:18:53.621] [main/DEBUG] [sophisticatedbackpacks/]: Started loading registry data from sophisticatedbackpacks:compat/resourcefulbees/block_tools 
[11Apr2025 23:18:53.621] [main/DEBUG] [sophisticatedbackpacks/]: Started loading registry data from sophisticatedbackpacks:compat/syp/entity_tools 
[11Apr2025 23:18:53.621] [main/DEBUG] [sophisticatedbackpacks/]: Started loading registry data from sophisticatedbackpacks:compat/eidolon/block_tools 
[11Apr2025 23:18:53.621] [main/DEBUG] [sophisticatedbackpacks/]: Started loading registry data from sophisticatedbackpacks:compat/rftoolsbase/block_tools 
[11Apr2025 23:18:53.651] [main/INFO] [top.theillusivec4.curios.Curios/]: Loaded 12 curio slots
[11Apr2025 23:18:53.658] [main/INFO] [top.theillusivec4.curios.Curios/]: Loaded 10 curio entities
[11Apr2025 23:18:53.771] [main/DEBUG] [SHMechanicsListener/]: Finished Parsing SH Config!
[11Apr2025 23:18:53.802] [main/INFO] [placebo/]: Registered 16 gear_sets.
[11Apr2025 23:18:53.809] [main/INFO] [Apotheosis : Enchantment/]: Registered 29 enchanting_stats.
[11Apr2025 23:18:53.812] [main/INFO] [Apotheosis : Adventure/]: Registered 6 rarities.
[11Apr2025 23:18:53.834] [main/INFO] [Apotheosis : Adventure/]: Registered 97 affixes.
[11Apr2025 23:18:53.839] [main/WARN] [Apotheosis : Adventure/]: Insufficient number of affixes to satisfy the loot rules (ignoring backup rules) of rarity apotheosis:rare for category curios:spellbookRequired: 2; Provided: 0
[11Apr2025 23:18:53.840] [main/WARN] [Apotheosis : Adventure/]: Insufficient number of affixes to satisfy the loot rules (ignoring backup rules) of rarity apotheosis:epic for category curios:spellbookRequired: 2; Provided: 0
[11Apr2025 23:18:53.841] [main/WARN] [Apotheosis : Adventure/]: Insufficient number of affixes to satisfy the loot rules (ignoring backup rules) of rarity apotheosis:mythic for category helmetRequired: 3; Provided: 2
[11Apr2025 23:18:53.842] [main/WARN] [Apotheosis : Adventure/]: Insufficient number of affixes to satisfy the loot rules (ignoring backup rules) of rarity apotheosis:mythic for category bootsRequired: 3; Provided: 2
[11Apr2025 23:18:53.842] [main/WARN] [Apotheosis : Adventure/]: Insufficient number of affixes to satisfy the loot rules (ignoring backup rules) of rarity apotheosis:mythic for category curios:spellbookRequired: 3; Provided: 0
[11Apr2025 23:18:53.842] [main/WARN] [Apotheosis : Adventure/]: Insufficient number of affixes to satisfy the loot rules (ignoring backup rules) of rarity apotheosis:ancient for category bowRequired: 5; Provided: 4
[11Apr2025 23:18:53.843] [main/WARN] [Apotheosis : Adventure/]: Insufficient number of affixes to satisfy the loot rules (ignoring backup rules) of rarity apotheosis:ancient for category crossbowRequired: 5; Provided: 4
[11Apr2025 23:18:53.843] [main/WARN] [Apotheosis : Adventure/]: Insufficient number of affixes to satisfy the loot rules (ignoring backup rules) of rarity apotheosis:ancient for category pickaxeRequired: 5; Provided: 4
[11Apr2025 23:18:53.843] [main/WARN] [Apotheosis : Adventure/]: Insufficient number of affixes to satisfy the loot rules (ignoring backup rules) of rarity apotheosis:ancient for category shovelRequired: 5; Provided: 4
[11Apr2025 23:18:53.843] [main/WARN] [Apotheosis : Adventure/]: Insufficient number of affixes to satisfy the loot rules (ignoring backup rules) of rarity apotheosis:ancient for category helmetRequired: 4; Provided: 2
[11Apr2025 23:18:53.844] [main/WARN] [Apotheosis : Adventure/]: Insufficient number of affixes to satisfy the loot rules (ignoring backup rules) of rarity apotheosis:ancient for category bootsRequired: 4; Provided: 2
[11Apr2025 23:18:53.844] [main/WARN] [Apotheosis : Adventure/]: Insufficient number of affixes to satisfy the loot rules (ignoring backup rules) of rarity apotheosis:ancient for category curios:spellbookRequired: 4; Provided: 0
[11Apr2025 23:18:53.859] [main/INFO] [Apotheosis : Adventure/]: Registered 32 gems.
[11Apr2025 23:18:53.869] [main/INFO] [Apotheosis : Adventure/]: Registered 67 affix_loot_entries.
[11Apr2025 23:18:53.877] [main/INFO] [Apotheosis : Adventure/]: Registered 18 bosses.
[11Apr2025 23:18:53.884] [main/INFO] [Apotheosis : Adventure/]: Registered 8 rogue_spawners.
[11Apr2025 23:18:53.887] [main/INFO] [Apotheosis : Adventure/]: Registered 5 minibosses.
[11Apr2025 23:18:53.894] [main/INFO] [Apotheosis : Village/]: Registered 28 wanderer_trades.
[11Apr2025 23:18:54.959] [main/DEBUG] [net.minecraftforge.common.ForgeHooks/WP]: Gathering id map for writing to world save world
[11Apr2025 23:18:55.001] [main/DEBUG] [net.minecraftforge.common.ForgeHooks/WP]: ID Map collection complete world
[11Apr2025 23:18:55.049] [main/DEBUG] [mixin/]: Mixing DataFixPlayerDataStorageMixin from mixins.irons_spellbooks.json into net.minecraft.world.level.storage.PlayerDataStorage
[11Apr2025 23:18:55.056] [Server thread/INFO] [net.minecraft.server.dedicated.DedicatedServer/]: Starting minecraft server version 1.20.1
[11Apr2025 23:18:55.057] [Server thread/INFO] [net.minecraft.server.dedicated.DedicatedServer/]: Loading properties
[11Apr2025 23:18:55.057] [Server thread/INFO] [net.minecraft.server.dedicated.DedicatedServer/]: Default game type: SURVIVAL
[11Apr2025 23:18:55.057] [Server thread/INFO] [net.minecraft.server.MinecraftServer/]: Generating keypair
[11Apr2025 23:18:55.167] [Server thread/INFO] [net.minecraft.server.dedicated.DedicatedServer/]: Starting Minecraft server on *:25565
[11Apr2025 23:18:55.179] [Server thread/DEBUG] [net.minecraftforge.network.DualStackUtils/]: Detected IPv6 address: "0:0:0:0:0:0:0:0"
[11Apr2025 23:18:55.186] [Server thread/DEBUG] [io.netty.util.internal.NativeLibraryLoader/]: -Dio.netty.native.workdir: /tmp (io.netty.tmpdir)
[11Apr2025 23:18:55.186] [Server thread/DEBUG] [io.netty.util.internal.NativeLibraryLoader/]: -Dio.netty.native.deleteLibAfterLoading: true
[11Apr2025 23:18:55.186] [Server thread/DEBUG] [io.netty.util.internal.NativeLibraryLoader/]: -Dio.netty.native.tryPatchShadedId: true
[11Apr2025 23:18:55.186] [Server thread/DEBUG] [io.netty.util.internal.NativeLibraryLoader/]: -Dio.netty.native.detectNativeLibraryDuplicates: true
[11Apr2025 23:18:55.192] [Server thread/DEBUG] [io.netty.util.internal.NativeLibraryLoader/]: Successfully loaded the library /tmp/libnetty_transport_native_epoll_x86_648709653080664837564.so
[11Apr2025 23:18:55.195] [Server thread/DEBUG] [io.netty.util.NetUtil/]: -Djava.net.preferIPv4Stack: false
[11Apr2025 23:18:55.195] [Server thread/DEBUG] [io.netty.util.NetUtil/]: -Djava.net.preferIPv6Addresses: true
[11Apr2025 23:18:55.197] [Server thread/DEBUG] [io.netty.util.NetUtilInitializations/]: Loopback interface: lo (lo, 0:0:0:0:0:0:0:1%lo)
[11Apr2025 23:18:55.197] [Server thread/DEBUG] [io.netty.util.NetUtil/]: /proc/sys/net/core/somaxconn: 4096
[11Apr2025 23:18:55.200] [Server thread/INFO] [net.minecraft.server.network.ServerConnectionListener/]: Using epoll channel type
[11Apr2025 23:18:55.214] [Server thread/DEBUG] [io.netty.channel.MultithreadEventLoopGroup/]: -Dio.netty.eventLoopThreads: 8
[11Apr2025 23:18:55.230] [Server thread/DEBUG] [io.netty.util.internal.PlatformDependent/]: org.jctools-core.MpscChunkedArrayQueue: available
[11Apr2025 23:18:55.251] [Server thread/DEBUG] [io.netty.channel.DefaultChannelId/]: -Dio.netty.processId: 42257 (auto-detected)
[11Apr2025 23:18:55.252] [Server thread/DEBUG] [io.netty.channel.DefaultChannelId/]: -Dio.netty.machineId: 7c:1e:52:ff:fe:a2:7b:2e (auto-detected)
[11Apr2025 23:18:55.275] [Server thread/DEBUG] [io.netty.buffer.PooledByteBufAllocator/]: -Dio.netty.allocator.numHeapArenas: 8
[11Apr2025 23:18:55.275] [Server thread/DEBUG] [io.netty.buffer.PooledByteBufAllocator/]: -Dio.netty.allocator.numDirectArenas: 8
[11Apr2025 23:18:55.275] [Server thread/DEBUG] [io.netty.buffer.PooledByteBufAllocator/]: -Dio.netty.allocator.pageSize: 8192
[11Apr2025 23:18:55.275] [Server thread/DEBUG] [io.netty.buffer.PooledByteBufAllocator/]: -Dio.netty.allocator.maxOrder: 9
[11Apr2025 23:18:55.275] [Server thread/DEBUG] [io.netty.buffer.PooledByteBufAllocator/]: -Dio.netty.allocator.chunkSize: 4194304
[11Apr2025 23:18:55.275] [Server thread/DEBUG] [io.netty.buffer.PooledByteBufAllocator/]: -Dio.netty.allocator.smallCacheSize: 256
[11Apr2025 23:18:55.275] [Server thread/DEBUG] [io.netty.buffer.PooledByteBufAllocator/]: -Dio.netty.allocator.normalCacheSize: 64
[11Apr2025 23:18:55.275] [Server thread/DEBUG] [io.netty.buffer.PooledByteBufAllocator/]: -Dio.netty.allocator.maxCachedBufferCapacity: 32768
[11Apr2025 23:18:55.275] [Server thread/DEBUG] [io.netty.buffer.PooledByteBufAllocator/]: -Dio.netty.allocator.cacheTrimInterval: 8192
[11Apr2025 23:18:55.275] [Server thread/DEBUG] [io.netty.buffer.PooledByteBufAllocator/]: -Dio.netty.allocator.cacheTrimIntervalMillis: 0
[11Apr2025 23:18:55.275] [Server thread/DEBUG] [io.netty.buffer.PooledByteBufAllocator/]: -Dio.netty.allocator.useCacheForAllThreads: false
[11Apr2025 23:18:55.275] [Server thread/DEBUG] [io.netty.buffer.PooledByteBufAllocator/]: -Dio.netty.allocator.maxCachedByteBuffersPerChunk: 1023
[11Apr2025 23:18:55.283] [Server thread/DEBUG] [io.netty.buffer.ByteBufUtil/]: -Dio.netty.allocator.type: pooled
[11Apr2025 23:18:55.283] [Server thread/DEBUG] [io.netty.buffer.ByteBufUtil/]: -Dio.netty.threadLocalDirectBufferSize: 0
[11Apr2025 23:18:55.283] [Server thread/DEBUG] [io.netty.buffer.ByteBufUtil/]: -Dio.netty.maxThreadLocalCharBufferSize: 16384
[11Apr2025 23:18:55.301] [Server thread/DEBUG] [net.minecraftforge.fml.config.ConfigTracker/CONFIG]: Loading configs type SERVER
[11Apr2025 23:18:55.302] [Server thread/DEBUG] [net.minecraftforge.fml.config.ConfigFileTypeHandler/CONFIG]: Built TOML config for ./world/serverconfig/jei-server.toml
[11Apr2025 23:18:55.302] [Server thread/DEBUG] [net.minecraftforge.fml.config.ConfigFileTypeHandler/CONFIG]: Loaded TOML config file ./world/serverconfig/jei-server.toml
[11Apr2025 23:18:55.303] [Server thread/DEBUG] [net.minecraftforge.fml.config.ConfigFileTypeHandler/CONFIG]: Watching TOML config file ./world/serverconfig/jei-server.toml for changes
[11Apr2025 23:18:55.303] [Server thread/DEBUG] [net.minecraftforge.fml.config.ConfigFileTypeHandler/CONFIG]: Built TOML config for ./world/serverconfig/journeymap-server.toml
[11Apr2025 23:18:55.304] [Server thread/DEBUG] [net.minecraftforge.fml.config.ConfigFileTypeHandler/CONFIG]: Loaded TOML config file ./world/serverconfig/journeymap-server.toml
[11Apr2025 23:18:55.304] [Server thread/DEBUG] [net.minecraftforge.fml.config.ConfigFileTypeHandler/CONFIG]: Watching TOML config file ./world/serverconfig/journeymap-server.toml for changes
[11Apr2025 23:18:55.304] [Server thread/INFO] [journeymap/]: Loading JourneyMap Forge Configs
[11Apr2025 23:18:55.305] [Server thread/DEBUG] [net.minecraftforge.fml.config.ConfigFileTypeHandler/CONFIG]: Built TOML config for ./world/serverconfig/sophisticatedbackpacks-server.toml
[11Apr2025 23:18:55.307] [Server thread/DEBUG] [net.minecraftforge.fml.config.ConfigFileTypeHandler/CONFIG]: Loaded TOML config file ./world/serverconfig/sophisticatedbackpacks-server.toml
[11Apr2025 23:18:55.307] [Server thread/DEBUG] [net.minecraftforge.fml.config.ConfigFileTypeHandler/CONFIG]: Watching TOML config file ./world/serverconfig/sophisticatedbackpacks-server.toml for changes
[11Apr2025 23:18:55.310] [Thread-2/DEBUG] [net.minecraftforge.fml.config.ConfigFileTypeHandler/CONFIG]: Config file sophisticatedbackpacks-server.toml changed, sending notifies
[11Apr2025 23:18:55.312] [Thread-2/DEBUG] [net.minecraftforge.fml.config.ConfigFileTypeHandler/CONFIG]: Config file sophisticatedbackpacks-server.toml changed, sending notifies
[11Apr2025 23:18:55.312] [Server thread/DEBUG] [net.minecraftforge.fml.config.ConfigFileTypeHandler/CONFIG]: Built TOML config for ./world/serverconfig/corpse-server.toml
[11Apr2025 23:18:55.313] [Server thread/DEBUG] [net.minecraftforge.fml.config.ConfigFileTypeHandler/CONFIG]: Loaded TOML config file ./world/serverconfig/corpse-server.toml
[11Apr2025 23:18:55.313] [Server thread/DEBUG] [net.minecraftforge.fml.config.ConfigFileTypeHandler/CONFIG]: Watching TOML config file ./world/serverconfig/corpse-server.toml for changes
[11Apr2025 23:18:55.314] [Thread-2/DEBUG] [net.minecraftforge.fml.config.ConfigFileTypeHandler/CONFIG]: Config file sophisticatedbackpacks-server.toml changed, sending notifies
[11Apr2025 23:18:55.314] [Server thread/DEBUG] [net.minecraftforge.fml.config.ConfigFileTypeHandler/CONFIG]: Built TOML config for ./world/serverconfig/curios-server.toml
[11Apr2025 23:18:55.314] [Server thread/DEBUG] [net.minecraftforge.fml.config.ConfigFileTypeHandler/CONFIG]: Loaded TOML config file ./world/serverconfig/curios-server.toml
[11Apr2025 23:18:55.314] [Server thread/DEBUG] [net.minecraftforge.fml.config.ConfigFileTypeHandler/CONFIG]: Watching TOML config file ./world/serverconfig/curios-server.toml for changes
[11Apr2025 23:18:55.317] [Thread-2/DEBUG] [net.minecraftforge.fml.config.ConfigFileTypeHandler/CONFIG]: Config file sophisticatedbackpacks-server.toml changed, sending notifies
[11Apr2025 23:18:55.317] [Server thread/DEBUG] [net.minecraftforge.fml.config.ConfigFileTypeHandler/CONFIG]: Built TOML config for ./world/serverconfig/securitycraft-server.toml
[11Apr2025 23:18:55.318] [Server thread/DEBUG] [net.minecraftforge.fml.config.ConfigFileTypeHandler/CONFIG]: Loaded TOML config file ./world/serverconfig/securitycraft-server.toml
[11Apr2025 23:18:55.318] [Server thread/DEBUG] [net.minecraftforge.fml.config.ConfigFileTypeHandler/CONFIG]: Watching TOML config file ./world/serverconfig/securitycraft-server.toml for changes
[11Apr2025 23:18:55.320] [Thread-2/DEBUG] [net.minecraftforge.fml.config.ConfigFileTypeHandler/CONFIG]: Config file curios-server.toml changed, sending notifies
[11Apr2025 23:18:55.322] [Thread-2/DEBUG] [net.minecraftforge.fml.config.ConfigFileTypeHandler/CONFIG]: Config file securitycraft-server.toml changed, sending notifies
[11Apr2025 23:18:55.322] [Thread-2/DEBUG] [net.minecraftforge.fml.config.ConfigFileTypeHandler/CONFIG]: Config file securitycraft-server.toml changed, sending notifies
[11Apr2025 23:18:55.323] [Server thread/DEBUG] [net.minecraftforge.fml.config.ConfigFileTypeHandler/CONFIG]: Built TOML config for ./world/serverconfig/irons_spellbooks-server.toml
[11Apr2025 23:18:55.328] [Server thread/DEBUG] [net.minecraftforge.fml.config.ConfigFileTypeHandler/CONFIG]: Loaded TOML config file ./world/serverconfig/irons_spellbooks-server.toml
[11Apr2025 23:18:55.328] [Server thread/DEBUG] [net.minecraftforge.fml.config.ConfigFileTypeHandler/CONFIG]: Watching TOML config file ./world/serverconfig/irons_spellbooks-server.toml for changes
[11Apr2025 23:18:55.332] [Server thread/DEBUG] [io.redspace.ironsspellbooks.IronsSpellbooks/]: ServerConfigs load item blacklists:
[11Apr2025 23:18:55.336] [Thread-2/DEBUG] [net.minecraftforge.fml.config.ConfigFileTypeHandler/CONFIG]: Config file irons_spellbooks-server.toml changed, sending notifies
[11Apr2025 23:18:55.337] [Thread-2/DEBUG] [io.redspace.ironsspellbooks.IronsSpellbooks/]: ServerConfigs load item blacklists:
[11Apr2025 23:18:55.337] [Server thread/DEBUG] [net.minecraftforge.fml.config.ConfigFileTypeHandler/CONFIG]: Built TOML config for ./world/serverconfig/scalinghealth-server.toml
[11Apr2025 23:18:55.338] [Server thread/DEBUG] [net.minecraftforge.fml.config.ConfigFileTypeHandler/CONFIG]: Loaded TOML config file ./world/serverconfig/scalinghealth-server.toml
[11Apr2025 23:18:55.338] [Server thread/DEBUG] [net.minecraftforge.fml.config.ConfigFileTypeHandler/CONFIG]: Watching TOML config file ./world/serverconfig/scalinghealth-server.toml for changes
[11Apr2025 23:18:55.339] [Thread-2/DEBUG] [net.minecraftforge.fml.config.ConfigFileTypeHandler/CONFIG]: Config file scalinghealth-server.toml changed, sending notifies
[11Apr2025 23:18:55.339] [Thread-2/DEBUG] [net.minecraftforge.fml.config.ConfigFileTypeHandler/CONFIG]: Config file scalinghealth-server.toml changed, sending notifies
[11Apr2025 23:18:55.340] [Server thread/DEBUG] [net.minecraftforge.fml.config.ConfigFileTypeHandler/CONFIG]: Built TOML config for ./world/serverconfig/forge-server.toml
[11Apr2025 23:18:55.340] [Server thread/DEBUG] [net.minecraftforge.fml.config.ConfigFileTypeHandler/CONFIG]: Loaded TOML config file ./world/serverconfig/forge-server.toml
[11Apr2025 23:18:55.341] [Server thread/DEBUG] [net.minecraftforge.fml.config.ConfigFileTypeHandler/CONFIG]: Watching TOML config file ./world/serverconfig/forge-server.toml for changes
[11Apr2025 23:18:55.341] [Server thread/DEBUG] [net.minecraftforge.common.ForgeConfig/FORGEMOD]: Loaded forge config file forge-server.toml
[11Apr2025 23:18:55.342] [Thread-2/DEBUG] [net.minecraftforge.fml.config.ConfigFileTypeHandler/CONFIG]: Config file forge-server.toml changed, sending notifies
[11Apr2025 23:18:55.342] [Thread-2/DEBUG] [net.minecraftforge.common.ForgeConfig/FORGEMOD]: Forge config just got changed on the file system!
[11Apr2025 23:18:55.343] [Thread-2/DEBUG] [net.minecraftforge.fml.config.ConfigFileTypeHandler/CONFIG]: Config file forge-server.toml changed, sending notifies
[11Apr2025 23:18:55.343] [Thread-2/DEBUG] [net.minecraftforge.common.ForgeConfig/FORGEMOD]: Forge config just got changed on the file system!
[11Apr2025 23:18:55.353] [Server thread/DEBUG] [com.github.alexthe666.iceandfire.IceAndFire/]: Added the following features to the biome [minecraft:badlands]: 
	- iceandfire:silver_ore
	- iceandfire:lightning_dragon_roost
	- iceandfire:lightning_dragon_cave
[11Apr2025 23:18:55.360] [Server thread/DEBUG] [com.github.alexthe666.iceandfire.IceAndFire/]: Added the following features to the biome [minecraft:bamboo_jungle]: 
	- iceandfire:fire_lily
	- iceandfire:silver_ore
	- iceandfire:lightning_dragon_roost
	- iceandfire:lightning_dragon_cave
	- iceandfire:myrmex_hive_jungle
[11Apr2025 23:18:55.361] [Server thread/DEBUG] [com.github.alexthe666.iceandfire.IceAndFire/]: Added the following features to the biome [minecraft:beach]: 
	- iceandfire:silver_ore
	- iceandfire:cyclops_cave
[11Apr2025 23:18:55.363] [Server thread/DEBUG] [com.github.alexthe666.iceandfire.IceAndFire/]: Added the following features to the biome [minecraft:birch_forest]: 
	- iceandfire:silver_ore
[11Apr2025 23:18:55.364] [Server thread/DEBUG] [com.github.alexthe666.iceandfire.IceAndFire/]: Added the following features to the biome [minecraft:cherry_grove]: 
	- iceandfire:silver_ore
[11Apr2025 23:18:55.366] [Server thread/DEBUG] [com.github.alexthe666.iceandfire.IceAndFire/]: Added the following features to the biome [minecraft:cold_ocean]: 
	- iceandfire:silver_ore
	- iceandfire:ice_dragon_roost
	- iceandfire:ice_dragon_cave
	- iceandfire:siren_island
	- iceandfire:spawn_hippocampus
	- iceandfire:spawn_sea_serpent
[11Apr2025 23:18:55.368] [Server thread/DEBUG] [com.github.alexthe666.iceandfire.IceAndFire/]: Added the following features to the biome [minecraft:dark_forest]: 
	- iceandfire:silver_ore
	- iceandfire:pixie_village
[11Apr2025 23:18:55.369] [Server thread/DEBUG] [com.github.alexthe666.iceandfire.IceAndFire/]: Added the following features to the biome [minecraft:deep_cold_ocean]: 
	- iceandfire:silver_ore
	- iceandfire:ice_dragon_roost
	- iceandfire:ice_dragon_cave
	- iceandfire:siren_island
	- iceandfire:spawn_hippocampus
	- iceandfire:spawn_sea_serpent
[11Apr2025 23:18:55.370] [Server thread/DEBUG] [com.github.alexthe666.iceandfire.IceAndFire/]: Added the following features to the biome [minecraft:deep_dark]: 
	- iceandfire:silver_ore
[11Apr2025 23:18:55.371] [Server thread/DEBUG] [com.github.alexthe666.iceandfire.IceAndFire/]: Added the following features to the biome [minecraft:deep_frozen_ocean]: 
	- iceandfire:silver_ore
	- iceandfire:ice_dragon_roost
	- iceandfire:ice_dragon_cave
	- iceandfire:siren_island
	- iceandfire:spawn_hippocampus
	- iceandfire:spawn_sea_serpent
[11Apr2025 23:18:55.372] [Server thread/DEBUG] [com.github.alexthe666.iceandfire.IceAndFire/]: Added the following features to the biome [minecraft:deep_lukewarm_ocean]: 
	- iceandfire:silver_ore
	- iceandfire:siren_island
	- iceandfire:spawn_hippocampus
	- iceandfire:spawn_sea_serpent
[11Apr2025 23:18:55.373] [Server thread/DEBUG] [com.github.alexthe666.iceandfire.IceAndFire/]: Added the following features to the biome [minecraft:deep_ocean]: 
	- iceandfire:silver_ore
	- iceandfire:siren_island
	- iceandfire:spawn_hippocampus
	- iceandfire:spawn_sea_serpent
[11Apr2025 23:18:55.375] [Server thread/DEBUG] [com.github.alexthe666.iceandfire.IceAndFire/]: Added the following features to the biome [minecraft:desert]: 
	- iceandfire:fire_lily
	- iceandfire:silver_ore
	- iceandfire:fire_dragon_roost
	- iceandfire:fire_dragon_cave
	- iceandfire:myrmex_hive_desert
	- iceandfire:spawn_death_worm
	- iceandfire:spawn_dragon_skeleton_fire
[11Apr2025 23:18:55.376] [Server thread/DEBUG] [com.github.alexthe666.iceandfire.IceAndFire/]: Added the following features to the biome [minecraft:dripstone_caves]: 
	- iceandfire:silver_ore
[11Apr2025 23:18:55.380] [Server thread/DEBUG] [com.github.alexthe666.iceandfire.IceAndFire/]: Added the following features to the biome [minecraft:eroded_badlands]: 
	- iceandfire:fire_lily
	- iceandfire:silver_ore
	- iceandfire:lightning_dragon_roost
	- iceandfire:lightning_dragon_cave
[11Apr2025 23:18:55.381] [Server thread/DEBUG] [com.github.alexthe666.iceandfire.IceAndFire/]: Added the following features to the biome [minecraft:flower_forest]: 
	- iceandfire:silver_ore
[11Apr2025 23:18:55.382] [Server thread/DEBUG] [com.github.alexthe666.iceandfire.IceAndFire/]: Added the following features to the biome [minecraft:forest]: 
	- iceandfire:silver_ore
[11Apr2025 23:18:55.383] [Server thread/DEBUG] [com.github.alexthe666.iceandfire.IceAndFire/]: Added the following features to the biome [minecraft:frozen_ocean]: 
	- iceandfire:frost_lily
	- iceandfire:silver_ore
	- iceandfire:sapphire_ore
	- iceandfire:ice_dragon_roost
	- iceandfire:ice_dragon_cave
	- iceandfire:siren_island
	- iceandfire:spawn_dragon_skeleton_ice
	- iceandfire:spawn_hippocampus
	- iceandfire:spawn_sea_serpent
[11Apr2025 23:18:55.385] [Server thread/DEBUG] [com.github.alexthe666.iceandfire.IceAndFire/]: Added the following features to the biome [minecraft:frozen_peaks]: 
	- iceandfire:frost_lily
	- iceandfire:silver_ore
	- iceandfire:sapphire_ore
	- iceandfire:ice_dragon_roost
	- iceandfire:ice_dragon_cave
	- iceandfire:spawn_dragon_skeleton_ice
[11Apr2025 23:18:55.386] [Server thread/DEBUG] [com.github.alexthe666.iceandfire.IceAndFire/]: Added the following features to the biome [minecraft:frozen_river]: 
	- iceandfire:frost_lily
	- iceandfire:silver_ore
	- iceandfire:sapphire_ore
	- iceandfire:ice_dragon_roost
	- iceandfire:ice_dragon_cave
	- iceandfire:spawn_dragon_skeleton_ice
[11Apr2025 23:18:55.387] [Server thread/DEBUG] [com.github.alexthe666.iceandfire.IceAndFire/]: Added the following features to the biome [minecraft:grove]: 
	- iceandfire:frost_lily
	- iceandfire:silver_ore
	- iceandfire:sapphire_ore
	- iceandfire:ice_dragon_roost
	- iceandfire:ice_dragon_cave
	- iceandfire:spawn_dragon_skeleton_ice
[11Apr2025 23:18:55.389] [Server thread/DEBUG] [com.github.alexthe666.iceandfire.IceAndFire/]: Added the following features to the biome [minecraft:ice_spikes]: 
	- iceandfire:frost_lily
	- iceandfire:silver_ore
	- iceandfire:sapphire_ore
	- iceandfire:ice_dragon_roost
	- iceandfire:ice_dragon_cave
	- iceandfire:spawn_dragon_skeleton_ice
[11Apr2025 23:18:55.390] [Server thread/DEBUG] [com.github.alexthe666.iceandfire.IceAndFire/]: Added the following features to the biome [minecraft:jagged_peaks]: 
	- iceandfire:frost_lily
	- iceandfire:silver_ore
	- iceandfire:sapphire_ore
	- iceandfire:ice_dragon_roost
	- iceandfire:ice_dragon_cave
	- iceandfire:spawn_dragon_skeleton_ice
[11Apr2025 23:18:55.391] [Server thread/DEBUG] [com.github.alexthe666.iceandfire.IceAndFire/]: Added the following features to the biome [minecraft:jungle]: 
	- iceandfire:fire_lily
	- iceandfire:silver_ore
	- iceandfire:lightning_dragon_roost
	- iceandfire:lightning_dragon_cave
	- iceandfire:myrmex_hive_jungle
[11Apr2025 23:18:55.392] [Server thread/DEBUG] [com.github.alexthe666.iceandfire.IceAndFire/]: Added the following features to the biome [minecraft:lukewarm_ocean]: 
	- iceandfire:silver_ore
	- iceandfire:siren_island
	- iceandfire:spawn_hippocampus
	- iceandfire:spawn_sea_serpent
[11Apr2025 23:18:55.393] [Server thread/DEBUG] [com.github.alexthe666.iceandfire.IceAndFire/]: Added the following features to the biome [minecraft:lush_caves]: 
	- iceandfire:silver_ore
[11Apr2025 23:18:55.394] [Server thread/DEBUG] [com.github.alexthe666.iceandfire.IceAndFire/]: Added the following features to the biome [minecraft:mangrove_swamp]: 
	- iceandfire:fire_lily
	- iceandfire:silver_ore
	- iceandfire:fire_dragon_roost
	- iceandfire:fire_dragon_cave
	- iceandfire:hydra_cave
	- iceandfire:spawn_stymphalian_bird
[11Apr2025 23:18:55.395] [Server thread/DEBUG] [com.github.alexthe666.iceandfire.IceAndFire/]: Added the following features to the biome [minecraft:meadow]: 
	- iceandfire:silver_ore
	- iceandfire:fire_dragon_roost
	- iceandfire:fire_dragon_cave
	- iceandfire:spawn_wandering_cyclops
[11Apr2025 23:18:55.396] [Server thread/DEBUG] [com.github.alexthe666.iceandfire.IceAndFire/]: Added the following features to the biome [minecraft:mushroom_fields]: 
	- iceandfire:silver_ore
[11Apr2025 23:18:55.398] [Server thread/DEBUG] [com.github.alexthe666.iceandfire.IceAndFire/]: Added the following features to the biome [minecraft:ocean]: 
	- iceandfire:silver_ore
	- iceandfire:siren_island
	- iceandfire:spawn_hippocampus
	- iceandfire:spawn_sea_serpent
[11Apr2025 23:18:55.399] [Server thread/DEBUG] [com.github.alexthe666.iceandfire.IceAndFire/]: Added the following features to the biome [minecraft:old_growth_birch_forest]: 
	- iceandfire:silver_ore
	- iceandfire:pixie_village
[11Apr2025 23:18:55.400] [Server thread/DEBUG] [com.github.alexthe666.iceandfire.IceAndFire/]: Added the following features to the biome [minecraft:old_growth_pine_taiga]: 
	- iceandfire:silver_ore
	- iceandfire:ice_dragon_roost
	- iceandfire:ice_dragon_cave
[11Apr2025 23:18:55.402] [Server thread/DEBUG] [com.github.alexthe666.iceandfire.IceAndFire/]: Added the following features to the biome [minecraft:old_growth_spruce_taiga]: 
	- iceandfire:silver_ore
[11Apr2025 23:18:55.403] [Server thread/DEBUG] [com.github.alexthe666.iceandfire.IceAndFire/]: Added the following features to the biome [minecraft:plains]: 
	- iceandfire:silver_ore
	- iceandfire:fire_dragon_roost
	- iceandfire:fire_dragon_cave
	- iceandfire:spawn_wandering_cyclops
[11Apr2025 23:18:55.404] [Server thread/DEBUG] [com.github.alexthe666.iceandfire.IceAndFire/]: Added the following features to the biome [minecraft:river]: 
	- iceandfire:silver_ore
[11Apr2025 23:18:55.405] [Server thread/DEBUG] [com.github.alexthe666.iceandfire.IceAndFire/]: Added the following features to the biome [minecraft:savanna]: 
	- iceandfire:fire_lily
	- iceandfire:lightning_lily
	- iceandfire:silver_ore
	- iceandfire:lightning_dragon_roost
	- iceandfire:lightning_dragon_cave
	- iceandfire:spawn_dragon_skeleton_lightning
[11Apr2025 23:18:55.407] [Server thread/DEBUG] [com.github.alexthe666.iceandfire.IceAndFire/]: Added the following features to the biome [minecraft:savanna_plateau]: 
	- iceandfire:fire_lily
	- iceandfire:lightning_lily
	- iceandfire:silver_ore
	- iceandfire:lightning_dragon_roost
	- iceandfire:lightning_dragon_cave
	- iceandfire:spawn_dragon_skeleton_lightning
[11Apr2025 23:18:55.408] [Server thread/DEBUG] [com.github.alexthe666.iceandfire.IceAndFire/]: Added the following features to the biome [minecraft:snowy_beach]: 
	- iceandfire:frost_lily
	- iceandfire:silver_ore
	- iceandfire:sapphire_ore
	- iceandfire:ice_dragon_roost
	- iceandfire:ice_dragon_cave
	- iceandfire:cyclops_cave
	- iceandfire:spawn_dragon_skeleton_ice
[11Apr2025 23:18:55.409] [Server thread/DEBUG] [com.github.alexthe666.iceandfire.IceAndFire/]: Added the following features to the biome [minecraft:snowy_plains]: 
	- iceandfire:frost_lily
	- iceandfire:silver_ore
	- iceandfire:sapphire_ore
	- iceandfire:ice_dragon_roost
	- iceandfire:ice_dragon_cave
	- iceandfire:spawn_wandering_cyclops
	- iceandfire:spawn_dragon_skeleton_ice
[11Apr2025 23:18:55.411] [Server thread/DEBUG] [com.github.alexthe666.iceandfire.IceAndFire/]: Added the following features to the biome [minecraft:snowy_slopes]: 
	- iceandfire:frost_lily
	- iceandfire:silver_ore
	- iceandfire:sapphire_ore
	- iceandfire:ice_dragon_roost
	- iceandfire:ice_dragon_cave
	- iceandfire:spawn_dragon_skeleton_ice
[11Apr2025 23:18:55.412] [Server thread/DEBUG] [com.github.alexthe666.iceandfire.IceAndFire/]: Added the following features to the biome [minecraft:snowy_taiga]: 
	- iceandfire:frost_lily
	- iceandfire:silver_ore
	- iceandfire:sapphire_ore
	- iceandfire:ice_dragon_roost
	- iceandfire:ice_dragon_cave
	- iceandfire:spawn_dragon_skeleton_ice
[11Apr2025 23:18:55.414] [Server thread/DEBUG] [com.github.alexthe666.iceandfire.IceAndFire/]: Added the following features to the biome [minecraft:sparse_jungle]: 
	- iceandfire:fire_lily
	- iceandfire:silver_ore
	- iceandfire:lightning_dragon_roost
	- iceandfire:lightning_dragon_cave
	- iceandfire:myrmex_hive_jungle
[11Apr2025 23:18:55.415] [Server thread/DEBUG] [com.github.alexthe666.iceandfire.IceAndFire/]: Added the following features to the biome [minecraft:stony_peaks]: 
	- iceandfire:fire_lily
	- iceandfire:silver_ore
	- iceandfire:fire_dragon_roost
	- iceandfire:fire_dragon_cave
[11Apr2025 23:18:55.415] [Server thread/DEBUG] [com.github.alexthe666.iceandfire.IceAndFire/]: Added the following features to the biome [minecraft:stony_shore]: 
	- iceandfire:silver_ore
[11Apr2025 23:18:55.416] [Server thread/DEBUG] [com.github.alexthe666.iceandfire.IceAndFire/]: Added the following features to the biome [minecraft:sunflower_plains]: 
	- iceandfire:silver_ore
	- iceandfire:fire_dragon_roost
	- iceandfire:fire_dragon_cave
	- iceandfire:spawn_wandering_cyclops
[11Apr2025 23:18:55.417] [Server thread/DEBUG] [com.github.alexthe666.iceandfire.IceAndFire/]: Added the following features to the biome [minecraft:swamp]: 
	- iceandfire:silver_ore
	- iceandfire:hydra_cave
	- iceandfire:spawn_stymphalian_bird
[11Apr2025 23:18:55.418] [Server thread/DEBUG] [com.github.alexthe666.iceandfire.IceAndFire/]: Added the following features to the biome [minecraft:taiga]: 
	- iceandfire:silver_ore
	- iceandfire:ice_dragon_roost
	- iceandfire:ice_dragon_cave
[11Apr2025 23:18:55.420] [Server thread/DEBUG] [com.github.alexthe666.iceandfire.IceAndFire/]: Added the following features to the biome [minecraft:warm_ocean]: 
	- iceandfire:fire_lily
	- iceandfire:silver_ore
	- iceandfire:fire_dragon_roost
	- iceandfire:fire_dragon_cave
	- iceandfire:siren_island
	- iceandfire:spawn_hippocampus
	- iceandfire:spawn_sea_serpent
[11Apr2025 23:18:55.422] [Server thread/DEBUG] [com.github.alexthe666.iceandfire.IceAndFire/]: Added the following features to the biome [minecraft:windswept_forest]: 
	- iceandfire:silver_ore
[11Apr2025 23:18:55.423] [Server thread/DEBUG] [com.github.alexthe666.iceandfire.IceAndFire/]: Added the following features to the biome [minecraft:windswept_gravelly_hills]: 
	- iceandfire:silver_ore
[11Apr2025 23:18:55.424] [Server thread/DEBUG] [com.github.alexthe666.iceandfire.IceAndFire/]: Added the following features to the biome [minecraft:windswept_hills]: 
	- iceandfire:silver_ore
[11Apr2025 23:18:55.425] [Server thread/DEBUG] [com.github.alexthe666.iceandfire.IceAndFire/]: Added the following features to the biome [minecraft:windswept_savanna]: 
	- iceandfire:fire_lily
	- iceandfire:lightning_lily
	- iceandfire:silver_ore
	- iceandfire:lightning_dragon_roost
	- iceandfire:lightning_dragon_cave
	- iceandfire:spawn_dragon_skeleton_lightning
[11Apr2025 23:18:55.426] [Server thread/DEBUG] [com.github.alexthe666.iceandfire.IceAndFire/]: Added the following features to the biome [minecraft:wooded_badlands]: 
	- iceandfire:silver_ore
	- iceandfire:lightning_dragon_roost
	- iceandfire:lightning_dragon_cave
[11Apr2025 23:18:55.445] [Server thread/INFO] [net.minecraft.server.dedicated.DedicatedServer/]: Preparing level "world"
[11Apr2025 23:18:55.450] [Server thread/DEBUG] [net.minecraftforge.coremod.transformer.CoreModBaseTransformer/COREMOD]: Transforming net/minecraft/world/level/levelgen/PhantomSpawner
[11Apr2025 23:18:55.455] [Server thread/DEBUG] [net.minecraftforge.coremod.transformer.CoreModBaseTransformer/COREMOD]: Transforming net/minecraft/world/level/levelgen/PatrolSpawner
[11Apr2025 23:18:55.459] [Server thread/DEBUG] [net.minecraftforge.coremod.transformer.CoreModBaseTransformer/COREMOD]: Transforming net/minecraft/world/entity/npc/CatSpawner
[11Apr2025 23:18:55.463] [Server thread/DEBUG] [net.minecraftforge.coremod.transformer.CoreModBaseTransformer/COREMOD]: Transforming net/minecraft/world/entity/ai/village/VillageSiege
[11Apr2025 23:18:55.468] [Server thread/DEBUG] [mixin/]: Mixing WandererSpawnerMixin from apotheosis.mixins.json into net.minecraft.world.entity.npc.WanderingTraderSpawner
[11Apr2025 23:18:55.518] [Server thread/DEBUG] [mixin/]: Mixing camera.ChunkMapMixin from securitycraft.mixins.json into net.minecraft.server.level.ChunkMap
[11Apr2025 23:18:55.533] [Server thread/DEBUG] [mixin/]: Mixing MixinProtoChunk from forge-mca.mixin.json into net.minecraft.world.level.chunk.ProtoChunk
[11Apr2025 23:18:55.775] [Server thread/DEBUG] [mixin/]: Mixing portal.PortalForcerMixin from securitycraft.mixins.json into net.minecraft.world.level.portal.PortalForcer
[11Apr2025 23:18:55.784] [Server thread/DEBUG] [mixin/]: Mixing StructureManagerAccessor from cataclysm.mixins.json into net.minecraft.world.level.StructureManager
[11Apr2025 23:18:55.799] [Server thread/DEBUG] [ironfurnaces.IronFurnaces/]: Loading config file /workspaces/RATALAND2025/servidor_minecraft/config/ironfurnaces-client.toml
[11Apr2025 23:18:55.799] [Server thread/DEBUG] [ironfurnaces.IronFurnaces/]: Built TOML config for /workspaces/RATALAND2025/servidor_minecraft/config/ironfurnaces-client.toml
[11Apr2025 23:18:55.800] [Server thread/DEBUG] [ironfurnaces.IronFurnaces/]: Loaded TOML config file /workspaces/RATALAND2025/servidor_minecraft/config/ironfurnaces-client.toml
[11Apr2025 23:18:55.801] [Server thread/DEBUG] [ironfurnaces.IronFurnaces/]: Loading config file /workspaces/RATALAND2025/servidor_minecraft/config/ironfurnaces.toml
[11Apr2025 23:18:55.801] [Server thread/DEBUG] [ironfurnaces.IronFurnaces/]: Built TOML config for /workspaces/RATALAND2025/servidor_minecraft/config/ironfurnaces.toml
[11Apr2025 23:18:55.801] [Server thread/DEBUG] [ironfurnaces.IronFurnaces/]: Loaded TOML config file /workspaces/RATALAND2025/servidor_minecraft/config/ironfurnaces.toml
[11Apr2025 23:18:55.805] [Server thread/INFO] [voicechat/]: [voicechat] Successfully migrated config voicechat-server.toml
[11Apr2025 23:18:58.184] [Server thread/DEBUG] [ironfurnaces.IronFurnaces/]: Loading config file /workspaces/RATALAND2025/servidor_minecraft/config/ironfurnaces-client.toml
[11Apr2025 23:18:58.185] [Server thread/DEBUG] [ironfurnaces.IronFurnaces/]: Built TOML config for /workspaces/RATALAND2025/servidor_minecraft/config/ironfurnaces-client.toml
[11Apr2025 23:18:58.186] [Server thread/DEBUG] [ironfurnaces.IronFurnaces/]: Loaded TOML config file /workspaces/RATALAND2025/servidor_minecraft/config/ironfurnaces-client.toml
[11Apr2025 23:18:58.186] [Server thread/DEBUG] [ironfurnaces.IronFurnaces/]: Loading config file /workspaces/RATALAND2025/servidor_minecraft/config/ironfurnaces.toml
[11Apr2025 23:18:58.186] [Server thread/DEBUG] [ironfurnaces.IronFurnaces/]: Built TOML config for /workspaces/RATALAND2025/servidor_minecraft/config/ironfurnaces.toml
[11Apr2025 23:18:58.186] [Server thread/DEBUG] [ironfurnaces.IronFurnaces/]: Loaded TOML config file /workspaces/RATALAND2025/servidor_minecraft/config/ironfurnaces.toml
[11Apr2025 23:18:58.195] [Server thread/DEBUG] [ironfurnaces.IronFurnaces/]: Loading config file /workspaces/RATALAND2025/servidor_minecraft/config/ironfurnaces-client.toml
[11Apr2025 23:18:58.195] [Server thread/DEBUG] [ironfurnaces.IronFurnaces/]: Built TOML config for /workspaces/RATALAND2025/servidor_minecraft/config/ironfurnaces-client.toml
[11Apr2025 23:18:58.196] [Server thread/DEBUG] [ironfurnaces.IronFurnaces/]: Loaded TOML config file /workspaces/RATALAND2025/servidor_minecraft/config/ironfurnaces-client.toml
[11Apr2025 23:18:58.198] [Server thread/DEBUG] [ironfurnaces.IronFurnaces/]: Loading config file /workspaces/RATALAND2025/servidor_minecraft/config/ironfurnaces.toml
[11Apr2025 23:18:58.199] [Server thread/DEBUG] [ironfurnaces.IronFurnaces/]: Built TOML config for /workspaces/RATALAND2025/servidor_minecraft/config/ironfurnaces.toml
[11Apr2025 23:18:58.199] [Server thread/DEBUG] [ironfurnaces.IronFurnaces/]: Loaded TOML config file /workspaces/RATALAND2025/servidor_minecraft/config/ironfurnaces.toml
[11Apr2025 23:18:58.206] [Server thread/DEBUG] [ironfurnaces.IronFurnaces/]: Loading config file /workspaces/RATALAND2025/servidor_minecraft/config/ironfurnaces-client.toml
[11Apr2025 23:18:58.206] [Server thread/DEBUG] [ironfurnaces.IronFurnaces/]: Built TOML config for /workspaces/RATALAND2025/servidor_minecraft/config/ironfurnaces-client.toml
[11Apr2025 23:18:58.206] [Server thread/DEBUG] [ironfurnaces.IronFurnaces/]: Loaded TOML config file /workspaces/RATALAND2025/servidor_minecraft/config/ironfurnaces-client.toml
[11Apr2025 23:18:58.207] [Server thread/DEBUG] [ironfurnaces.IronFurnaces/]: Loading config file /workspaces/RATALAND2025/servidor_minecraft/config/ironfurnaces.toml
[11Apr2025 23:18:58.207] [Server thread/DEBUG] [ironfurnaces.IronFurnaces/]: Built TOML config for /workspaces/RATALAND2025/servidor_minecraft/config/ironfurnaces.toml
[11Apr2025 23:18:58.207] [Server thread/DEBUG] [ironfurnaces.IronFurnaces/]: Loaded TOML config file /workspaces/RATALAND2025/servidor_minecraft/config/ironfurnaces.toml
[11Apr2025 23:18:58.209] [Server thread/INFO] [net.minecraft.server.MinecraftServer/]: Preparing start region for dimension minecraft:overworld
[11Apr2025 23:18:58.815] [Server thread/DEBUG] [mixin/]: Mixing MixinChunkSerializer from architectury.mixins.json into net.minecraft.world.level.chunk.storage.ChunkSerializer
[11Apr2025 23:18:59.172] [Server thread/DEBUG] [mixin/]: Mixing accessor.BoundingBoxAccessor from cataclysm.mixins.json into net.minecraft.world.level.levelgen.structure.BoundingBox
[11Apr2025 23:18:59.358] [Server thread/DEBUG] [net.minecraftforge.coremod.transformer.CoreModBaseTransformer/COREMOD]: Transforming net/minecraft/world/level/levelgen/structure/templatesystem/StructureTemplate
[11Apr2025 23:18:59.390] [Server thread/DEBUG] [mixin/]: Mixing StructureTemplateMixin from cataclysm.mixins.json into net.minecraft.world.level.levelgen.structure.templatesystem.StructureTemplate
[11Apr2025 23:18:59.391] [Server thread/DEBUG] [mixin/]: Renaming synthetic method lambda$repurposedstructures_preventAutoWaterlogging$0(Lnet/minecraft/world/level/levelgen/structure/templatesystem/StructureProcessor;)Z to md9818a3$lambda$repurposedstructures_preventAutoWaterlogging$0$0 in cataclysm.mixins.json:StructureTemplateMixin
[11Apr2025 23:19:01.671] [Worker-Main-3/INFO] [net.minecraft.server.level.progress.LoggerChunkProgressListener/]: Preparing spawn area: 0%
[11Apr2025 23:19:01.673] [Worker-Main-1/INFO] [net.minecraft.server.level.progress.LoggerChunkProgressListener/]: Preparing spawn area: 0%
[11Apr2025 23:19:01.674] [Worker-Main-2/INFO] [net.minecraft.server.level.progress.LoggerChunkProgressListener/]: Preparing spawn area: 0%
[11Apr2025 23:19:01.675] [Worker-Main-2/INFO] [net.minecraft.server.level.progress.LoggerChunkProgressListener/]: Preparing spawn area: 0%
[11Apr2025 23:19:01.675] [Worker-Main-2/INFO] [net.minecraft.server.level.progress.LoggerChunkProgressListener/]: Preparing spawn area: 0%
[11Apr2025 23:19:01.677] [Worker-Main-2/INFO] [net.minecraft.server.level.progress.LoggerChunkProgressListener/]: Preparing spawn area: 0%
[11Apr2025 23:19:01.679] [Worker-Main-2/INFO] [net.minecraft.server.level.progress.LoggerChunkProgressListener/]: Preparing spawn area: 0%
[11Apr2025 23:19:01.711] [Worker-Main-3/INFO] [net.minecraft.server.level.progress.LoggerChunkProgressListener/]: Preparing spawn area: 0%
[11Apr2025 23:19:02.210] [Worker-Main-3/INFO] [net.minecraft.server.level.progress.LoggerChunkProgressListener/]: Preparing spawn area: 10%
[11Apr2025 23:19:02.710] [Worker-Main-3/INFO] [net.minecraft.server.level.progress.LoggerChunkProgressListener/]: Preparing spawn area: 84%
[11Apr2025 23:19:02.776] [Server thread/DEBUG] [mixin/]: Mixing VibrationListenerMixin from mixins.deeperdarker.json into net.minecraft.world.level.gameevent.vibrations.VibrationSystem$Listener
[11Apr2025 23:19:02.898] [Server thread/INFO] [net.minecraft.server.level.progress.LoggerChunkProgressListener/]: Time elapsed: 4688 ms
[11Apr2025 23:19:02.899] [Server thread/INFO] [net.minecraft.server.dedicated.DedicatedServer/]: Done (7.597s)! For help, type "help"
[11Apr2025 23:19:02.908] [Server thread/DEBUG] [net.minecraftforge.network.DualStackUtils/]: Detected IPv6 address: "0:0:0:0:0:0:0:0"
[11Apr2025 23:19:02.936] [Server thread/DEBUG] [net.minecraftforge.common.ForgeI18n/CORE]: Loading I18N data entries: 11045
[11Apr2025 23:19:02.939] [Server thread/INFO] [net.minecraftforge.server.permission.PermissionAPI/]: Successfully initialized permission handler forge:default_handler
[11Apr2025 23:19:02.967] [Server thread/INFO] [com.github.alexthe666.iceandfire.IceAndFire/]: {iceandfire:fire_dragon_roost=true, iceandfire:fire_lily=true, iceandfire:spawn_dragon_skeleton_fire=true, iceandfire:lightning_dragon_roost=true, iceandfire:spawn_dragon_skeleton_lightning=true, iceandfire:ice_dragon_roost=true, iceandfire:ice_dragon_cave=true, iceandfire:lightning_dragon_cave=true, iceandfire:cyclops_cave=true, iceandfire:spawn_wandering_cyclops=true, iceandfire:spawn_sea_serpent=true, iceandfire:frost_lily=true, iceandfire:hydra_cave=true, iceandfire:lightning_lily=true, iceandfire:pixie_village=true, iceandfire:myrmex_hive_jungle=true, iceandfire:myrmex_hive_desert=true, iceandfire:silver_ore=true, iceandfire:siren_island=true, iceandfire:spawn_dragon_skeleton_ice=true, iceandfire:spawn_stymphalian_bird=true, iceandfire:fire_dragon_cave=true, iceandfire:sapphire_ore=true, iceandfire:spawn_hippocampus=true, iceandfire:spawn_death_worm=true}
[11Apr2025 23:19:02.968] [Server thread/INFO] [com.github.alexthe666.iceandfire.IceAndFire/]: {TROLL_S=true, HIPPOGRYPH=true, AMPHITHERE=true, COCKATRICE=true, TROLL_M=true, DREAD_LICH=true, TROLL_F=true}
[11Apr2025 23:19:02.968] [Server thread/INFO] [patchouli/]: Sending reload packet to clients
[11Apr2025 23:19:02.978] [Server thread/DEBUG] [io.netty.buffer.AbstractByteBuf/]: -Dio.netty.buffer.checkAccessible: true
[11Apr2025 23:19:02.978] [Server thread/DEBUG] [io.netty.buffer.AbstractByteBuf/]: -Dio.netty.buffer.checkBounds: true
[11Apr2025 23:19:02.979] [Server thread/DEBUG] [io.netty.util.ResourceLeakDetectorFactory/]: Loaded default ResourceLeakDetector: io.netty.util.ResourceLeakDetector@30bdbd34
[11Apr2025 23:19:02.986] [Server thread/DEBUG] [voicechat/]: [voicechat] Using default voicechat socket implementation
[11Apr2025 23:19:02.990] [VoiceChatServerThread/INFO] [voicechat/]: [voicechat] Voice chat server started at port 24454
[11Apr2025 23:19:03.031] [Server thread/DEBUG] [net.minecraftforge.coremod.transformer.CoreModBaseTransformer/COREMOD]: Transforming net/minecraft/world/level/NaturalSpawner
[11Apr2025 23:19:03.045] [Server thread/DEBUG] [mixin/]: Mixing item.wearable.NaturalSpawnerMixin from mixins.artifacts.common.json into net.minecraft.world.level.NaturalSpawner
[11Apr2025 23:19:03.046] [Server thread/DEBUG] [mixin/]: Renaming synthetic method lambda$spawnCategoryForPosition$0(Lnet/minecraft/world/entity/Mob;Lnet/minecraft/world/item/ItemStack;)V to md9818a3$lambda$spawnCategoryForPosition$0$0 in mixins.artifacts.common.json:item.wearable.NaturalSpawnerMixin
[11Apr2025 23:19:03.082] [Server thread/DEBUG] [mixin/]: Mixing camera.TrackedEntityMixin from securitycraft.mixins.json into net.minecraft.server.level.ChunkMap$TrackedEntity
[11Apr2025 23:19:03.153] [Server thread/DEBUG] [artifacts.Artifacts/]: Loaded artifacts.forge.platform.ForgePlatformHelper@1c420458 for service interface artifacts.platform.PlatformHelper
[11Apr2025 23:19:03.158] [Server thread/DEBUG] [mixin/]: Mixing item.wearable.charmofsinking.EnchantmentHelperMixin from mixins.artifacts.common.json into net.minecraft.world.item.enchantment.EnchantmentHelper
[11Apr2025 23:19:03.159] [Server thread/DEBUG] [mixin/]: Mixing EnchantmentHelperMixin from apotheosis.mixins.json into net.minecraft.world.item.enchantment.EnchantmentHelper
[11Apr2025 23:19:03.161] [Server thread/DEBUG] [mixin/]: Mixing MixinEnchantmentHelper from immersive_armors.mixins.json into net.minecraft.world.item.enchantment.EnchantmentHelper
[11Apr2025 23:19:03.596] [Server thread/DEBUG] [mixin/]: Mixing swimming.FallLocationMixin from expandability-common.mixins.json into net.minecraft.world.damagesource.FallLocation
[11Apr2025 23:19:12.242] [Server thread/INFO] [net.minecraft.server.MinecraftServer/]: Stopping server
[11Apr2025 23:19:12.243] [Server thread/INFO] [net.minecraft.server.MinecraftServer/]: Saving players
[11Apr2025 23:19:12.243] [Server thread/INFO] [net.minecraft.server.MinecraftServer/]: Saving worlds
[11Apr2025 23:19:12.444] [Server console handler/ERROR] [net.minecraft.server.dedicated.DedicatedServer/]: Caught previously unhandled exception :
java.io.IOError: java.io.IOException: Error executing 'stty -a': stty: 'standard input': Input/output error
	at org.jline.terminal.impl.AbstractPosixTerminal.setAttributes(AbstractPosixTerminal.java:54) ~[jline-terminal-3.12.1.jar%2364!/:?]
	at org.jline.reader.impl.LineReaderImpl.readLine(LineReaderImpl.java:650) ~[jline-reader-3.12.1.jar%2363!/:?]
	at org.jline.reader.impl.LineReaderImpl.readLine(LineReaderImpl.java:418) ~[jline-reader-3.12.1.jar%2363!/:?]
	at net.minecraftforge.server.console.TerminalHandler.handleCommands(TerminalHandler.java:46) ~[forge-1.20.1-47.3.7-universal.jar%23192!/:?]
	at net.minecraft.server.dedicated.DedicatedServer$1.run(DedicatedServer.java:84) ~[server-1.20.1-20230612.114412-srg.jar%23187!/:?]
Caused by: java.io.IOException: Error executing 'stty -a': stty: 'standard input': Input/output error
	at org.jline.utils.ExecHelper.exec(ExecHelper.java:42) ~[jline-terminal-3.12.1.jar%2364!/:?]
	at org.jline.terminal.impl.ExecPty.doGetConfig(ExecPty.java:175) ~[jline-terminal-3.12.1.jar%2364!/:?]
	at org.jline.terminal.impl.ExecPty.getAttr(ExecPty.java:87) ~[jline-terminal-3.12.1.jar%2364!/:?]
	at org.jline.terminal.impl.ExecPty.doSetAttr(ExecPty.java:93) ~[jline-terminal-3.12.1.jar%2364!/:?]
	at org.jline.terminal.impl.AbstractPty.setAttr(AbstractPty.java:29) ~[jline-terminal-3.12.1.jar%2364!/:?]
	at org.jline.terminal.impl.AbstractPosixTerminal.setAttributes(AbstractPosixTerminal.java:52) ~[jline-terminal-3.12.1.jar%2364!/:?]
	... 4 more
[11Apr2025 23:19:13.057] [Server thread/INFO] [net.minecraft.server.MinecraftServer/]: Saving chunks for level 'ServerLevel[world]'/minecraft:overworld
[11Apr2025 23:19:13.736] [Server thread/INFO] [net.minecraft.server.MinecraftServer/]: Saving chunks for level 'ServerLevel[world]'/minecraft:the_end
[11Apr2025 23:19:13.737] [Server thread/INFO] [net.minecraft.server.MinecraftServer/]: Saving chunks for level 'ServerLevel[world]'/minecraft:the_nether
[11Apr2025 23:19:13.738] [Server thread/INFO] [net.minecraft.server.MinecraftServer/]: Saving chunks for level 'ServerLevel[world]'/deeperdarker:otherside
[11Apr2025 23:19:13.740] [Server thread/DEBUG] [net.minecraftforge.common.ForgeHooks/WP]: Gathering id map for writing to world save world
[11Apr2025 23:19:13.753] [Server thread/DEBUG] [net.minecraftforge.common.ForgeHooks/WP]: ID Map collection complete world
[11Apr2025 23:19:13.769] [Server thread/INFO] [net.minecraft.server.MinecraftServer/]: ThreadedAnvilChunkStorage (world): All chunks are saved
[11Apr2025 23:19:13.769] [Server thread/INFO] [net.minecraft.server.MinecraftServer/]: ThreadedAnvilChunkStorage (DIM1): All chunks are saved
[11Apr2025 23:19:13.769] [Server thread/INFO] [net.minecraft.server.MinecraftServer/]: ThreadedAnvilChunkStorage (DIM-1): All chunks are saved
[11Apr2025 23:19:13.769] [Server thread/INFO] [net.minecraft.server.MinecraftServer/]: ThreadedAnvilChunkStorage (otherside): All chunks are saved
[11Apr2025 23:19:13.769] [Server thread/INFO] [net.minecraft.server.MinecraftServer/]: ThreadedAnvilChunkStorage: All dimensions are saved
[11Apr2025 23:19:13.779] [Server thread/DEBUG] [net.minecraftforge.fml.config.ConfigTracker/CONFIG]: Unloading configs type SERVER
[11Apr2025 23:19:13.780] [Server thread/INFO] [journeymap/]: Loading JourneyMap Forge Configs
