[12Apr2025 04:20:53.650] [main/INFO] [cpw.mods.modlauncher.Launcher/MODLAUNCHER]: ModLauncher running: args [--launchTarget, forgeserver, --fml.forgeVersion, 47.3.7, --fml.mcVersion, 1.20.1, --fml.forgeGroup, net.minecraftforge, --fml.mcpVersion, 20230612.114412, nogui]
[12Apr2025 04:20:53.653] [main/INFO] [cpw.mods.modlauncher.Launcher/MODLAUNCHER]: ModLauncher 10.0.9+10.0.9+main.dcd20f30 starting: java version 17.0.14 by Ubuntu; OS Linux arch amd64 version 6.8.0-1021-azure
[12Apr2025 04:20:54.870] [main/INFO] [net.minecraftforge.fml.loading.ImmediateWindowHandler/]: ImmediateWindowProvider not loading because launch target is forgeserver
[12Apr2025 04:20:54.923] [main/INFO] [mixin/]: SpongePowered MIXIN Subsystem Version=0.8.5 Source=union:/workspaces/RATALAND2025/servidor_minecraft/libraries/org/spongepowered/mixin/0.8.5/mixin-0.8.5.jar%2365!/ Service=ModLauncher Env=SERVER
[12Apr2025 04:20:55.274] [main/WARN] [net.minecraftforge.fml.loading.moddiscovery.ModFileParser/LOADING]: Mod file /workspaces/RATALAND2025/servidor_minecraft/libraries/net/minecraftforge/fmlcore/1.20.1-47.3.7/fmlcore-1.20.1-47.3.7.jar is missing mods.toml file
[12Apr2025 04:20:55.277] [main/WARN] [net.minecraftforge.fml.loading.moddiscovery.ModFileParser/LOADING]: Mod file /workspaces/RATALAND2025/servidor_minecraft/libraries/net/minecraftforge/javafmllanguage/1.20.1-47.3.7/javafmllanguage-1.20.1-47.3.7.jar is missing mods.toml file
[12Apr2025 04:20:55.278] [main/WARN] [net.minecraftforge.fml.loading.moddiscovery.ModFileParser/LOADING]: Mod file /workspaces/RATALAND2025/servidor_minecraft/libraries/net/minecraftforge/lowcodelanguage/1.20.1-47.3.7/lowcodelanguage-1.20.1-47.3.7.jar is missing mods.toml file
[12Apr2025 04:20:55.279] [main/WARN] [net.minecraftforge.fml.loading.moddiscovery.ModFileParser/LOADING]: Mod file /workspaces/RATALAND2025/servidor_minecraft/libraries/net/minecraftforge/mclanguage/1.20.1-47.3.7/mclanguage-1.20.1-47.3.7.jar is missing mods.toml file
[12Apr2025 04:20:55.588] [main/INFO] [net.minecraftforge.fml.loading.moddiscovery.JarInJarDependencyLocator/]: Found 10 dependencies adding them to mods collection
[12Apr2025 04:20:57.773] [main/INFO] [mixin/]: Compatibility level set to JAVA_17
[12Apr2025 04:20:57.876] [main/INFO] [cpw.mods.modlauncher.LaunchServiceHandler/MODLAUNCHER]: Launching target 'forgeserver' with arguments [nogui]
[12Apr2025 04:20:58.032] [main/WARN] [mixin/]: Reference map 'puzzlesaccessapi.common.refmap.json' for puzzlesaccessapi.common.mixins.json could not be read. If this is a development environment you can ignore this message
[12Apr2025 04:20:58.078] [main/INFO] [Puzzles Lib/]: Loading 60 mods:
	- apotheosis 7.4.6
	- appleskin 2.5.1+mc1.20.1
	- architectury 9.2.14
	- artifacts 9.5.13
		\-- expandability 9.0.4
	- attributeslib 1.3.7
	- balm 7.3.27
		\-- kuma_api 20.1.10
	- bookshelf 20.2.13
	- caelus 3.2.0+1.20.1
	- cataclysm 2.63
	- catalogue 1.8.0
	- citadel 2.6.1
	- cloth_config 11.1.136
	- configured 2.2.3
	- corpse 1.20.1-1.0.19
	- curios 5.14.0+1.20.1
	- deeperdarker 1.3.3
	- default_skill_trees 1.1
	- dungeons_arise 2.1.58-1.20.x
	- enchdesc 17.1.19
	- forge 47.3.7
	- geckolib 4.7.1.2
	- giacomos_exp 1.20.1-1.4.6
	- gobber2 2.8.9
	- iceandfire 2.1.13-1.20.1
	- immersive_armors 1.6.1+1.20.1
	- immersiveores 1.20.1-0.7
	- ironchest 1.20.1-14.4.4
	- ironfurnaces 4.1.6
	- irons_spellbooks 1.20.1-3.4.0.8
	- jade 11.12.3+forge
	- jei 15.20.0.105
	- journeymap 5.10.3
	- justleveling 1.7
	- lionfishapi 2.4-Fix
	- mca 7.6.3+1.20.1
	- minecraft 1.20.1
	- morevanillaarmor 1.20.1-5.1.2
	- mutantmonsters 8.0.7
	- patchouli 1.20.1-84.1-FORGE
	- placebo 8.6.3
	- playeranimator 1.0.2-rc1+1.20
	- puffish_attributes 0.7.3
	- puffish_skills 0.15.4
	- puzzleslib 8.1.32
		|-- mixinextras 0.4.1
		\-- puzzlesaccessapi 20.1.1
	- scalinghealth 8.0.2+9
	- securitycraft 1.9.12
	- silentlib 8.0.0
	- sophisticatedbackpacks 3.23.10.1220
	- sophisticatedcore 1.2.41.942
	- supermartijn642configlib 1.1.8
	- tacz 1.1.4-hotfix
	- unusualprehistory 1.5.0.3
	- useless_sword 1.4.1
	- voicechat 1.20.1-2.5.15
	- wan_ancient_beasts 1.1.5
	- waystones 14.1.11
[12Apr2025 04:20:58.204] [main/INFO] [net.minecraftforge.coremod.CoreMod.placebo/COREMODLOG]: Patching IForgeItemStack#getEnchantmentLevel
[12Apr2025 04:20:58.237] [main/INFO] [net.minecraftforge.coremod.CoreMod.placebo/COREMODLOG]: Patching IForgeItemStack#getEnchantmentLevel
[12Apr2025 04:20:58.929] [main/INFO] [net.minecraftforge.coremod.CoreMod.apotheosis/COREMODLOG]: Replaced 2 calls to Enchantment#getMaxLevel() in net/minecraft/world/inventory/AnvilMenu
[12Apr2025 04:20:58.950] [main/WARN] [mixin/]: Error loading class: org/violetmoon/quark/content/tweaks/module/GoldToolsHaveFortuneModule (java.lang.ClassNotFoundException: org.violetmoon.quark.content.tweaks.module.GoldToolsHaveFortuneModule)
[12Apr2025 04:20:58.952] [main/INFO] [net.minecraftforge.coremod.CoreMod.placebo/COREMODLOG]: Patching IForgeItemStack#getEnchantmentLevel
[12Apr2025 04:20:58.953] [main/INFO] [net.minecraftforge.coremod.CoreMod.placebo/COREMODLOG]: Patching IForgeItemStack#getEnchantmentLevel
[12Apr2025 04:20:58.963] [main/WARN] [mixin/]: Error loading class: com/hollingsworth/arsnouveau/common/items/SpellCrossbow (java.lang.ClassNotFoundException: com.hollingsworth.arsnouveau.common.items.SpellCrossbow)
[12Apr2025 04:20:59.007] [main/WARN] [mixin/]: Error loading class: net/bettercombat/client/collision/TargetFinder (java.lang.ClassNotFoundException: net.bettercombat.client.collision.TargetFinder)
[12Apr2025 04:20:59.008] [main/WARN] [mixin/]: @Mixin target net.bettercombat.client.collision.TargetFinder was not found justleveling.mixins.json:MixTargetFinder
[12Apr2025 04:20:59.350] [main/WARN] [mixin/]: Error loading class: net/minecraft/client/renderer/entity/PhantomRenderer (java.lang.ClassNotFoundException: net.minecraft.client.renderer.entity.PhantomRenderer)
[12Apr2025 04:20:59.350] [main/WARN] [mixin/]: @Mixin target net.minecraft.client.renderer.entity.PhantomRenderer was not found mixins.deeperdarker.json:PhantomRendererMixin
[12Apr2025 04:20:59.881] [main/INFO] [MixinExtras|Service/]: Initializing MixinExtras via com.llamalad7.mixinextras.service.MixinExtrasServiceImpl(version=0.4.1).
[12Apr2025 04:21:01.539] [main/INFO] [net.minecraftforge.coremod.CoreMod.apotheosis/COREMODLOG]: Replaced 2 calls to Enchantment#getMaxLevel() in net/minecraft/world/item/CreativeModeTabs
[12Apr2025 04:21:03.015] [main/INFO] [net.minecraftforge.coremod.CoreMod.placebo/COREMODLOG]: Patching IForgeItemStack#getEnchantmentLevel
[12Apr2025 04:21:03.016] [main/INFO] [net.minecraftforge.coremod.CoreMod.placebo/COREMODLOG]: Patching IForgeItemStack#getEnchantmentLevel
[12Apr2025 04:21:03.164] [main/INFO] [net.minecraftforge.coremod.CoreMod.apotheosis/COREMODLOG]: Replaced 2 calls to Enchantment#getMaxLevel() in net/minecraft/world/inventory/AnvilMenu
[12Apr2025 04:21:05.244] [main/INFO] [net.minecraftforge.coremod.CoreMod.apotheosis/COREMODLOG]: Patching FishingHook#catchingFish
[12Apr2025 04:21:05.603] [main/INFO] [net.minecraftforge.coremod.CoreMod.apotheosis/COREMODLOG]: Replaced 1 calls to Enchantment#getMaxLevel() in net/minecraft/world/level/storage/loot/functions/EnchantRandomlyFunction
[12Apr2025 04:21:05.603] [main/INFO] [net.minecraftforge.coremod.CoreMod.apotheosis/COREMODLOG]: Replaced 1 calls to Enchantment#isDiscoverable() in net/minecraft/world/level/storage/loot/functions/EnchantRandomlyFunction
[12Apr2025 04:21:06.429] [modloading-worker-0/INFO] [Puzzles Lib/]: Constructing common components for mutantmonsters:main
[12Apr2025 04:21:06.765] [modloading-worker-0/INFO] [Bookshelf/]: Fixing MC-151457. Crafting remainder for minecraft:pufferfish_bucket is now minecraft:bucket.
[12Apr2025 04:21:06.766] [modloading-worker-0/INFO] [Bookshelf/]: Fixing MC-151457. Crafting remainder for minecraft:salmon_bucket is now minecraft:bucket.
[12Apr2025 04:21:06.766] [modloading-worker-0/INFO] [Bookshelf/]: Fixing MC-151457. Crafting remainder for minecraft:cod_bucket is now minecraft:bucket.
[12Apr2025 04:21:06.767] [modloading-worker-0/INFO] [Bookshelf/]: Fixing MC-151457. Crafting remainder for minecraft:tropical_fish_bucket is now minecraft:bucket.
[12Apr2025 04:21:06.767] [modloading-worker-0/INFO] [Bookshelf/]: Fixing MC-151457. Crafting remainder for minecraft:axolotl_bucket is now minecraft:bucket.
[12Apr2025 04:21:06.767] [modloading-worker-0/INFO] [Bookshelf/]: Fixing MC-151457. Crafting remainder for minecraft:powder_snow_bucket is now minecraft:bucket.
[12Apr2025 04:21:06.767] [modloading-worker-0/INFO] [Bookshelf/]: Fixing MC-151457. Crafting remainder for minecraft:tadpole_bucket is now minecraft:bucket.
[12Apr2025 04:21:06.830] [modloading-worker-0/INFO] [dev.architectury.networking.forge.NetworkManagerImpl/]: Registering C2S receiver with id architectury:sync_ids
[12Apr2025 04:21:06.831] [modloading-worker-0/INFO] [dev.architectury.networking.forge.NetworkManagerImpl/]: Registering C2S receiver with id artifacts:networking_channel/42a7ad70b1cc371599a0eff744096b8a
[12Apr2025 04:21:06.839] [modloading-worker-0/INFO] [dev.architectury.networking.forge.NetworkManagerImpl/]: Registering C2S receiver with id artifacts:networking_channel/74a5e841822a3a87854ae896a33430d6
[12Apr2025 04:21:06.846] [modloading-worker-0/INFO] [dev.architectury.networking.forge.NetworkManagerImpl/]: Registering C2S receiver with id artifacts:networking_channel/eb3d1e2748533430848cadf0f37c7e9c
[12Apr2025 04:21:06.848] [modloading-worker-0/INFO] [dev.architectury.networking.forge.NetworkManagerImpl/]: Registering C2S receiver with id artifacts:networking_channel/91c8520f19f93b3e8b6a727568e194ab
[12Apr2025 04:21:06.848] [modloading-worker-0/INFO] [dev.architectury.networking.forge.NetworkManagerImpl/]: Registering C2S receiver with id artifacts:networking_channel/8c2784d778293fd482ed84b8aa5fedb9
[12Apr2025 04:21:06.851] [modloading-worker-0/INFO] [dev.architectury.networking.forge.NetworkManagerImpl/]: Registering C2S receiver with id artifacts:networking_channel/ea038224ea783d40b2863f52239e2604
[12Apr2025 04:21:06.855] [modloading-worker-0/INFO] [dev.architectury.networking.forge.NetworkManagerImpl/]: Registering C2S receiver with id artifacts:networking_channel/97ad64b7ecaf33209991c4f031501a58
[12Apr2025 04:21:07.406] [modloading-worker-0/INFO] [net.minecraftforge.coremod.CoreMod.apotheosis/COREMODLOG]: Patching FishingHook#catchingFish
[12Apr2025 04:21:07.436] [modloading-worker-0/INFO] [ironfurnaces.IronFurnaces/]: Initializing Update Checker...
[12Apr2025 04:21:07.451] [ Iron Furnaces Update Checker/INFO] [ironfurnaces.IronFurnaces/]: Starting Update Check...
[12Apr2025 04:21:08.109] [ Iron Furnaces Update Checker/INFO] [ironfurnaces.IronFurnaces/]: Update Check done!
[12Apr2025 04:21:08.109] [ Iron Furnaces Update Checker/INFO] [ironfurnaces.IronFurnaces/]: Iron Furnaces is up to date!
[12Apr2025 04:21:08.331] [modloading-worker-0/INFO] [Puzzles Lib/]: Constructing common components for puzzleslib:main
[12Apr2025 04:21:08.367] [modloading-worker-0/INFO] [net.minecraftforge.common.ForgeMod/FORGEMOD]: Forge mod loading, version 47.3.7, for MC 1.20.1 with MCP 20230612.114412
[12Apr2025 04:21:08.367] [modloading-worker-0/INFO] [net.minecraftforge.common.MinecraftForge/FORGE]: MinecraftForge v47.3.7 Initialized
[12Apr2025 04:21:08.398] [modloading-worker-0/INFO] [be.florens.expandability.ExpandAbility/]: ExpandAbility here, who dis?
[12Apr2025 04:21:08.399] [modloading-worker-0/INFO] [wan_ancient_beasts/]: Welcome to Wan Ancient Beasts Mod [1.1.5 for 1.20.1]
[12Apr2025 04:21:09.793] [main/WARN] [dev.architectury.registry.registries.forge.RegistrarManagerImpl/]: Registry entry listened Registry Entry [minecraft:entity_type / mca:grim_reaper] was not realized!
[12Apr2025 04:21:09.794] [main/WARN] [dev.architectury.registry.registries.forge.RegistrarManagerImpl/]: Registry entry listened Registry Entry [minecraft:entity_type / mca:female_villager] was not realized!
[12Apr2025 04:21:09.794] [main/WARN] [dev.architectury.registry.registries.forge.RegistrarManagerImpl/]: Registry entry listened Registry Entry [minecraft:entity_type / mca:female_zombie_villager] was not realized!
[12Apr2025 04:21:09.794] [main/WARN] [dev.architectury.registry.registries.forge.RegistrarManagerImpl/]: Registry entry listened Registry Entry [minecraft:entity_type / mca:male_villager] was not realized!
[12Apr2025 04:21:09.794] [main/WARN] [dev.architectury.registry.registries.forge.RegistrarManagerImpl/]: Registry entry listened Registry Entry [minecraft:entity_type / mca:male_zombie_villager] was not realized!
[12Apr2025 04:21:10.906] [main/WARN] [net.minecraft.network.syncher.SynchedEntityData/]: defineId called for: class forge.net.mca.entity.GrimReaperEntity from class forge.net.mca.util.network.datasync.CEnumParameter
[12Apr2025 04:21:10.919] [main/WARN] [net.minecraft.network.syncher.SynchedEntityData/]: defineId called for: class forge.net.mca.entity.VillagerEntityMCA from class forge.net.mca.util.network.datasync.CDataParameter
[12Apr2025 04:21:10.919] [main/WARN] [net.minecraft.network.syncher.SynchedEntityData/]: defineId called for: class forge.net.mca.entity.VillagerEntityMCA from class forge.net.mca.util.network.datasync.CDataParameter
[12Apr2025 04:21:10.920] [main/WARN] [net.minecraft.network.syncher.SynchedEntityData/]: defineId called for: class forge.net.mca.entity.VillagerEntityMCA from class forge.net.mca.util.network.datasync.CDataParameter
[12Apr2025 04:21:10.920] [main/WARN] [net.minecraft.network.syncher.SynchedEntityData/]: defineId called for: class forge.net.mca.entity.VillagerEntityMCA from class forge.net.mca.util.network.datasync.CDataParameter
[12Apr2025 04:21:10.920] [main/WARN] [net.minecraft.network.syncher.SynchedEntityData/]: defineId called for: class forge.net.mca.entity.VillagerEntityMCA from class forge.net.mca.util.network.datasync.CDataParameter
[12Apr2025 04:21:10.920] [main/WARN] [net.minecraft.network.syncher.SynchedEntityData/]: defineId called for: class forge.net.mca.entity.VillagerEntityMCA from class forge.net.mca.util.network.datasync.CDataParameter
[12Apr2025 04:21:10.920] [main/WARN] [net.minecraft.network.syncher.SynchedEntityData/]: defineId called for: class forge.net.mca.entity.VillagerEntityMCA from class forge.net.mca.util.network.datasync.CDataParameter
[12Apr2025 04:21:10.920] [main/WARN] [net.minecraft.network.syncher.SynchedEntityData/]: defineId called for: class forge.net.mca.entity.VillagerEntityMCA from class forge.net.mca.util.network.datasync.CEnumParameter
[12Apr2025 04:21:10.922] [main/WARN] [net.minecraft.network.syncher.SynchedEntityData/]: defineId called for: class forge.net.mca.entity.VillagerEntityMCA from class forge.net.mca.util.network.datasync.CDataParameter
[12Apr2025 04:21:10.922] [main/WARN] [net.minecraft.network.syncher.SynchedEntityData/]: defineId called for: class forge.net.mca.entity.VillagerEntityMCA from class forge.net.mca.util.network.datasync.CDataParameter
[12Apr2025 04:21:10.923] [main/WARN] [net.minecraft.network.syncher.SynchedEntityData/]: defineId called for: class forge.net.mca.entity.VillagerEntityMCA from class forge.net.mca.util.network.datasync.CDataParameter
[12Apr2025 04:21:10.923] [main/WARN] [net.minecraft.network.syncher.SynchedEntityData/]: defineId called for: class forge.net.mca.entity.VillagerEntityMCA from class forge.net.mca.util.network.datasync.CDataParameter
[12Apr2025 04:21:10.923] [main/WARN] [net.minecraft.network.syncher.SynchedEntityData/]: defineId called for: class forge.net.mca.entity.VillagerEntityMCA from class forge.net.mca.util.network.datasync.CDataParameter
[12Apr2025 04:21:10.923] [main/WARN] [net.minecraft.network.syncher.SynchedEntityData/]: defineId called for: class forge.net.mca.entity.VillagerEntityMCA from class forge.net.mca.util.network.datasync.CDataParameter
[12Apr2025 04:21:10.923] [main/WARN] [net.minecraft.network.syncher.SynchedEntityData/]: defineId called for: class forge.net.mca.entity.VillagerEntityMCA from class forge.net.mca.util.network.datasync.CDataParameter
[12Apr2025 04:21:10.924] [main/WARN] [net.minecraft.network.syncher.SynchedEntityData/]: defineId called for: class forge.net.mca.entity.VillagerEntityMCA from class forge.net.mca.util.network.datasync.CDataParameter
[12Apr2025 04:21:10.924] [main/WARN] [net.minecraft.network.syncher.SynchedEntityData/]: defineId called for: class forge.net.mca.entity.VillagerEntityMCA from class forge.net.mca.util.network.datasync.CDataParameter
[12Apr2025 04:21:10.924] [main/WARN] [net.minecraft.network.syncher.SynchedEntityData/]: defineId called for: class forge.net.mca.entity.VillagerEntityMCA from class forge.net.mca.util.network.datasync.CDataParameter
[12Apr2025 04:21:10.924] [main/WARN] [net.minecraft.network.syncher.SynchedEntityData/]: defineId called for: class forge.net.mca.entity.VillagerEntityMCA from class forge.net.mca.util.network.datasync.CDataParameter
[12Apr2025 04:21:10.924] [main/WARN] [net.minecraft.network.syncher.SynchedEntityData/]: defineId called for: class forge.net.mca.entity.VillagerEntityMCA from class forge.net.mca.util.network.datasync.CEnumParameter
[12Apr2025 04:21:10.925] [main/WARN] [net.minecraft.network.syncher.SynchedEntityData/]: defineId called for: class forge.net.mca.entity.VillagerEntityMCA from class forge.net.mca.util.network.datasync.CDataParameter
[12Apr2025 04:21:10.928] [main/WARN] [net.minecraft.network.syncher.SynchedEntityData/]: defineId called for: class forge.net.mca.entity.VillagerEntityMCA from class forge.net.mca.util.network.datasync.CDataParameter
[12Apr2025 04:21:10.929] [main/WARN] [net.minecraft.network.syncher.SynchedEntityData/]: defineId called for: class forge.net.mca.entity.VillagerEntityMCA from class forge.net.mca.util.network.datasync.CEnumParameter
[12Apr2025 04:21:10.929] [main/WARN] [net.minecraft.network.syncher.SynchedEntityData/]: defineId called for: class forge.net.mca.entity.VillagerEntityMCA from class forge.net.mca.util.network.datasync.CDataParameter
[12Apr2025 04:21:10.929] [main/WARN] [net.minecraft.network.syncher.SynchedEntityData/]: defineId called for: class forge.net.mca.entity.VillagerEntityMCA from class forge.net.mca.util.network.datasync.CEnumParameter
[12Apr2025 04:21:10.929] [main/WARN] [net.minecraft.network.syncher.SynchedEntityData/]: defineId called for: class forge.net.mca.entity.VillagerEntityMCA from class forge.net.mca.util.network.datasync.CEnumParameter
[12Apr2025 04:21:10.930] [main/WARN] [net.minecraft.network.syncher.SynchedEntityData/]: defineId called for: class forge.net.mca.entity.VillagerEntityMCA from class forge.net.mca.util.network.datasync.CDataParameter
[12Apr2025 04:21:10.930] [main/WARN] [net.minecraft.network.syncher.SynchedEntityData/]: defineId called for: class forge.net.mca.entity.VillagerEntityMCA from class forge.net.mca.util.network.datasync.CDataParameter
[12Apr2025 04:21:10.930] [main/WARN] [net.minecraft.network.syncher.SynchedEntityData/]: defineId called for: class forge.net.mca.entity.VillagerEntityMCA from class forge.net.mca.util.network.datasync.CDataParameter
[12Apr2025 04:21:10.930] [main/WARN] [net.minecraft.network.syncher.SynchedEntityData/]: defineId called for: class forge.net.mca.entity.VillagerEntityMCA from class forge.net.mca.util.network.datasync.CDataParameter
[12Apr2025 04:21:10.930] [main/WARN] [net.minecraft.network.syncher.SynchedEntityData/]: defineId called for: class forge.net.mca.entity.VillagerEntityMCA from class forge.net.mca.util.network.datasync.CDataParameter
[12Apr2025 04:21:10.932] [main/WARN] [net.minecraft.network.syncher.SynchedEntityData/]: defineId called for: class forge.net.mca.entity.VillagerEntityMCA from class forge.net.mca.util.network.datasync.CDataParameter
[12Apr2025 04:21:10.936] [main/WARN] [net.minecraft.network.syncher.SynchedEntityData/]: defineId called for: class forge.net.mca.entity.VillagerEntityMCA from class forge.net.mca.util.network.datasync.CDataParameter
[12Apr2025 04:21:10.936] [main/WARN] [net.minecraft.network.syncher.SynchedEntityData/]: defineId called for: class forge.net.mca.entity.VillagerEntityMCA from class forge.net.mca.util.network.datasync.CDataParameter
[12Apr2025 04:21:10.937] [main/WARN] [net.minecraft.network.syncher.SynchedEntityData/]: defineId called for: class forge.net.mca.entity.VillagerEntityMCA from class forge.net.mca.util.network.datasync.CDataParameter
[12Apr2025 04:21:10.937] [main/WARN] [net.minecraft.network.syncher.SynchedEntityData/]: defineId called for: class forge.net.mca.entity.VillagerEntityMCA from class forge.net.mca.util.network.datasync.CDataParameter
[12Apr2025 04:21:10.938] [main/WARN] [net.minecraft.network.syncher.SynchedEntityData/]: defineId called for: class forge.net.mca.entity.VillagerEntityMCA from class forge.net.mca.util.network.datasync.CDataParameter
[12Apr2025 04:21:10.989] [main/INFO] [Puzzles Lib/]: Loading common config for mutantmonsters
[12Apr2025 04:21:10.991] [Thread-2/INFO] [Puzzles Lib/]: Reloading common config for mutantmonsters
[12Apr2025 04:21:10.991] [Thread-2/INFO] [Puzzles Lib/]: Reloading common config for mutantmonsters
[12Apr2025 04:21:11.088] [main/WARN] [net.minecraftforge.common.ForgeConfigSpec/CORE]: Configuration file /workspaces/RATALAND2025/servidor_minecraft/config/unusualprehistory-common.toml is not correct. Correcting
[12Apr2025 04:21:11.090] [main/WARN] [net.minecraftforge.common.ForgeConfigSpec/CORE]: Incorrect key screen_shake was corrected from null to its default, true. 
[12Apr2025 04:21:11.091] [main/WARN] [net.minecraftforge.common.ForgeConfigSpec/CORE]: Incorrect key screen_shake_brachi was corrected from null to its default, true. 
[12Apr2025 04:21:11.093] [main/WARN] [net.minecraftforge.common.ForgeConfigSpec/CORE]: Incorrect key screen_shake_brachi_range was corrected from null to its default, 10.0. 
[12Apr2025 04:21:11.095] [main/WARN] [net.minecraftforge.common.ForgeConfigSpec/CORE]: Incorrect key screen_shake_brachi_teen_range was corrected from null to its default, 5.0. 
[12Apr2025 04:21:11.097] [main/WARN] [net.minecraftforge.common.ForgeConfigSpec/CORE]: Incorrect key screen_shake_brachi_amplifier was corrected from null to its default, 1. 
[12Apr2025 04:21:11.100] [main/WARN] [net.minecraftforge.common.ForgeConfigSpec/CORE]: Incorrect key screen_shake_brachi_teen_amplifier was corrected from null to its default, 0. 
[12Apr2025 04:21:11.104] [main/WARN] [net.minecraftforge.common.ForgeConfigSpec/CORE]: Incorrect key brachi_sound_volume was corrected from null to its default, 3.0. 
[12Apr2025 04:21:11.105] [main/WARN] [net.minecraftforge.common.ForgeConfigSpec/CORE]: Incorrect key brachi_teen_sound_volume was corrected from null to its default, 1.5. 
[12Apr2025 04:21:11.107] [main/WARN] [net.minecraftforge.common.ForgeConfigSpec/CORE]: Incorrect key brachi_experimental_footprints was corrected from null to its default, false. 
[12Apr2025 04:21:11.109] [main/WARN] [net.minecraftforge.common.ForgeConfigSpec/CORE]: Incorrect key screen_shake_rex was corrected from null to its default, true. 
[12Apr2025 04:21:11.110] [main/WARN] [net.minecraftforge.common.ForgeConfigSpec/CORE]: Incorrect key screen_shake_rex_range was corrected from null to its default, 10.0. 
[12Apr2025 04:21:11.112] [main/WARN] [net.minecraftforge.common.ForgeConfigSpec/CORE]: Incorrect key screen_shake_rex_amplifier was corrected from null to its default, 1. 
[12Apr2025 04:21:11.114] [main/WARN] [net.minecraftforge.common.ForgeConfigSpec/CORE]: Incorrect key rex_sound_volume was corrected from null to its default, 0.5. 
[12Apr2025 04:21:11.116] [main/WARN] [net.minecraftforge.common.ForgeConfigSpec/CORE]: Incorrect key dino_natural_spawn was corrected from null to its default, false. 
[12Apr2025 04:21:11.118] [Thread-2/WARN] [net.minecraftforge.fml.config.ConfigFileTypeHandler/CONFIG]: Configuration file /workspaces/RATALAND2025/servidor_minecraft/config/unusualprehistory-common.toml is not correct. Correcting
[12Apr2025 04:21:11.130] [Thread-2/WARN] [net.minecraftforge.fml.config.ConfigFileTypeHandler/CONFIG]: Configuration file /workspaces/RATALAND2025/servidor_minecraft/config/unusualprehistory-common.toml is not correct. Correcting
[12Apr2025 04:21:11.273] [modloading-worker-0/INFO] [voicechat/]: [voicechat] Compatibility version 18
[12Apr2025 04:21:11.417] [modloading-worker-0/INFO] [voicechat/]: [voicechat] Loading plugins
[12Apr2025 04:21:11.449] [modloading-worker-0/INFO] [voicechat/]: [voicechat] Loaded 0 plugin(s)
[12Apr2025 04:21:11.450] [modloading-worker-0/INFO] [voicechat/]: [voicechat] Initializing plugins
[12Apr2025 04:21:11.450] [modloading-worker-0/INFO] [voicechat/]: [voicechat] Initialized 0 plugin(s)
[12Apr2025 04:21:11.560] [modloading-worker-0/INFO] [net.minecraftforge.coremod.CoreMod.apotheosis/COREMODLOG]: Replaced 1 calls to Enchantment#getMaxLevel() in net/minecraft/world/entity/npc/VillagerTrades$EnchantBookForEmeralds
[12Apr2025 04:21:11.561] [modloading-worker-0/INFO] [net.minecraftforge.coremod.CoreMod.apotheosis/COREMODLOG]: Replaced 1 calls to Enchantment#isTreasureOnly() in net/minecraft/world/entity/npc/VillagerTrades$EnchantBookForEmeralds
[12Apr2025 04:21:11.563] [modloading-worker-0/INFO] [net.minecraftforge.coremod.CoreMod.apotheosis/COREMODLOG]: Replaced 1 calls to Enchantment#isTradeable() in net/minecraft/world/entity/npc/VillagerTrades$EnchantBookForEmeralds
[12Apr2025 04:21:11.616] [Forge Version Check/INFO] [net.minecraftforge.fml.VersionChecker/]: [mutantmonsters] Starting version check at https://raw.githubusercontent.com/Fuzss/modresources/main/update/mutantmonsters.json
[12Apr2025 04:21:11.801] [main/INFO] [tacz/SYNCED_ENTITY_DATA_TAC_COPY]: Registered synced data key tacz:shoot_cool_down for minecraft:living_entity
[12Apr2025 04:21:11.801] [main/INFO] [tacz/SYNCED_ENTITY_DATA_TAC_COPY]: Registered synced data key tacz:melee_cool_down for minecraft:living_entity
[12Apr2025 04:21:11.801] [main/INFO] [tacz/SYNCED_ENTITY_DATA_TAC_COPY]: Registered synced data key tacz:reload_state for minecraft:living_entity
[12Apr2025 04:21:11.802] [main/INFO] [tacz/SYNCED_ENTITY_DATA_TAC_COPY]: Registered synced data key tacz:aiming_progress for minecraft:living_entity
[12Apr2025 04:21:11.802] [main/INFO] [tacz/SYNCED_ENTITY_DATA_TAC_COPY]: Registered synced data key tacz:draw_cool_down for minecraft:living_entity
[12Apr2025 04:21:11.802] [main/INFO] [tacz/SYNCED_ENTITY_DATA_TAC_COPY]: Registered synced data key tacz:is_aiming for minecraft:living_entity
[12Apr2025 04:21:11.802] [main/INFO] [tacz/SYNCED_ENTITY_DATA_TAC_COPY]: Registered synced data key tacz:sprint_time for minecraft:living_entity
[12Apr2025 04:21:11.802] [main/INFO] [tacz/SYNCED_ENTITY_DATA_TAC_COPY]: Registered synced data key tacz:is_bolting for minecraft:living_entity
[12Apr2025 04:21:11.803] [main/INFO] [journeymap/]: Initializing Packet Registries
[12Apr2025 04:21:11.819] [Forge Version Check/INFO] [net.minecraftforge.fml.VersionChecker/]: [mutantmonsters] Found status: UP_TO_DATE Current: 8.0.7 Target: null
[12Apr2025 04:21:11.819] [Forge Version Check/INFO] [net.minecraftforge.fml.VersionChecker/]: [journeymap] Starting version check at https://forge.curseupdate.com/32274/journeymap
[12Apr2025 04:21:11.911] [main/INFO] [wan_ancient_beasts/]: Hello World from Wan's Ancient Beasts Server Side
[12Apr2025 04:21:11.976] [modloading-worker-0/INFO] [io.redspace.ironsspellbooks.IronsSpellbooks/]: Got IMC []
[12Apr2025 04:21:11.994] [Forge Version Check/INFO] [net.minecraftforge.fml.VersionChecker/]: [journeymap] Found status: UP_TO_DATE Current: 5.10.3 Target: null
[12Apr2025 04:21:11.994] [Forge Version Check/INFO] [net.minecraftforge.fml.VersionChecker/]: [configured] Starting version check at https://mrcrayfish.com/modupdatejson?id=configured
[12Apr2025 04:21:12.042] [modloading-worker-0/INFO] [Jade/]: Start loading plugin at net.blay09.mods.waystones.compat.JadeIntegration
[12Apr2025 04:21:12.051] [modloading-worker-0/INFO] [Jade/]: Start loading plugin at dev.shadowsoffire.apotheosis.spawn.compat.SpawnerHwylaPlugin
[12Apr2025 04:21:12.053] [modloading-worker-0/INFO] [Jade/]: Start loading plugin at dev.shadowsoffire.apotheosis.ench.compat.EnchHwylaPlugin
[12Apr2025 04:21:12.054] [modloading-worker-0/INFO] [Jade/]: Start loading plugin at dev.shadowsoffire.apotheosis.adventure.compat.AdventureHwylaPlugin
[12Apr2025 04:21:12.055] [modloading-worker-0/INFO] [Jade/]: Start loading plugin at net.blay09.mods.balm.forge.compat.hudinfo.ForgeJadeModCompat
[12Apr2025 04:21:12.056] [modloading-worker-0/INFO] [Jade/]: Start loading plugin at de.maxhenkel.corpse.integration.waila.PluginCorpse
[12Apr2025 04:21:12.057] [modloading-worker-0/INFO] [Jade/]: Start loading plugin at snownee.jade.addon.vanilla.VanillaPlugin
[12Apr2025 04:21:12.069] [modloading-worker-0/INFO] [Jade/]: Start loading plugin at snownee.jade.addon.universal.UniversalPlugin
[12Apr2025 04:21:12.074] [modloading-worker-0/INFO] [Jade/]: Start loading plugin at snownee.jade.addon.core.CorePlugin
[12Apr2025 04:21:12.076] [modloading-worker-0/INFO] [Jade/]: Start loading plugin at net.geforcemods.securitycraft.compat.hudmods.JadeDataProvider
[12Apr2025 04:21:12.214] [Forge Version Check/WARN] [net.minecraftforge.fml.VersionChecker/]: Failed to process update information
com.google.gson.JsonSyntaxException: java.lang.IllegalStateException: Expected BEGIN_OBJECT but was STRING at line 1 column 1 path $
	at com.google.gson.Gson.fromJson(Gson.java:1226) ~[gson-2.10.jar%2372!/:?]
	at com.google.gson.Gson.fromJson(Gson.java:1124) ~[gson-2.10.jar%2372!/:?]
	at com.google.gson.Gson.fromJson(Gson.java:1034) ~[gson-2.10.jar%2372!/:?]
	at com.google.gson.Gson.fromJson(Gson.java:969) ~[gson-2.10.jar%2372!/:?]
	at net.minecraftforge.fml.VersionChecker$1.process(VersionChecker.java:183) ~[fmlcore-1.20.1-47.3.7.jar%23210!/:?]
	at java.lang.Iterable.forEach(Iterable.java:75) ~[?:?]
	at net.minecraftforge.fml.VersionChecker$1.run(VersionChecker.java:114) ~[fmlcore-1.20.1-47.3.7.jar%23210!/:?]
Caused by: java.lang.IllegalStateException: Expected BEGIN_OBJECT but was STRING at line 1 column 1 path $
	at com.google.gson.stream.JsonReader.beginObject(JsonReader.java:393) ~[gson-2.10.jar%2372!/:?]
	at com.google.gson.internal.bind.MapTypeAdapterFactory$Adapter.read(MapTypeAdapterFactory.java:182) ~[gson-2.10.jar%2372!/:?]
	at com.google.gson.internal.bind.MapTypeAdapterFactory$Adapter.read(MapTypeAdapterFactory.java:144) ~[gson-2.10.jar%2372!/:?]
	at com.google.gson.Gson.fromJson(Gson.java:1214) ~[gson-2.10.jar%2372!/:?]
	... 6 more
[12Apr2025 04:21:12.216] [Forge Version Check/INFO] [net.minecraftforge.fml.VersionChecker/]: [bookshelf] Starting version check at https://updates.blamejared.com/get?n=bookshelf&gv=1.20.1
[12Apr2025 04:21:12.637] [Forge Version Check/INFO] [net.minecraftforge.fml.VersionChecker/]: [bookshelf] Found status: BETA Current: 20.2.13 Target: 20.2.13
[12Apr2025 04:21:12.638] [Forge Version Check/INFO] [net.minecraftforge.fml.VersionChecker/]: [catalogue] Starting version check at https://mrcrayfish.com/modupdatejson?id=catalogue
[12Apr2025 04:21:12.666] [Forge Version Check/WARN] [net.minecraftforge.fml.VersionChecker/]: Failed to process update information
com.google.gson.JsonSyntaxException: java.lang.IllegalStateException: Expected BEGIN_OBJECT but was STRING at line 1 column 1 path $
	at com.google.gson.Gson.fromJson(Gson.java:1226) ~[gson-2.10.jar%2372!/:?]
	at com.google.gson.Gson.fromJson(Gson.java:1124) ~[gson-2.10.jar%2372!/:?]
	at com.google.gson.Gson.fromJson(Gson.java:1034) ~[gson-2.10.jar%2372!/:?]
	at com.google.gson.Gson.fromJson(Gson.java:969) ~[gson-2.10.jar%2372!/:?]
	at net.minecraftforge.fml.VersionChecker$1.process(VersionChecker.java:183) ~[fmlcore-1.20.1-47.3.7.jar%23210!/:?]
	at java.lang.Iterable.forEach(Iterable.java:75) ~[?:?]
	at net.minecraftforge.fml.VersionChecker$1.run(VersionChecker.java:114) ~[fmlcore-1.20.1-47.3.7.jar%23210!/:?]
Caused by: java.lang.IllegalStateException: Expected BEGIN_OBJECT but was STRING at line 1 column 1 path $
	at com.google.gson.stream.JsonReader.beginObject(JsonReader.java:393) ~[gson-2.10.jar%2372!/:?]
	at com.google.gson.internal.bind.MapTypeAdapterFactory$Adapter.read(MapTypeAdapterFactory.java:182) ~[gson-2.10.jar%2372!/:?]
	at com.google.gson.internal.bind.MapTypeAdapterFactory$Adapter.read(MapTypeAdapterFactory.java:144) ~[gson-2.10.jar%2372!/:?]
	at com.google.gson.Gson.fromJson(Gson.java:1214) ~[gson-2.10.jar%2372!/:?]
	... 6 more
[12Apr2025 04:21:12.667] [Forge Version Check/INFO] [net.minecraftforge.fml.VersionChecker/]: [puzzlesaccessapi] Starting version check at https://raw.githubusercontent.com/Fuzss/modresources/main/update/puzzlesaccessapi.json
[12Apr2025 04:21:12.677] [Forge Version Check/INFO] [net.minecraftforge.fml.VersionChecker/]: [puzzlesaccessapi] Found status: BETA Current: 20.1.1 Target: null
[12Apr2025 04:21:12.677] [Forge Version Check/INFO] [net.minecraftforge.fml.VersionChecker/]: [corpse] Starting version check at https://update.maxhenkel.de/forge/corpse
[12Apr2025 04:21:13.222] [Forge Version Check/INFO] [net.minecraftforge.fml.VersionChecker/]: [corpse] Found status: OUTDATED Current: 1.20.1-1.0.19 Target: 1.20.1-1.0.20
[12Apr2025 04:21:13.223] [Forge Version Check/INFO] [net.minecraftforge.fml.VersionChecker/]: [voicechat] Starting version check at https://update.maxhenkel.de/forge/voicechat
[12Apr2025 04:21:13.325] [Forge Version Check/INFO] [net.minecraftforge.fml.VersionChecker/]: [voicechat] Found status: OUTDATED Current: 1.20.1-2.5.15 Target: 1.20.1-2.5.29
[12Apr2025 04:21:13.325] [Forge Version Check/INFO] [net.minecraftforge.fml.VersionChecker/]: [enchdesc] Starting version check at https://updates.blamejared.com/get?n=enchdesc&gv=1.20.1
[12Apr2025 04:21:13.428] [Forge Version Check/INFO] [net.minecraftforge.fml.VersionChecker/]: [enchdesc] Found status: BETA Current: 17.1.19 Target: 17.1.19
[12Apr2025 04:21:13.429] [Forge Version Check/INFO] [net.minecraftforge.fml.VersionChecker/]: [silentlib] Starting version check at https://raw.githubusercontent.com/SilentChaos512/SilentLib/1.20.x/update.json
[12Apr2025 04:21:13.452] [Forge Version Check/INFO] [net.minecraftforge.fml.VersionChecker/]: [silentlib] Found status: BETA Current: 8.0.0 Target: null
[12Apr2025 04:21:13.452] [Forge Version Check/INFO] [net.minecraftforge.fml.VersionChecker/]: [securitycraft] Starting version check at https://www.github.com/Geforce132/SecurityCraft/raw/master/Updates/Forge.json
[12Apr2025 04:21:13.551] [Forge Version Check/INFO] [net.minecraftforge.fml.VersionChecker/]: [securitycraft] Found status: UP_TO_DATE Current: 1.9.12 Target: null
[12Apr2025 04:21:13.551] [Forge Version Check/INFO] [net.minecraftforge.fml.VersionChecker/]: [morevanillaarmor] Starting version check at https://assets.melanx.de/updates/morevanillaarmor.json
[12Apr2025 04:21:13.729] [Forge Version Check/INFO] [net.minecraftforge.fml.VersionChecker/]: [morevanillaarmor] Found status: UP_TO_DATE Current: 1.20.1-5.1.2 Target: null
[12Apr2025 04:21:13.730] [Forge Version Check/INFO] [net.minecraftforge.fml.VersionChecker/]: [puzzleslib] Starting version check at https://raw.githubusercontent.com/Fuzss/modresources/main/update/puzzleslib.json
[12Apr2025 04:21:13.741] [Forge Version Check/INFO] [net.minecraftforge.fml.VersionChecker/]: [puzzleslib] Found status: UP_TO_DATE Current: 8.1.32 Target: null
[12Apr2025 04:21:13.741] [Forge Version Check/INFO] [net.minecraftforge.fml.VersionChecker/]: [scalinghealth] Starting version check at https://raw.githubusercontent.com/SilentChaos512/ScalingHealth/1.18/update.json
[12Apr2025 04:21:13.807] [Forge Version Check/INFO] [net.minecraftforge.fml.VersionChecker/]: [scalinghealth] Found status: BETA Current: 8.0.2+9 Target: null
[12Apr2025 04:21:13.807] [Forge Version Check/INFO] [net.minecraftforge.fml.VersionChecker/]: [forge] Starting version check at https://files.minecraftforge.net/net/minecraftforge/forge/promotions_slim.json
[12Apr2025 04:21:13.906] [Forge Version Check/INFO] [net.minecraftforge.fml.VersionChecker/]: [forge] Found status: OUTDATED Current: 47.3.7 Target: 47.4.0
[12Apr2025 04:21:14.518] [main/INFO] [com.mojang.authlib.yggdrasil.YggdrasilAuthenticationService/]: Environment: authHost='https://authserver.mojang.com', accountsHost='https://api.mojang.com', sessionHost='https://sessionserver.mojang.com', servicesHost='https://api.minecraftservices.com', name='PROD'
[12Apr2025 04:21:14.729] [main/WARN] [net.minecraftforge.registries.ForgeRegistry/REGISTRIES]: Registry minecraft:block: Object did not get ID it asked for. Name: unusualprehistory:stone_fossil Expected: 1228 Got: 2153
[12Apr2025 04:21:14.729] [main/WARN] [net.minecraftforge.registries.ForgeRegistry/REGISTRIES]: Registry minecraft:block: Object did not get ID it asked for. Name: unusualprehistory:deepslate_fossil Expected: 1229 Got: 2154
[12Apr2025 04:21:14.730] [main/WARN] [net.minecraftforge.registries.ForgeRegistry/REGISTRIES]: Registry minecraft:block: Object did not get ID it asked for. Name: unusualprehistory:deepslate_plant_fossil Expected: 1230 Got: 2155
[12Apr2025 04:21:14.730] [main/WARN] [net.minecraftforge.registries.ForgeRegistry/REGISTRIES]: Registry minecraft:block: Object did not get ID it asked for. Name: unusualprehistory:plant_fossil Expected: 1231 Got: 2156
[12Apr2025 04:21:14.730] [main/WARN] [net.minecraftforge.registries.ForgeRegistry/REGISTRIES]: Registry minecraft:block: Object did not get ID it asked for. Name: unusualprehistory:stone_amber_ore Expected: 1232 Got: 2157
[12Apr2025 04:21:14.730] [main/WARN] [net.minecraftforge.registries.ForgeRegistry/REGISTRIES]: Registry minecraft:block: Object did not get ID it asked for. Name: unusualprehistory:deepslate_amber_ore Expected: 1233 Got: 2158
[12Apr2025 04:21:14.731] [main/WARN] [net.minecraftforge.registries.ForgeRegistry/REGISTRIES]: Registry minecraft:block: Object did not get ID it asked for. Name: unusualprehistory:analyzer Expected: 1234 Got: 2159
[12Apr2025 04:21:14.731] [main/WARN] [net.minecraftforge.registries.ForgeRegistry/REGISTRIES]: Registry minecraft:block: Object did not get ID it asked for. Name: unusualprehistory:cultivator Expected: 1235 Got: 2160
[12Apr2025 04:21:14.731] [main/WARN] [net.minecraftforge.registries.ForgeRegistry/REGISTRIES]: Registry minecraft:block: Object did not get ID it asked for. Name: unusualprehistory:dna_fridge Expected: 1236 Got: 2161
[12Apr2025 04:21:14.731] [main/WARN] [net.minecraftforge.registries.ForgeRegistry/REGISTRIES]: Registry minecraft:block: Object did not get ID it asked for. Name: unusualprehistory:fruit_loot_box Expected: 1237 Got: 2162
[12Apr2025 04:21:14.732] [main/WARN] [net.minecraftforge.registries.ForgeRegistry/REGISTRIES]: Registry minecraft:block: Object did not get ID it asked for. Name: unusualprehistory:amber_glass Expected: 1238 Got: 2163
[12Apr2025 04:21:14.732] [main/WARN] [net.minecraftforge.registries.ForgeRegistry/REGISTRIES]: Registry minecraft:block: Object did not get ID it asked for. Name: unusualprehistory:rex_head Expected: 1239 Got: 2164
[12Apr2025 04:21:14.732] [main/WARN] [net.minecraftforge.registries.ForgeRegistry/REGISTRIES]: Registry minecraft:block: Object did not get ID it asked for. Name: unusualprehistory:rex_boombox Expected: 1240 Got: 2165
[12Apr2025 04:21:14.732] [main/WARN] [net.minecraftforge.registries.ForgeRegistry/REGISTRIES]: Registry minecraft:block: Object did not get ID it asked for. Name: unusualprehistory:stetha_eggs Expected: 1241 Got: 2166
[12Apr2025 04:21:14.732] [main/WARN] [net.minecraftforge.registries.ForgeRegistry/REGISTRIES]: Registry minecraft:block: Object did not get ID it asked for. Name: unusualprehistory:beelze_eggs Expected: 1242 Got: 2167
[12Apr2025 04:21:14.732] [main/WARN] [net.minecraftforge.registries.ForgeRegistry/REGISTRIES]: Registry minecraft:block: Object did not get ID it asked for. Name: unusualprehistory:ammon_eggs Expected: 1243 Got: 2168
[12Apr2025 04:21:14.733] [main/WARN] [net.minecraftforge.registries.ForgeRegistry/REGISTRIES]: Registry minecraft:block: Object did not get ID it asked for. Name: unusualprehistory:dunk_eggs Expected: 1244 Got: 2169
[12Apr2025 04:21:14.733] [main/WARN] [net.minecraftforge.registries.ForgeRegistry/REGISTRIES]: Registry minecraft:block: Object did not get ID it asked for. Name: unusualprehistory:scau_eggs Expected: 1245 Got: 2170
[12Apr2025 04:21:14.733] [main/WARN] [net.minecraftforge.registries.ForgeRegistry/REGISTRIES]: Registry minecraft:block: Object did not get ID it asked for. Name: unusualprehistory:anuro_eggs Expected: 1246 Got: 2171
[12Apr2025 04:21:14.733] [main/WARN] [net.minecraftforge.registries.ForgeRegistry/REGISTRIES]: Registry minecraft:block: Object did not get ID it asked for. Name: unusualprehistory:majunga_eggs Expected: 1247 Got: 2172
[12Apr2025 04:21:14.733] [main/WARN] [net.minecraftforge.registries.ForgeRegistry/REGISTRIES]: Registry minecraft:block: Object did not get ID it asked for. Name: unusualprehistory:coty_eggs Expected: 1248 Got: 2173
[12Apr2025 04:21:14.734] [main/WARN] [net.minecraftforge.registries.ForgeRegistry/REGISTRIES]: Registry minecraft:block: Object did not get ID it asked for. Name: unusualprehistory:brachi_egg Expected: 1249 Got: 2174
[12Apr2025 04:21:14.734] [main/WARN] [net.minecraftforge.registries.ForgeRegistry/REGISTRIES]: Registry minecraft:block: Object did not get ID it asked for. Name: unusualprehistory:rex_eggs Expected: 1250 Got: 2175
[12Apr2025 04:21:14.734] [main/WARN] [net.minecraftforge.registries.ForgeRegistry/REGISTRIES]: Registry minecraft:block: Object did not get ID it asked for. Name: unusualprehistory:trike_eggs Expected: 1251 Got: 2176
[12Apr2025 04:21:14.734] [main/WARN] [net.minecraftforge.registries.ForgeRegistry/REGISTRIES]: Registry minecraft:block: Object did not get ID it asked for. Name: unusualprehistory:raptor_eggs Expected: 1252 Got: 2177
[12Apr2025 04:21:14.734] [main/WARN] [net.minecraftforge.registries.ForgeRegistry/REGISTRIES]: Registry minecraft:block: Object did not get ID it asked for. Name: unusualprehistory:pachy_eggs Expected: 1253 Got: 2178
[12Apr2025 04:21:14.734] [main/WARN] [net.minecraftforge.registries.ForgeRegistry/REGISTRIES]: Registry minecraft:block: Object did not get ID it asked for. Name: unusualprehistory:encrusted_sack Expected: 1254 Got: 2179
[12Apr2025 04:21:14.735] [main/WARN] [net.minecraftforge.registries.ForgeRegistry/REGISTRIES]: Registry minecraft:block: Object did not get ID it asked for. Name: unusualprehistory:hwacha_eggs Expected: 1255 Got: 2180
[12Apr2025 04:21:14.735] [main/WARN] [net.minecraftforge.registries.ForgeRegistry/REGISTRIES]: Registry minecraft:block: Object did not get ID it asked for. Name: unusualprehistory:kentro_eggs Expected: 1256 Got: 2181
[12Apr2025 04:21:14.735] [main/WARN] [net.minecraftforge.registries.ForgeRegistry/REGISTRIES]: Registry minecraft:block: Object did not get ID it asked for. Name: unusualprehistory:ulugh_eggs Expected: 1257 Got: 2182
[12Apr2025 04:21:14.735] [main/WARN] [net.minecraftforge.registries.ForgeRegistry/REGISTRIES]: Registry minecraft:block: Object did not get ID it asked for. Name: unusualprehistory:antarcto_eggs Expected: 1258 Got: 2183
[12Apr2025 04:21:14.735] [main/WARN] [net.minecraftforge.registries.ForgeRegistry/REGISTRIES]: Registry minecraft:block: Object did not get ID it asked for. Name: unusualprehistory:austro_eggs Expected: 1259 Got: 2184
[12Apr2025 04:21:14.735] [main/WARN] [net.minecraftforge.registries.ForgeRegistry/REGISTRIES]: Registry minecraft:block: Object did not get ID it asked for. Name: unusualprehistory:eryon_eggs Expected: 1260 Got: 2185
[12Apr2025 04:21:14.736] [main/WARN] [net.minecraftforge.registries.ForgeRegistry/REGISTRIES]: Registry minecraft:block: Object did not get ID it asked for. Name: unusualprehistory:talpanas_egg Expected: 1261 Got: 2186
[12Apr2025 04:21:14.736] [main/WARN] [net.minecraftforge.registries.ForgeRegistry/REGISTRIES]: Registry minecraft:block: Object did not get ID it asked for. Name: unusualprehistory:barina_eggs Expected: 1262 Got: 2187
[12Apr2025 04:21:14.736] [main/WARN] [net.minecraftforge.registries.ForgeRegistry/REGISTRIES]: Registry minecraft:block: Object did not get ID it asked for. Name: unusualprehistory:megala_eggs Expected: 1263 Got: 2188
[12Apr2025 04:21:14.736] [main/WARN] [net.minecraftforge.registries.ForgeRegistry/REGISTRIES]: Registry minecraft:block: Object did not get ID it asked for. Name: unusualprehistory:ammonite_shell Expected: 1264 Got: 2189
[12Apr2025 04:21:14.736] [main/WARN] [net.minecraftforge.registries.ForgeRegistry/REGISTRIES]: Registry minecraft:block: Object did not get ID it asked for. Name: unusualprehistory:horsetail Expected: 1265 Got: 2190
[12Apr2025 04:21:14.736] [main/WARN] [net.minecraftforge.registries.ForgeRegistry/REGISTRIES]: Registry minecraft:block: Object did not get ID it asked for. Name: unusualprehistory:leefructus Expected: 1266 Got: 2191
[12Apr2025 04:21:14.737] [main/WARN] [net.minecraftforge.registries.ForgeRegistry/REGISTRIES]: Registry minecraft:block: Object did not get ID it asked for. Name: unusualprehistory:potted_horsetail Expected: 1267 Got: 2192
[12Apr2025 04:21:14.737] [main/WARN] [net.minecraftforge.registries.ForgeRegistry/REGISTRIES]: Registry minecraft:block: Object did not get ID it asked for. Name: unusualprehistory:potted_leefructus Expected: 1268 Got: 2193
[12Apr2025 04:21:14.737] [main/WARN] [net.minecraftforge.registries.ForgeRegistry/REGISTRIES]: Registry minecraft:block: Object did not get ID it asked for. Name: unusualprehistory:potted_bennett Expected: 1269 Got: 2194
[12Apr2025 04:21:14.737] [main/WARN] [net.minecraftforge.registries.ForgeRegistry/REGISTRIES]: Registry minecraft:block: Object did not get ID it asked for. Name: unusualprehistory:potted_archaeos Expected: 1270 Got: 2195
[12Apr2025 04:21:14.737] [main/WARN] [net.minecraftforge.registries.ForgeRegistry/REGISTRIES]: Registry minecraft:block: Object did not get ID it asked for. Name: unusualprehistory:potted_sarracenia Expected: 1271 Got: 2196
[12Apr2025 04:21:14.737] [main/WARN] [net.minecraftforge.registries.ForgeRegistry/REGISTRIES]: Registry minecraft:block: Object did not get ID it asked for. Name: unusualprehistory:potted_ginkgo_sapling Expected: 1272 Got: 2197
[12Apr2025 04:21:14.738] [main/WARN] [net.minecraftforge.registries.ForgeRegistry/REGISTRIES]: Registry minecraft:block: Object did not get ID it asked for. Name: unusualprehistory:tall_horsetail Expected: 1273 Got: 2198
[12Apr2025 04:21:14.738] [main/WARN] [net.minecraftforge.registries.ForgeRegistry/REGISTRIES]: Registry minecraft:block: Object did not get ID it asked for. Name: unusualprehistory:bennett Expected: 1274 Got: 2199
[12Apr2025 04:21:14.738] [main/WARN] [net.minecraftforge.registries.ForgeRegistry/REGISTRIES]: Registry minecraft:block: Object did not get ID it asked for. Name: unusualprehistory:archaeos Expected: 1275 Got: 2200
[12Apr2025 04:21:14.738] [main/WARN] [net.minecraftforge.registries.ForgeRegistry/REGISTRIES]: Registry minecraft:block: Object did not get ID it asked for. Name: unusualprehistory:sarracenia Expected: 1276 Got: 2201
[12Apr2025 04:21:14.738] [main/WARN] [net.minecraftforge.registries.ForgeRegistry/REGISTRIES]: Registry minecraft:block: Object did not get ID it asked for. Name: unusualprehistory:tall_sarracenia Expected: 1277 Got: 2202
[12Apr2025 04:21:14.739] [main/WARN] [net.minecraftforge.registries.ForgeRegistry/REGISTRIES]: Registry minecraft:block: Object did not get ID it asked for. Name: unusualprehistory:foxxi_planks Expected: 1278 Got: 2203
[12Apr2025 04:21:14.739] [main/WARN] [net.minecraftforge.registries.ForgeRegistry/REGISTRIES]: Registry minecraft:block: Object did not get ID it asked for. Name: unusualprehistory:foxxi_log Expected: 1279 Got: 2204
[12Apr2025 04:21:14.739] [main/WARN] [net.minecraftforge.registries.ForgeRegistry/REGISTRIES]: Registry minecraft:block: Object did not get ID it asked for. Name: unusualprehistory:foxxi_wood Expected: 1280 Got: 2205
[12Apr2025 04:21:14.739] [main/WARN] [net.minecraftforge.registries.ForgeRegistry/REGISTRIES]: Registry minecraft:block: Object did not get ID it asked for. Name: unusualprehistory:stripped_foxxi_log Expected: 1281 Got: 2206
[12Apr2025 04:21:14.739] [main/WARN] [net.minecraftforge.registries.ForgeRegistry/REGISTRIES]: Registry minecraft:block: Object did not get ID it asked for. Name: unusualprehistory:stripped_foxxi_wood Expected: 1282 Got: 2207
[12Apr2025 04:21:14.739] [main/WARN] [net.minecraftforge.registries.ForgeRegistry/REGISTRIES]: Registry minecraft:block: Object did not get ID it asked for. Name: unusualprehistory:foxxi_leaves Expected: 1283 Got: 2208
[12Apr2025 04:21:14.740] [main/WARN] [net.minecraftforge.registries.ForgeRegistry/REGISTRIES]: Registry minecraft:block: Object did not get ID it asked for. Name: unusualprehistory:foxxi_stairs Expected: 1284 Got: 2209
[12Apr2025 04:21:14.740] [main/WARN] [net.minecraftforge.registries.ForgeRegistry/REGISTRIES]: Registry minecraft:block: Object did not get ID it asked for. Name: unusualprehistory:foxxi_slab Expected: 1285 Got: 2210
[12Apr2025 04:21:14.740] [main/WARN] [net.minecraftforge.registries.ForgeRegistry/REGISTRIES]: Registry minecraft:block: Object did not get ID it asked for. Name: unusualprehistory:foxxi_fence Expected: 1286 Got: 2211
[12Apr2025 04:21:14.740] [main/WARN] [net.minecraftforge.registries.ForgeRegistry/REGISTRIES]: Registry minecraft:block: Object did not get ID it asked for. Name: unusualprehistory:foxxi_fence_gate Expected: 1287 Got: 2212
[12Apr2025 04:21:14.740] [main/WARN] [net.minecraftforge.registries.ForgeRegistry/REGISTRIES]: Registry minecraft:block: Object did not get ID it asked for. Name: unusualprehistory:foxxi_button Expected: 1288 Got: 2213
[12Apr2025 04:21:14.741] [main/WARN] [net.minecraftforge.registries.ForgeRegistry/REGISTRIES]: Registry minecraft:block: Object did not get ID it asked for. Name: unusualprehistory:foxxi_pressure_plate Expected: 1289 Got: 2214
[12Apr2025 04:21:14.741] [main/WARN] [net.minecraftforge.registries.ForgeRegistry/REGISTRIES]: Registry minecraft:block: Object did not get ID it asked for. Name: unusualprehistory:foxxi_door Expected: 1290 Got: 2215
[12Apr2025 04:21:14.741] [main/WARN] [net.minecraftforge.registries.ForgeRegistry/REGISTRIES]: Registry minecraft:block: Object did not get ID it asked for. Name: unusualprehistory:foxxi_trapdoor Expected: 1291 Got: 2216
[12Apr2025 04:21:14.741] [main/WARN] [net.minecraftforge.registries.ForgeRegistry/REGISTRIES]: Registry minecraft:block: Object did not get ID it asked for. Name: unusualprehistory:ginkgo_planks Expected: 1292 Got: 2217
[12Apr2025 04:21:14.741] [main/WARN] [net.minecraftforge.registries.ForgeRegistry/REGISTRIES]: Registry minecraft:block: Object did not get ID it asked for. Name: unusualprehistory:ginkgo_leaves Expected: 1293 Got: 2218
[12Apr2025 04:21:14.741] [main/WARN] [net.minecraftforge.registries.ForgeRegistry/REGISTRIES]: Registry minecraft:block: Object did not get ID it asked for. Name: unusualprehistory:ginkgo_log Expected: 1294 Got: 2219
[12Apr2025 04:21:14.742] [main/WARN] [net.minecraftforge.registries.ForgeRegistry/REGISTRIES]: Registry minecraft:block: Object did not get ID it asked for. Name: unusualprehistory:ginkgo_wood Expected: 1295 Got: 2220
[12Apr2025 04:21:14.742] [main/WARN] [net.minecraftforge.registries.ForgeRegistry/REGISTRIES]: Registry minecraft:block: Object did not get ID it asked for. Name: unusualprehistory:stripped_ginkgo_wood Expected: 1296 Got: 2221
[12Apr2025 04:21:14.742] [main/WARN] [net.minecraftforge.registries.ForgeRegistry/REGISTRIES]: Registry minecraft:block: Object did not get ID it asked for. Name: unusualprehistory:stripped_ginkgo_log Expected: 1297 Got: 2222
[12Apr2025 04:21:14.742] [main/WARN] [net.minecraftforge.registries.ForgeRegistry/REGISTRIES]: Registry minecraft:block: Object did not get ID it asked for. Name: unusualprehistory:ginkgo_stairs Expected: 1298 Got: 2223
[12Apr2025 04:21:14.742] [main/WARN] [net.minecraftforge.registries.ForgeRegistry/REGISTRIES]: Registry minecraft:block: Object did not get ID it asked for. Name: unusualprehistory:ginkgo_slab Expected: 1299 Got: 2224
[12Apr2025 04:21:14.742] [main/WARN] [net.minecraftforge.registries.ForgeRegistry/REGISTRIES]: Registry minecraft:block: Object did not get ID it asked for. Name: unusualprehistory:ginkgo_fence Expected: 1300 Got: 2225
[12Apr2025 04:21:14.742] [main/WARN] [net.minecraftforge.registries.ForgeRegistry/REGISTRIES]: Registry minecraft:block: Object did not get ID it asked for. Name: unusualprehistory:ginkgo_fence_gate Expected: 1301 Got: 2226
[12Apr2025 04:21:14.743] [main/WARN] [net.minecraftforge.registries.ForgeRegistry/REGISTRIES]: Registry minecraft:block: Object did not get ID it asked for. Name: unusualprehistory:ginkgo_door Expected: 1302 Got: 2227
[12Apr2025 04:21:14.743] [main/WARN] [net.minecraftforge.registries.ForgeRegistry/REGISTRIES]: Registry minecraft:block: Object did not get ID it asked for. Name: unusualprehistory:ginkgo_trapdoor Expected: 1303 Got: 2228
[12Apr2025 04:21:14.743] [main/WARN] [net.minecraftforge.registries.ForgeRegistry/REGISTRIES]: Registry minecraft:block: Object did not get ID it asked for. Name: unusualprehistory:ginkgo_button Expected: 1304 Got: 2229
[12Apr2025 04:21:14.743] [main/WARN] [net.minecraftforge.registries.ForgeRegistry/REGISTRIES]: Registry minecraft:block: Object did not get ID it asked for. Name: unusualprehistory:amber_button Expected: 1305 Got: 2230
[12Apr2025 04:21:14.743] [main/WARN] [net.minecraftforge.registries.ForgeRegistry/REGISTRIES]: Registry minecraft:block: Object did not get ID it asked for. Name: unusualprehistory:ginkgo_pressure_plate Expected: 1306 Got: 2231
[12Apr2025 04:21:14.743] [main/WARN] [net.minecraftforge.registries.ForgeRegistry/REGISTRIES]: Registry minecraft:block: Object did not get ID it asked for. Name: unusualprehistory:ginkgo_sapling Expected: 1307 Got: 2232
[12Apr2025 04:21:14.743] [main/WARN] [net.minecraftforge.registries.ForgeRegistry/REGISTRIES]: Registry minecraft:block: Object did not get ID it asked for. Name: unusualprehistory:foxii_sapling Expected: 1308 Got: 2233
[12Apr2025 04:21:14.743] [main/WARN] [net.minecraftforge.registries.ForgeRegistry/REGISTRIES]: Registry minecraft:block: Object did not get ID it asked for. Name: unusualprehistory:dryo_sapling Expected: 1309 Got: 2234
[12Apr2025 04:21:14.744] [main/WARN] [net.minecraftforge.registries.ForgeRegistry/REGISTRIES]: Registry minecraft:block: Object did not get ID it asked for. Name: unusualprehistory:dryo_planks Expected: 1310 Got: 2235
[12Apr2025 04:21:14.744] [main/WARN] [net.minecraftforge.registries.ForgeRegistry/REGISTRIES]: Registry minecraft:block: Object did not get ID it asked for. Name: unusualprehistory:dryo_log Expected: 1311 Got: 2236
[12Apr2025 04:21:14.744] [main/WARN] [net.minecraftforge.registries.ForgeRegistry/REGISTRIES]: Registry minecraft:block: Object did not get ID it asked for. Name: unusualprehistory:dryo_wood Expected: 1312 Got: 2237
[12Apr2025 04:21:14.744] [main/WARN] [net.minecraftforge.registries.ForgeRegistry/REGISTRIES]: Registry minecraft:block: Object did not get ID it asked for. Name: unusualprehistory:stripped_dryo_log Expected: 1313 Got: 2238
[12Apr2025 04:21:14.744] [main/WARN] [net.minecraftforge.registries.ForgeRegistry/REGISTRIES]: Registry minecraft:block: Object did not get ID it asked for. Name: unusualprehistory:stripped_dryo_wood Expected: 1314 Got: 2239
[12Apr2025 04:21:14.744] [main/WARN] [net.minecraftforge.registries.ForgeRegistry/REGISTRIES]: Registry minecraft:block: Object did not get ID it asked for. Name: unusualprehistory:dryo_leaves Expected: 1315 Got: 2240
[12Apr2025 04:21:14.745] [main/WARN] [net.minecraftforge.registries.ForgeRegistry/REGISTRIES]: Registry minecraft:block: Object did not get ID it asked for. Name: unusualprehistory:dryo_stairs Expected: 1316 Got: 2241
[12Apr2025 04:21:14.745] [main/WARN] [net.minecraftforge.registries.ForgeRegistry/REGISTRIES]: Registry minecraft:block: Object did not get ID it asked for. Name: unusualprehistory:dryo_slab Expected: 1317 Got: 2242
[12Apr2025 04:21:14.745] [main/WARN] [net.minecraftforge.registries.ForgeRegistry/REGISTRIES]: Registry minecraft:block: Object did not get ID it asked for. Name: unusualprehistory:dryo_fence Expected: 1318 Got: 2243
[12Apr2025 04:21:14.745] [main/WARN] [net.minecraftforge.registries.ForgeRegistry/REGISTRIES]: Registry minecraft:block: Object did not get ID it asked for. Name: unusualprehistory:dryo_fence_gate Expected: 1319 Got: 2244
[12Apr2025 04:21:14.745] [main/WARN] [net.minecraftforge.registries.ForgeRegistry/REGISTRIES]: Registry minecraft:block: Object did not get ID it asked for. Name: unusualprehistory:dryo_button Expected: 1320 Got: 2245
[12Apr2025 04:21:14.745] [main/WARN] [net.minecraftforge.registries.ForgeRegistry/REGISTRIES]: Registry minecraft:block: Object did not get ID it asked for. Name: unusualprehistory:dryo_pressure_plate Expected: 1321 Got: 2246
[12Apr2025 04:21:14.745] [main/WARN] [net.minecraftforge.registries.ForgeRegistry/REGISTRIES]: Registry minecraft:block: Object did not get ID it asked for. Name: unusualprehistory:dryo_door Expected: 1322 Got: 2247
[12Apr2025 04:21:14.745] [main/WARN] [net.minecraftforge.registries.ForgeRegistry/REGISTRIES]: Registry minecraft:block: Object did not get ID it asked for. Name: unusualprehistory:dryo_trapdoor Expected: 1323 Got: 2248
[12Apr2025 04:21:14.746] [main/WARN] [net.minecraftforge.registries.ForgeRegistry/REGISTRIES]: Registry minecraft:block: Object did not get ID it asked for. Name: unusualprehistory:amber_block Expected: 1324 Got: 2249
[12Apr2025 04:21:14.746] [main/WARN] [net.minecraftforge.registries.ForgeRegistry/REGISTRIES]: Registry minecraft:block: Object did not get ID it asked for. Name: unusualprehistory:opal_block Expected: 1325 Got: 2250
[12Apr2025 04:21:14.746] [main/WARN] [net.minecraftforge.registries.ForgeRegistry/REGISTRIES]: Registry minecraft:block: Object did not get ID it asked for. Name: unusualprehistory:incubator Expected: 1326 Got: 2251
[12Apr2025 04:21:14.746] [main/WARN] [net.minecraftforge.registries.ForgeRegistry/REGISTRIES]: Registry minecraft:block: Object did not get ID it asked for. Name: unusualprehistory:coty_fossil Expected: 1327 Got: 2252
[12Apr2025 04:21:14.746] [main/WARN] [net.minecraftforge.registries.ForgeRegistry/REGISTRIES]: Registry minecraft:block: Object did not get ID it asked for. Name: unusualprehistory:stetha_fossil Expected: 1328 Got: 2253
[12Apr2025 04:21:14.746] [main/WARN] [net.minecraftforge.registries.ForgeRegistry/REGISTRIES]: Registry minecraft:block: Object did not get ID it asked for. Name: unusualprehistory:anuro_fossil Expected: 1329 Got: 2254
[12Apr2025 04:21:14.746] [main/WARN] [net.minecraftforge.registries.ForgeRegistry/REGISTRIES]: Registry minecraft:block: Object did not get ID it asked for. Name: unusualprehistory:scau_fossil Expected: 1330 Got: 2255
[12Apr2025 04:21:14.746] [main/WARN] [net.minecraftforge.registries.ForgeRegistry/REGISTRIES]: Registry minecraft:block: Object did not get ID it asked for. Name: unusualprehistory:beelze_fossil Expected: 1331 Got: 2256
[12Apr2025 04:21:14.747] [main/WARN] [net.minecraftforge.registries.ForgeRegistry/REGISTRIES]: Registry minecraft:block: Object did not get ID it asked for. Name: unusualprehistory:brachi_fossil Expected: 1332 Got: 2257
[12Apr2025 04:21:14.747] [main/WARN] [net.minecraftforge.registries.ForgeRegistry/REGISTRIES]: Registry minecraft:block: Object did not get ID it asked for. Name: unusualprehistory:dunk_fossil Expected: 1333 Got: 2258
[12Apr2025 04:21:14.747] [main/WARN] [net.minecraftforge.registries.ForgeRegistry/REGISTRIES]: Registry minecraft:block: Object did not get ID it asked for. Name: unusualprehistory:majunga_fossil Expected: 1334 Got: 2259
[12Apr2025 04:21:14.747] [main/WARN] [net.minecraftforge.registries.ForgeRegistry/REGISTRIES]: Registry minecraft:block: Object did not get ID it asked for. Name: unusualprehistory:pachy_fossil Expected: 1335 Got: 2260
[12Apr2025 04:21:14.747] [main/WARN] [net.minecraftforge.registries.ForgeRegistry/REGISTRIES]: Registry minecraft:block: Object did not get ID it asked for. Name: unusualprehistory:veloci_fossil Expected: 1336 Got: 2261
[12Apr2025 04:21:14.747] [main/WARN] [net.minecraftforge.registries.ForgeRegistry/REGISTRIES]: Registry minecraft:block: Object did not get ID it asked for. Name: unusualprehistory:eryon_fossil Expected: 1337 Got: 2262
[12Apr2025 04:21:14.747] [main/WARN] [net.minecraftforge.registries.ForgeRegistry/REGISTRIES]: Registry minecraft:block: Object did not get ID it asked for. Name: unusualprehistory:austro_fossil Expected: 1338 Got: 2263
[12Apr2025 04:21:14.747] [main/WARN] [net.minecraftforge.registries.ForgeRegistry/REGISTRIES]: Registry minecraft:block: Object did not get ID it asked for. Name: unusualprehistory:ulugh_fossil Expected: 1339 Got: 2264
[12Apr2025 04:21:14.748] [main/WARN] [net.minecraftforge.registries.ForgeRegistry/REGISTRIES]: Registry minecraft:block: Object did not get ID it asked for. Name: unusualprehistory:kentro_fossil Expected: 1340 Got: 2265
[12Apr2025 04:21:14.748] [main/WARN] [net.minecraftforge.registries.ForgeRegistry/REGISTRIES]: Registry minecraft:block: Object did not get ID it asked for. Name: unusualprehistory:antarcto_fossil Expected: 1341 Got: 2266
[12Apr2025 04:21:14.748] [main/WARN] [net.minecraftforge.registries.ForgeRegistry/REGISTRIES]: Registry minecraft:block: Object did not get ID it asked for. Name: unusualprehistory:hwacha_fossil Expected: 1342 Got: 2267
[12Apr2025 04:21:14.748] [main/WARN] [net.minecraftforge.registries.ForgeRegistry/REGISTRIES]: Registry minecraft:block: Object did not get ID it asked for. Name: unusualprehistory:dead_clathrodictyon_block Expected: 1343 Got: 2268
[12Apr2025 04:21:14.748] [main/WARN] [net.minecraftforge.registries.ForgeRegistry/REGISTRIES]: Registry minecraft:block: Object did not get ID it asked for. Name: unusualprehistory:clathrodictyon_block Expected: 1344 Got: 2269
[12Apr2025 04:21:14.748] [main/WARN] [net.minecraftforge.registries.ForgeRegistry/REGISTRIES]: Registry minecraft:block: Object did not get ID it asked for. Name: unusualprehistory:dead_clathrodictyon Expected: 1345 Got: 2270
[12Apr2025 04:21:14.749] [main/WARN] [net.minecraftforge.registries.ForgeRegistry/REGISTRIES]: Registry minecraft:block: Object did not get ID it asked for. Name: unusualprehistory:clathrodictyon Expected: 1346 Got: 2271
[12Apr2025 04:21:14.749] [main/WARN] [net.minecraftforge.registries.ForgeRegistry/REGISTRIES]: Registry minecraft:block: Object did not get ID it asked for. Name: unusualprehistory:anostylostroma_block Expected: 1347 Got: 2272
[12Apr2025 04:21:14.749] [main/WARN] [net.minecraftforge.registries.ForgeRegistry/REGISTRIES]: Registry minecraft:block: Object did not get ID it asked for. Name: unusualprehistory:dead_clathrodictyon_fan Expected: 1348 Got: 2273
[12Apr2025 04:21:14.749] [main/WARN] [net.minecraftforge.registries.ForgeRegistry/REGISTRIES]: Registry minecraft:block: Object did not get ID it asked for. Name: unusualprehistory:dead_clathrodictyon_wall_fan Expected: 1349 Got: 2274
[12Apr2025 04:21:14.749] [main/WARN] [net.minecraftforge.registries.ForgeRegistry/REGISTRIES]: Registry minecraft:block: Object did not get ID it asked for. Name: unusualprehistory:clathrodictyon_fan Expected: 1350 Got: 2275
[12Apr2025 04:21:14.749] [main/WARN] [net.minecraftforge.registries.ForgeRegistry/REGISTRIES]: Registry minecraft:block: Object did not get ID it asked for. Name: unusualprehistory:clathrodictyon_wall_fan Expected: 1351 Got: 2276
[12Apr2025 04:21:14.750] [main/WARN] [net.minecraftforge.registries.ForgeRegistry/REGISTRIES]: Registry minecraft:block: Object did not get ID it asked for. Name: unusualprehistory:archaefructus Expected: 1352 Got: 2277
[12Apr2025 04:21:14.750] [main/WARN] [net.minecraftforge.registries.ForgeRegistry/REGISTRIES]: Registry minecraft:block: Object did not get ID it asked for. Name: unusualprehistory:ginkgo_sign Expected: 1353 Got: 2278
[12Apr2025 04:21:14.750] [main/WARN] [net.minecraftforge.registries.ForgeRegistry/REGISTRIES]: Registry minecraft:block: Object did not get ID it asked for. Name: unusualprehistory:ginkgo_wall_sign Expected: 1354 Got: 2279
[12Apr2025 04:21:14.750] [main/WARN] [net.minecraftforge.registries.ForgeRegistry/REGISTRIES]: Registry minecraft:block: Object did not get ID it asked for. Name: unusualprehistory:nelumbites Expected: 1355 Got: 2280
[12Apr2025 04:21:14.750] [main/WARN] [net.minecraftforge.registries.ForgeRegistry/REGISTRIES]: Registry minecraft:block: Object did not get ID it asked for. Name: unusualprehistory:quereuxia_plant Expected: 1356 Got: 2281
[12Apr2025 04:21:14.750] [main/WARN] [net.minecraftforge.registries.ForgeRegistry/REGISTRIES]: Registry minecraft:block: Object did not get ID it asked for. Name: unusualprehistory:quereuxia Expected: 1357 Got: 2282
[12Apr2025 04:21:14.750] [main/WARN] [net.minecraftforge.registries.ForgeRegistry/REGISTRIES]: Registry minecraft:block: Object did not get ID it asked for. Name: unusualprehistory:quereuxia_top Expected: 1358 Got: 2283
[12Apr2025 04:21:14.751] [main/WARN] [net.minecraftforge.registries.ForgeRegistry/REGISTRIES]: Registry minecraft:block: Object did not get ID it asked for. Name: unusualprehistory:petrified_planks Expected: 1359 Got: 2284
[12Apr2025 04:21:14.751] [main/WARN] [net.minecraftforge.registries.ForgeRegistry/REGISTRIES]: Registry minecraft:block: Object did not get ID it asked for. Name: unusualprehistory:petrified_wood_log Expected: 1360 Got: 2285
[12Apr2025 04:21:14.751] [main/WARN] [net.minecraftforge.registries.ForgeRegistry/REGISTRIES]: Registry minecraft:block: Object did not get ID it asked for. Name: unusualprehistory:petrified_wood Expected: 1361 Got: 2286
[12Apr2025 04:21:14.751] [main/WARN] [net.minecraftforge.registries.ForgeRegistry/REGISTRIES]: Registry minecraft:block: Object did not get ID it asked for. Name: unusualprehistory:stripped_petrified_wood Expected: 1362 Got: 2287
[12Apr2025 04:21:14.751] [main/WARN] [net.minecraftforge.registries.ForgeRegistry/REGISTRIES]: Registry minecraft:block: Object did not get ID it asked for. Name: unusualprehistory:stripped_petrified_wood_log Expected: 1363 Got: 2288
[12Apr2025 04:21:14.751] [main/WARN] [net.minecraftforge.registries.ForgeRegistry/REGISTRIES]: Registry minecraft:block: Object did not get ID it asked for. Name: unusualprehistory:petrified_wood_stairs Expected: 1364 Got: 2289
[12Apr2025 04:21:14.751] [main/WARN] [net.minecraftforge.registries.ForgeRegistry/REGISTRIES]: Registry minecraft:block: Object did not get ID it asked for. Name: unusualprehistory:petrified_wood_slab Expected: 1365 Got: 2290
[12Apr2025 04:21:14.751] [main/WARN] [net.minecraftforge.registries.ForgeRegistry/REGISTRIES]: Registry minecraft:block: Object did not get ID it asked for. Name: unusualprehistory:petrified_wood_fence Expected: 1366 Got: 2291
[12Apr2025 04:21:14.752] [main/WARN] [net.minecraftforge.registries.ForgeRegistry/REGISTRIES]: Registry minecraft:block: Object did not get ID it asked for. Name: unusualprehistory:petrified_wood_fence_gate Expected: 1367 Got: 2292
[12Apr2025 04:21:14.752] [main/WARN] [net.minecraftforge.registries.ForgeRegistry/REGISTRIES]: Registry minecraft:block: Object did not get ID it asked for. Name: unusualprehistory:petrified_wood_door Expected: 1368 Got: 2293
[12Apr2025 04:21:14.752] [main/WARN] [net.minecraftforge.registries.ForgeRegistry/REGISTRIES]: Registry minecraft:block: Object did not get ID it asked for. Name: unusualprehistory:petrified_wood_trapdoor Expected: 1369 Got: 2294
[12Apr2025 04:21:14.752] [main/WARN] [net.minecraftforge.registries.ForgeRegistry/REGISTRIES]: Registry minecraft:block: Object did not get ID it asked for. Name: unusualprehistory:petrified_wood_button Expected: 1370 Got: 2295
[12Apr2025 04:21:14.752] [main/WARN] [net.minecraftforge.registries.ForgeRegistry/REGISTRIES]: Registry minecraft:block: Object did not get ID it asked for. Name: unusualprehistory:petrified_wood_pressure_plate Expected: 1371 Got: 2296
[12Apr2025 04:21:14.752] [main/WARN] [net.minecraftforge.registries.ForgeRegistry/REGISTRIES]: Registry minecraft:block: Object did not get ID it asked for. Name: unusualprehistory:petrified_wood_sign Expected: 1372 Got: 2297
[12Apr2025 04:21:14.752] [main/WARN] [net.minecraftforge.registries.ForgeRegistry/REGISTRIES]: Registry minecraft:block: Object did not get ID it asked for. Name: unusualprehistory:petrified_wood_wall_sign Expected: 1373 Got: 2298
[12Apr2025 04:21:14.753] [main/WARN] [net.minecraftforge.registries.ForgeRegistry/REGISTRIES]: Registry minecraft:block: Object did not get ID it asked for. Name: unusualprehistory:polished_petrified_wood Expected: 1374 Got: 2299
[12Apr2025 04:21:14.753] [main/WARN] [net.minecraftforge.registries.ForgeRegistry/REGISTRIES]: Registry minecraft:block: Object did not get ID it asked for. Name: unusualprehistory:polished_petrified_wood_stairs Expected: 1375 Got: 2300
[12Apr2025 04:21:14.753] [main/WARN] [net.minecraftforge.registries.ForgeRegistry/REGISTRIES]: Registry minecraft:block: Object did not get ID it asked for. Name: unusualprehistory:polished_petrified_wood_slab Expected: 1376 Got: 2301
[12Apr2025 04:21:14.753] [main/WARN] [net.minecraftforge.registries.ForgeRegistry/REGISTRIES]: Registry minecraft:block: Object did not get ID it asked for. Name: unusualprehistory:petrified_bush Expected: 1377 Got: 2302
[12Apr2025 04:21:14.753] [main/WARN] [net.minecraftforge.registries.ForgeRegistry/REGISTRIES]: Registry minecraft:block: Object did not get ID it asked for. Name: unusualprehistory:asphalt Expected: 1378 Got: 2303
[12Apr2025 04:21:14.753] [main/WARN] [net.minecraftforge.registries.ForgeRegistry/REGISTRIES]: Registry minecraft:block: Object did not get ID it asked for. Name: unusualprehistory:gold_engraved_asphalt Expected: 1379 Got: 2304
[12Apr2025 04:21:14.754] [main/WARN] [net.minecraftforge.registries.ForgeRegistry/REGISTRIES]: Registry minecraft:block: Object did not get ID it asked for. Name: unusualprehistory:quartz_engraved_asphalt Expected: 1380 Got: 2305
[12Apr2025 04:21:14.754] [main/WARN] [net.minecraftforge.registries.ForgeRegistry/REGISTRIES]: Registry minecraft:block: Object did not get ID it asked for. Name: unusualprehistory:potted_petrified_bush Expected: 1381 Got: 2306
[12Apr2025 04:21:14.754] [main/WARN] [net.minecraftforge.registries.ForgeRegistry/REGISTRIES]: Registry minecraft:block: Object did not get ID it asked for. Name: unusualprehistory:tar Expected: 1382 Got: 2307
[12Apr2025 04:21:14.754] [main/WARN] [net.minecraftforge.registries.ForgeRegistry/REGISTRIES]: Registry minecraft:block: Object did not get ID it asked for. Name: unusualprehistory:zuloagae_sapling Expected: 1383 Got: 2308
[12Apr2025 04:21:14.754] [main/WARN] [net.minecraftforge.registries.ForgeRegistry/REGISTRIES]: Registry minecraft:block: Object did not get ID it asked for. Name: unusualprehistory:zuloagae Expected: 1384 Got: 2309
[12Apr2025 04:21:14.755] [main/WARN] [net.minecraftforge.registries.ForgeRegistry/REGISTRIES]: Registry minecraft:block: Object did not get ID it asked for. Name: unusualprehistory:raiguenrayun Expected: 1385 Got: 2310
[12Apr2025 04:21:14.755] [main/WARN] [net.minecraftforge.registries.ForgeRegistry/REGISTRIES]: Registry minecraft:block: Object did not get ID it asked for. Name: unusualprehistory:splattered_tar Expected: 1386 Got: 2311
[12Apr2025 04:21:14.755] [main/WARN] [net.minecraftforge.registries.ForgeRegistry/REGISTRIES]: Registry minecraft:block: Object did not get ID it asked for. Name: unusualprehistory:stone_opal_ore Expected: 1387 Got: 2312
[12Apr2025 04:21:14.755] [main/WARN] [net.minecraftforge.registries.ForgeRegistry/REGISTRIES]: Registry minecraft:block: Object did not get ID it asked for. Name: unusualprehistory:deepslate_opal_ore Expected: 1388 Got: 2313
[12Apr2025 04:21:14.755] [main/WARN] [net.minecraftforge.registries.ForgeRegistry/REGISTRIES]: Registry minecraft:block: Object did not get ID it asked for. Name: unusualprehistory:stone_tar_fossil Expected: 1389 Got: 2314
[12Apr2025 04:21:14.755] [main/WARN] [net.minecraftforge.registries.ForgeRegistry/REGISTRIES]: Registry minecraft:block: Object did not get ID it asked for. Name: unusualprehistory:deepslate_tar_fossil Expected: 1390 Got: 2315
[12Apr2025 04:21:14.755] [main/WARN] [net.minecraftforge.registries.ForgeRegistry/REGISTRIES]: Registry minecraft:block: Object did not get ID it asked for. Name: unusualprehistory:permafrost_fossil Expected: 1391 Got: 2316
[12Apr2025 04:21:14.756] [main/WARN] [net.minecraftforge.registries.ForgeRegistry/REGISTRIES]: Registry minecraft:block: Object did not get ID it asked for. Name: unusualprehistory:permafrost Expected: 1392 Got: 2317
[12Apr2025 04:21:14.756] [main/WARN] [net.minecraftforge.registries.ForgeRegistry/REGISTRIES]: Registry minecraft:block: Object did not get ID it asked for. Name: unusualprehistory:foxxi_sign Expected: 1393 Got: 2318
[12Apr2025 04:21:14.756] [main/WARN] [net.minecraftforge.registries.ForgeRegistry/REGISTRIES]: Registry minecraft:block: Object did not get ID it asked for. Name: unusualprehistory:foxxi_wall_sign Expected: 1394 Got: 2319
[12Apr2025 04:21:14.756] [main/WARN] [net.minecraftforge.registries.ForgeRegistry/REGISTRIES]: Registry minecraft:block: Object did not get ID it asked for. Name: unusualprehistory:dryo_sign Expected: 1395 Got: 2320
[12Apr2025 04:21:14.756] [main/WARN] [net.minecraftforge.registries.ForgeRegistry/REGISTRIES]: Registry minecraft:block: Object did not get ID it asked for. Name: unusualprehistory:dryo_wall_sign Expected: 1396 Got: 2321
[12Apr2025 04:21:14.759] [main/WARN] [net.minecraftforge.registries.ForgeRegistry/REGISTRIES]: Registry minecraft:item: Object did not get ID it asked for. Name: unusualprehistory:encyclopedia Expected: 2259 Got: 4013
[12Apr2025 04:21:14.759] [main/WARN] [net.minecraftforge.registries.ForgeRegistry/REGISTRIES]: Registry minecraft:item: Object did not get ID it asked for. Name: unusualprehistory:ammonite_shell_icon Expected: 2260 Got: 4014
[12Apr2025 04:21:14.759] [main/WARN] [net.minecraftforge.registries.ForgeRegistry/REGISTRIES]: Registry minecraft:item: Object did not get ID it asked for. Name: unusualprehistory:shell_shard Expected: 2261 Got: 4015
[12Apr2025 04:21:14.759] [main/WARN] [net.minecraftforge.registries.ForgeRegistry/REGISTRIES]: Registry minecraft:item: Object did not get ID it asked for. Name: unusualprehistory:paleo_fossil Expected: 2262 Got: 4016
[12Apr2025 04:21:14.759] [main/WARN] [net.minecraftforge.registries.ForgeRegistry/REGISTRIES]: Registry minecraft:item: Object did not get ID it asked for. Name: unusualprehistory:mezo_fossil Expected: 2263 Got: 4017
[12Apr2025 04:21:14.760] [main/WARN] [net.minecraftforge.registries.ForgeRegistry/REGISTRIES]: Registry minecraft:item: Object did not get ID it asked for. Name: unusualprehistory:plant_fossil_item Expected: 2264 Got: 4018
[12Apr2025 04:21:14.760] [main/WARN] [net.minecraftforge.registries.ForgeRegistry/REGISTRIES]: Registry minecraft:item: Object did not get ID it asked for. Name: unusualprehistory:tar_fossil_item Expected: 2265 Got: 4019
[12Apr2025 04:21:14.760] [main/WARN] [net.minecraftforge.registries.ForgeRegistry/REGISTRIES]: Registry minecraft:item: Object did not get ID it asked for. Name: unusualprehistory:frozen_fossil_item Expected: 2266 Got: 4020
[12Apr2025 04:21:14.760] [main/WARN] [net.minecraftforge.registries.ForgeRegistry/REGISTRIES]: Registry minecraft:item: Object did not get ID it asked for. Name: unusualprehistory:opal_chunk Expected: 2267 Got: 4021
[12Apr2025 04:21:14.760] [main/WARN] [net.minecraftforge.registries.ForgeRegistry/REGISTRIES]: Registry minecraft:item: Object did not get ID it asked for. Name: unusualprehistory:opal_fossil Expected: 2268 Got: 4022
[12Apr2025 04:21:14.760] [main/WARN] [net.minecraftforge.registries.ForgeRegistry/REGISTRIES]: Registry minecraft:item: Object did not get ID it asked for. Name: unusualprehistory:flask Expected: 2269 Got: 4023
[12Apr2025 04:21:14.760] [main/WARN] [net.minecraftforge.registries.ForgeRegistry/REGISTRIES]: Registry minecraft:item: Object did not get ID it asked for. Name: unusualprehistory:meat_on_a_stick Expected: 2270 Got: 4024
[12Apr2025 04:21:14.761] [main/WARN] [net.minecraftforge.registries.ForgeRegistry/REGISTRIES]: Registry minecraft:item: Object did not get ID it asked for. Name: unusualprehistory:trike_horn Expected: 2271 Got: 4025
[12Apr2025 04:21:14.761] [main/WARN] [net.minecraftforge.registries.ForgeRegistry/REGISTRIES]: Registry minecraft:item: Object did not get ID it asked for. Name: unusualprehistory:rex_scale Expected: 2272 Got: 4026
[12Apr2025 04:21:14.761] [main/WARN] [net.minecraftforge.registries.ForgeRegistry/REGISTRIES]: Registry minecraft:item: Object did not get ID it asked for. Name: unusualprehistory:raptor_feathers Expected: 2273 Got: 4027
[12Apr2025 04:21:14.761] [main/WARN] [net.minecraftforge.registries.ForgeRegistry/REGISTRIES]: Registry minecraft:item: Object did not get ID it asked for. Name: unusualprehistory:veloci_shield Expected: 2274 Got: 4028
[12Apr2025 04:21:14.761] [main/WARN] [net.minecraftforge.registries.ForgeRegistry/REGISTRIES]: Registry minecraft:item: Object did not get ID it asked for. Name: unusualprehistory:trike_shield Expected: 2275 Got: 4029
[12Apr2025 04:21:14.761] [main/WARN] [net.minecraftforge.registries.ForgeRegistry/REGISTRIES]: Registry minecraft:item: Object did not get ID it asked for. Name: unusualprehistory:grog Expected: 2276 Got: 4030
[12Apr2025 04:21:14.762] [main/WARN] [net.minecraftforge.registries.ForgeRegistry/REGISTRIES]: Registry minecraft:item: Object did not get ID it asked for. Name: unusualprehistory:meaty_buffet Expected: 2277 Got: 4031
[12Apr2025 04:21:14.762] [main/WARN] [net.minecraftforge.registries.ForgeRegistry/REGISTRIES]: Registry minecraft:item: Object did not get ID it asked for. Name: unusualprehistory:majunga_scute Expected: 2278 Got: 4032
[12Apr2025 04:21:14.762] [main/WARN] [net.minecraftforge.registries.ForgeRegistry/REGISTRIES]: Registry minecraft:item: Object did not get ID it asked for. Name: unusualprehistory:amber_shard Expected: 2279 Got: 4033
[12Apr2025 04:21:14.762] [main/WARN] [net.minecraftforge.registries.ForgeRegistry/REGISTRIES]: Registry minecraft:item: Object did not get ID it asked for. Name: unusualprehistory:amber_fossil Expected: 2280 Got: 4034
[12Apr2025 04:21:14.762] [main/WARN] [net.minecraftforge.registries.ForgeRegistry/REGISTRIES]: Registry minecraft:item: Object did not get ID it asked for. Name: unusualprehistory:adorned_staff Expected: 2281 Got: 4035
[12Apr2025 04:21:14.762] [main/WARN] [net.minecraftforge.registries.ForgeRegistry/REGISTRIES]: Registry minecraft:item: Object did not get ID it asked for. Name: unusualprehistory:rex_tooth Expected: 2282 Got: 4036
[12Apr2025 04:21:14.763] [main/WARN] [net.minecraftforge.registries.ForgeRegistry/REGISTRIES]: Registry minecraft:item: Object did not get ID it asked for. Name: unusualprehistory:stetha_flask Expected: 2283 Got: 4037
[12Apr2025 04:21:14.763] [main/WARN] [net.minecraftforge.registries.ForgeRegistry/REGISTRIES]: Registry minecraft:item: Object did not get ID it asked for. Name: unusualprehistory:dunk_flask Expected: 2284 Got: 4038
[12Apr2025 04:21:14.763] [main/WARN] [net.minecraftforge.registries.ForgeRegistry/REGISTRIES]: Registry minecraft:item: Object did not get ID it asked for. Name: unusualprehistory:coty_flask Expected: 2285 Got: 4039
[12Apr2025 04:21:14.763] [main/WARN] [net.minecraftforge.registries.ForgeRegistry/REGISTRIES]: Registry minecraft:item: Object did not get ID it asked for. Name: unusualprehistory:anuro_flask Expected: 2286 Got: 4040
[12Apr2025 04:21:14.764] [main/WARN] [net.minecraftforge.registries.ForgeRegistry/REGISTRIES]: Registry minecraft:item: Object did not get ID it asked for. Name: unusualprehistory:beelz_flask Expected: 2287 Got: 4041
[12Apr2025 04:21:14.764] [main/WARN] [net.minecraftforge.registries.ForgeRegistry/REGISTRIES]: Registry minecraft:item: Object did not get ID it asked for. Name: unusualprehistory:majunga_flask Expected: 2288 Got: 4042
[12Apr2025 04:21:14.764] [main/WARN] [net.minecraftforge.registries.ForgeRegistry/REGISTRIES]: Registry minecraft:item: Object did not get ID it asked for. Name: unusualprehistory:ammonite_flask Expected: 2289 Got: 4043
[12Apr2025 04:21:14.764] [main/WARN] [net.minecraftforge.registries.ForgeRegistry/REGISTRIES]: Registry minecraft:item: Object did not get ID it asked for. Name: unusualprehistory:horsetail_flask Expected: 2290 Got: 4044
[12Apr2025 04:21:14.764] [main/WARN] [net.minecraftforge.registries.ForgeRegistry/REGISTRIES]: Registry minecraft:item: Object did not get ID it asked for. Name: unusualprehistory:tall_horsetail_flask Expected: 2291 Got: 4045
[12Apr2025 04:21:14.764] [main/WARN] [net.minecraftforge.registries.ForgeRegistry/REGISTRIES]: Registry minecraft:item: Object did not get ID it asked for. Name: unusualprehistory:leefructus_flask Expected: 2292 Got: 4046
[12Apr2025 04:21:14.764] [main/WARN] [net.minecraftforge.registries.ForgeRegistry/REGISTRIES]: Registry minecraft:item: Object did not get ID it asked for. Name: unusualprehistory:archao_flask Expected: 2293 Got: 4047
[12Apr2025 04:21:14.766] [main/WARN] [net.minecraftforge.registries.ForgeRegistry/REGISTRIES]: Registry minecraft:item: Object did not get ID it asked for. Name: unusualprehistory:bennet_flask Expected: 2294 Got: 4048
[12Apr2025 04:21:14.766] [main/WARN] [net.minecraftforge.registries.ForgeRegistry/REGISTRIES]: Registry minecraft:item: Object did not get ID it asked for. Name: unusualprehistory:ginkgo_flask Expected: 2295 Got: 4049
[12Apr2025 04:21:14.767] [main/WARN] [net.minecraftforge.registries.ForgeRegistry/REGISTRIES]: Registry minecraft:item: Object did not get ID it asked for. Name: unusualprehistory:sarr_flask Expected: 2296 Got: 4050
[12Apr2025 04:21:14.767] [main/WARN] [net.minecraftforge.registries.ForgeRegistry/REGISTRIES]: Registry minecraft:item: Object did not get ID it asked for. Name: unusualprehistory:scau_flask Expected: 2297 Got: 4051
[12Apr2025 04:21:14.767] [main/WARN] [net.minecraftforge.registries.ForgeRegistry/REGISTRIES]: Registry minecraft:item: Object did not get ID it asked for. Name: unusualprehistory:brachi_flask Expected: 2298 Got: 4052
[12Apr2025 04:21:14.767] [main/WARN] [net.minecraftforge.registries.ForgeRegistry/REGISTRIES]: Registry minecraft:item: Object did not get ID it asked for. Name: unusualprehistory:rex_flask Expected: 2299 Got: 4053
[12Apr2025 04:21:14.767] [main/WARN] [net.minecraftforge.registries.ForgeRegistry/REGISTRIES]: Registry minecraft:item: Object did not get ID it asked for. Name: unusualprehistory:trike_flask Expected: 2300 Got: 4054
[12Apr2025 04:21:14.767] [main/WARN] [net.minecraftforge.registries.ForgeRegistry/REGISTRIES]: Registry minecraft:item: Object did not get ID it asked for. Name: unusualprehistory:raptor_flask Expected: 2301 Got: 4055
[12Apr2025 04:21:14.767] [main/WARN] [net.minecraftforge.registries.ForgeRegistry/REGISTRIES]: Registry minecraft:item: Object did not get ID it asked for. Name: unusualprehistory:pachy_flask Expected: 2302 Got: 4056
[12Apr2025 04:21:14.767] [main/WARN] [net.minecraftforge.registries.ForgeRegistry/REGISTRIES]: Registry minecraft:item: Object did not get ID it asked for. Name: unusualprehistory:encrusted_flask Expected: 2303 Got: 4057
[12Apr2025 04:21:14.768] [main/WARN] [net.minecraftforge.registries.ForgeRegistry/REGISTRIES]: Registry minecraft:item: Object did not get ID it asked for. Name: unusualprehistory:eryon_flask Expected: 2304 Got: 4058
[12Apr2025 04:21:14.768] [main/WARN] [net.minecraftforge.registries.ForgeRegistry/REGISTRIES]: Registry minecraft:item: Object did not get ID it asked for. Name: unusualprehistory:anostylostroma_flask Expected: 2305 Got: 4059
[12Apr2025 04:21:14.768] [main/WARN] [net.minecraftforge.registries.ForgeRegistry/REGISTRIES]: Registry minecraft:item: Object did not get ID it asked for. Name: unusualprehistory:archaefructus_flask Expected: 2306 Got: 4060
[12Apr2025 04:21:14.768] [main/WARN] [net.minecraftforge.registries.ForgeRegistry/REGISTRIES]: Registry minecraft:item: Object did not get ID it asked for. Name: unusualprehistory:clathrodictyon_flask Expected: 2307 Got: 4061
[12Apr2025 04:21:14.768] [main/WARN] [net.minecraftforge.registries.ForgeRegistry/REGISTRIES]: Registry minecraft:item: Object did not get ID it asked for. Name: unusualprehistory:nelumbites_flask Expected: 2308 Got: 4062
[12Apr2025 04:21:14.768] [main/WARN] [net.minecraftforge.registries.ForgeRegistry/REGISTRIES]: Registry minecraft:item: Object did not get ID it asked for. Name: unusualprehistory:quereuxia_flask Expected: 2309 Got: 4063
[12Apr2025 04:21:14.769] [main/WARN] [net.minecraftforge.registries.ForgeRegistry/REGISTRIES]: Registry minecraft:item: Object did not get ID it asked for. Name: unusualprehistory:ulugh_flask Expected: 2310 Got: 4064
[12Apr2025 04:21:14.769] [main/WARN] [net.minecraftforge.registries.ForgeRegistry/REGISTRIES]: Registry minecraft:item: Object did not get ID it asked for. Name: unusualprehistory:austro_flask Expected: 2311 Got: 4065
[12Apr2025 04:21:14.769] [main/WARN] [net.minecraftforge.registries.ForgeRegistry/REGISTRIES]: Registry minecraft:item: Object did not get ID it asked for. Name: unusualprehistory:hwacha_flask Expected: 2312 Got: 4066
[12Apr2025 04:21:14.769] [main/WARN] [net.minecraftforge.registries.ForgeRegistry/REGISTRIES]: Registry minecraft:item: Object did not get ID it asked for. Name: unusualprehistory:antarcto_flask Expected: 2313 Got: 4067
[12Apr2025 04:21:14.769] [main/WARN] [net.minecraftforge.registries.ForgeRegistry/REGISTRIES]: Registry minecraft:item: Object did not get ID it asked for. Name: unusualprehistory:kentro_flask Expected: 2314 Got: 4068
[12Apr2025 04:21:14.769] [main/WARN] [net.minecraftforge.registries.ForgeRegistry/REGISTRIES]: Registry minecraft:item: Object did not get ID it asked for. Name: unusualprehistory:giganto_flask Expected: 2315 Got: 4069
[12Apr2025 04:21:14.769] [main/WARN] [net.minecraftforge.registries.ForgeRegistry/REGISTRIES]: Registry minecraft:item: Object did not get ID it asked for. Name: unusualprehistory:smilo_flask Expected: 2316 Got: 4070
[12Apr2025 04:21:14.769] [main/WARN] [net.minecraftforge.registries.ForgeRegistry/REGISTRIES]: Registry minecraft:item: Object did not get ID it asked for. Name: unusualprehistory:megath_flask Expected: 2317 Got: 4071
[12Apr2025 04:21:14.770] [main/WARN] [net.minecraftforge.registries.ForgeRegistry/REGISTRIES]: Registry minecraft:item: Object did not get ID it asked for. Name: unusualprehistory:paracer_flask Expected: 2318 Got: 4072
[12Apr2025 04:21:14.770] [main/WARN] [net.minecraftforge.registries.ForgeRegistry/REGISTRIES]: Registry minecraft:item: Object did not get ID it asked for. Name: unusualprehistory:mammoth_flask Expected: 2319 Got: 4073
[12Apr2025 04:21:14.770] [main/WARN] [net.minecraftforge.registries.ForgeRegistry/REGISTRIES]: Registry minecraft:item: Object did not get ID it asked for. Name: unusualprehistory:barin_flask Expected: 2320 Got: 4074
[12Apr2025 04:21:14.770] [main/WARN] [net.minecraftforge.registries.ForgeRegistry/REGISTRIES]: Registry minecraft:item: Object did not get ID it asked for. Name: unusualprehistory:palaeo_flask Expected: 2321 Got: 4075
[12Apr2025 04:21:14.770] [main/WARN] [net.minecraftforge.registries.ForgeRegistry/REGISTRIES]: Registry minecraft:item: Object did not get ID it asked for. Name: unusualprehistory:megala_flask Expected: 2322 Got: 4076
[12Apr2025 04:21:14.770] [main/WARN] [net.minecraftforge.registries.ForgeRegistry/REGISTRIES]: Registry minecraft:item: Object did not get ID it asked for. Name: unusualprehistory:talpanas_flask Expected: 2323 Got: 4077
[12Apr2025 04:21:14.770] [main/WARN] [net.minecraftforge.registries.ForgeRegistry/REGISTRIES]: Registry minecraft:item: Object did not get ID it asked for. Name: unusualprehistory:zuloagae_flask Expected: 2324 Got: 4078
[12Apr2025 04:21:14.770] [main/WARN] [net.minecraftforge.registries.ForgeRegistry/REGISTRIES]: Registry minecraft:item: Object did not get ID it asked for. Name: unusualprehistory:raiguenrayun_flask Expected: 2325 Got: 4079
[12Apr2025 04:21:14.771] [main/WARN] [net.minecraftforge.registries.ForgeRegistry/REGISTRIES]: Registry minecraft:item: Object did not get ID it asked for. Name: unusualprehistory:foxxi_flask Expected: 2326 Got: 4080
[12Apr2025 04:21:14.771] [main/WARN] [net.minecraftforge.registries.ForgeRegistry/REGISTRIES]: Registry minecraft:item: Object did not get ID it asked for. Name: unusualprehistory:dryo_flask Expected: 2327 Got: 4081
[12Apr2025 04:21:14.771] [main/WARN] [net.minecraftforge.registries.ForgeRegistry/REGISTRIES]: Registry minecraft:item: Object did not get ID it asked for. Name: unusualprehistory:organic_ooze Expected: 2328 Got: 4082
[12Apr2025 04:21:14.771] [main/WARN] [net.minecraftforge.registries.ForgeRegistry/REGISTRIES]: Registry minecraft:item: Object did not get ID it asked for. Name: unusualprehistory:frog_saliva Expected: 2329 Got: 4083
[12Apr2025 04:21:14.771] [main/WARN] [net.minecraftforge.registries.ForgeRegistry/REGISTRIES]: Registry minecraft:item: Object did not get ID it asked for. Name: unusualprehistory:austro_feather Expected: 2330 Got: 4084
[12Apr2025 04:21:14.771] [main/WARN] [net.minecraftforge.registries.ForgeRegistry/REGISTRIES]: Registry minecraft:item: Object did not get ID it asked for. Name: unusualprehistory:encrusted_organ Expected: 2331 Got: 4085
[12Apr2025 04:21:14.771] [main/WARN] [net.minecraftforge.registries.ForgeRegistry/REGISTRIES]: Registry minecraft:item: Object did not get ID it asked for. Name: unusualprehistory:antarcto_plate Expected: 2332 Got: 4086
[12Apr2025 04:21:14.772] [main/WARN] [net.minecraftforge.registries.ForgeRegistry/REGISTRIES]: Registry minecraft:item: Object did not get ID it asked for. Name: unusualprehistory:warpick Expected: 2333 Got: 4087
[12Apr2025 04:21:14.772] [main/WARN] [net.minecraftforge.registries.ForgeRegistry/REGISTRIES]: Registry minecraft:item: Object did not get ID it asked for. Name: unusualprehistory:primal_macuahuitl Expected: 2334 Got: 4088
[12Apr2025 04:21:14.772] [main/WARN] [net.minecraftforge.registries.ForgeRegistry/REGISTRIES]: Registry minecraft:item: Object did not get ID it asked for. Name: unusualprehistory:handmade_spear Expected: 2335 Got: 4089
[12Apr2025 04:21:14.772] [main/WARN] [net.minecraftforge.registries.ForgeRegistry/REGISTRIES]: Registry minecraft:item: Object did not get ID it asked for. Name: unusualprehistory:handmade_battleaxe Expected: 2336 Got: 4090
[12Apr2025 04:21:14.773] [main/WARN] [net.minecraftforge.registries.ForgeRegistry/REGISTRIES]: Registry minecraft:item: Object did not get ID it asked for. Name: unusualprehistory:handmade_club Expected: 2337 Got: 4091
[12Apr2025 04:21:14.773] [main/WARN] [net.minecraftforge.registries.ForgeRegistry/REGISTRIES]: Registry minecraft:item: Object did not get ID it asked for. Name: unusualprehistory:raw_stetha Expected: 2338 Got: 4092
[12Apr2025 04:21:14.773] [main/WARN] [net.minecraftforge.registries.ForgeRegistry/REGISTRIES]: Registry minecraft:item: Object did not get ID it asked for. Name: unusualprehistory:cooked_stetha Expected: 2339 Got: 4093
[12Apr2025 04:21:14.773] [main/WARN] [net.minecraftforge.registries.ForgeRegistry/REGISTRIES]: Registry minecraft:item: Object did not get ID it asked for. Name: unusualprehistory:raw_coty Expected: 2340 Got: 4094
[12Apr2025 04:21:14.773] [main/WARN] [net.minecraftforge.registries.ForgeRegistry/REGISTRIES]: Registry minecraft:item: Object did not get ID it asked for. Name: unusualprehistory:cooked_coty Expected: 2341 Got: 4095
[12Apr2025 04:21:14.774] [main/WARN] [net.minecraftforge.registries.ForgeRegistry/REGISTRIES]: Registry minecraft:item: Object did not get ID it asked for. Name: unusualprehistory:raw_scau Expected: 2342 Got: 4096
[12Apr2025 04:21:14.774] [main/WARN] [net.minecraftforge.registries.ForgeRegistry/REGISTRIES]: Registry minecraft:item: Object did not get ID it asked for. Name: unusualprehistory:cooked_scau Expected: 2343 Got: 4097
[12Apr2025 04:21:14.774] [main/WARN] [net.minecraftforge.registries.ForgeRegistry/REGISTRIES]: Registry minecraft:item: Object did not get ID it asked for. Name: unusualprehistory:ginkgo_fruit Expected: 2344 Got: 4098
[12Apr2025 04:21:14.774] [main/WARN] [net.minecraftforge.registries.ForgeRegistry/REGISTRIES]: Registry minecraft:item: Object did not get ID it asked for. Name: unusualprehistory:raw_ginkgo_seeds Expected: 2345 Got: 4099
[12Apr2025 04:21:14.774] [main/WARN] [net.minecraftforge.registries.ForgeRegistry/REGISTRIES]: Registry minecraft:item: Object did not get ID it asked for. Name: unusualprehistory:cooked_ginkgo_seeds Expected: 2346 Got: 4100
[12Apr2025 04:21:14.774] [main/WARN] [net.minecraftforge.registries.ForgeRegistry/REGISTRIES]: Registry minecraft:item: Object did not get ID it asked for. Name: unusualprehistory:golden_scau Expected: 2347 Got: 4101
[12Apr2025 04:21:14.775] [main/WARN] [net.minecraftforge.registries.ForgeRegistry/REGISTRIES]: Registry minecraft:item: Object did not get ID it asked for. Name: unusualprehistory:raw_austro Expected: 2348 Got: 4102
[12Apr2025 04:21:14.775] [main/WARN] [net.minecraftforge.registries.ForgeRegistry/REGISTRIES]: Registry minecraft:item: Object did not get ID it asked for. Name: unusualprehistory:cooked_austro Expected: 2349 Got: 4103
[12Apr2025 04:21:14.775] [main/WARN] [net.minecraftforge.registries.ForgeRegistry/REGISTRIES]: Registry minecraft:item: Object did not get ID it asked for. Name: unusualprehistory:amber_gummy Expected: 2350 Got: 4104
[12Apr2025 04:21:14.775] [main/WARN] [net.minecraftforge.registries.ForgeRegistry/REGISTRIES]: Registry minecraft:item: Object did not get ID it asked for. Name: unusualprehistory:stetha_bucket Expected: 2351 Got: 4105
[12Apr2025 04:21:14.776] [main/WARN] [net.minecraftforge.registries.ForgeRegistry/REGISTRIES]: Registry minecraft:item: Object did not get ID it asked for. Name: unusualprehistory:ammon_bucket Expected: 2352 Got: 4106
[12Apr2025 04:21:14.776] [main/WARN] [net.minecraftforge.registries.ForgeRegistry/REGISTRIES]: Registry minecraft:item: Object did not get ID it asked for. Name: unusualprehistory:beelze_bucket Expected: 2353 Got: 4107
[12Apr2025 04:21:14.776] [main/WARN] [net.minecraftforge.registries.ForgeRegistry/REGISTRIES]: Registry minecraft:item: Object did not get ID it asked for. Name: unusualprehistory:dunk_bucket Expected: 2354 Got: 4108
[12Apr2025 04:21:14.776] [main/WARN] [net.minecraftforge.registries.ForgeRegistry/REGISTRIES]: Registry minecraft:item: Object did not get ID it asked for. Name: unusualprehistory:scau_bucket Expected: 2355 Got: 4109
[12Apr2025 04:21:14.776] [main/WARN] [net.minecraftforge.registries.ForgeRegistry/REGISTRIES]: Registry minecraft:item: Object did not get ID it asked for. Name: unusualprehistory:palaeo_bucket Expected: 2356 Got: 4110
[12Apr2025 04:21:14.776] [main/WARN] [net.minecraftforge.registries.ForgeRegistry/REGISTRIES]: Registry minecraft:item: Object did not get ID it asked for. Name: unusualprehistory:stetha_spawn_egg Expected: 2357 Got: 4111
[12Apr2025 04:21:14.776] [main/WARN] [net.minecraftforge.registries.ForgeRegistry/REGISTRIES]: Registry minecraft:item: Object did not get ID it asked for. Name: unusualprehistory:majunga_spawn_egg Expected: 2358 Got: 4112
[12Apr2025 04:21:14.777] [main/WARN] [net.minecraftforge.registries.ForgeRegistry/REGISTRIES]: Registry minecraft:item: Object did not get ID it asked for. Name: unusualprehistory:anuro_spawn_egg Expected: 2359 Got: 4113
[12Apr2025 04:21:14.777] [main/WARN] [net.minecraftforge.registries.ForgeRegistry/REGISTRIES]: Registry minecraft:item: Object did not get ID it asked for. Name: unusualprehistory:beelz_spawn_egg Expected: 2360 Got: 4114
[12Apr2025 04:21:14.777] [main/WARN] [net.minecraftforge.registries.ForgeRegistry/REGISTRIES]: Registry minecraft:item: Object did not get ID it asked for. Name: unusualprehistory:ammon_spawn_egg Expected: 2361 Got: 4115
[12Apr2025 04:21:14.777] [main/WARN] [net.minecraftforge.registries.ForgeRegistry/REGISTRIES]: Registry minecraft:item: Object did not get ID it asked for. Name: unusualprehistory:dunk_spawn_egg Expected: 2362 Got: 4116
[12Apr2025 04:21:14.777] [main/WARN] [net.minecraftforge.registries.ForgeRegistry/REGISTRIES]: Registry minecraft:item: Object did not get ID it asked for. Name: unusualprehistory:coty_spawn_egg Expected: 2363 Got: 4117
[12Apr2025 04:21:14.777] [main/WARN] [net.minecraftforge.registries.ForgeRegistry/REGISTRIES]: Registry minecraft:item: Object did not get ID it asked for. Name: unusualprehistory:scau_spawn_egg Expected: 2364 Got: 4118
[12Apr2025 04:21:14.778] [main/WARN] [net.minecraftforge.registries.ForgeRegistry/REGISTRIES]: Registry minecraft:item: Object did not get ID it asked for. Name: unusualprehistory:trike_spawn_egg Expected: 2365 Got: 4119
[12Apr2025 04:21:14.778] [main/WARN] [net.minecraftforge.registries.ForgeRegistry/REGISTRIES]: Registry minecraft:item: Object did not get ID it asked for. Name: unusualprehistory:pachy_spawn_egg Expected: 2366 Got: 4120
[12Apr2025 04:21:14.778] [main/WARN] [net.minecraftforge.registries.ForgeRegistry/REGISTRIES]: Registry minecraft:item: Object did not get ID it asked for. Name: unusualprehistory:brachi_spawn_egg Expected: 2367 Got: 4121
[12Apr2025 04:21:14.778] [main/WARN] [net.minecraftforge.registries.ForgeRegistry/REGISTRIES]: Registry minecraft:item: Object did not get ID it asked for. Name: unusualprehistory:veloci_spawn_egg Expected: 2368 Got: 4122
[12Apr2025 04:21:14.778] [main/WARN] [net.minecraftforge.registries.ForgeRegistry/REGISTRIES]: Registry minecraft:item: Object did not get ID it asked for. Name: unusualprehistory:rex_spawn_egg Expected: 2369 Got: 4123
[12Apr2025 04:21:14.780] [main/WARN] [net.minecraftforge.registries.ForgeRegistry/REGISTRIES]: Registry minecraft:item: Object did not get ID it asked for. Name: unusualprehistory:encrusted_spawn_egg Expected: 2370 Got: 4124
[12Apr2025 04:21:14.780] [main/WARN] [net.minecraftforge.registries.ForgeRegistry/REGISTRIES]: Registry minecraft:item: Object did not get ID it asked for. Name: unusualprehistory:eryon_spawn_egg Expected: 2371 Got: 4125
[12Apr2025 04:21:14.780] [main/WARN] [net.minecraftforge.registries.ForgeRegistry/REGISTRIES]: Registry minecraft:item: Object did not get ID it asked for. Name: unusualprehistory:austroraptor_spawn_egg Expected: 2372 Got: 4126
[12Apr2025 04:21:14.780] [main/WARN] [net.minecraftforge.registries.ForgeRegistry/REGISTRIES]: Registry minecraft:item: Object did not get ID it asked for. Name: unusualprehistory:antarcto_spawn_egg Expected: 2373 Got: 4127
[12Apr2025 04:21:14.780] [main/WARN] [net.minecraftforge.registries.ForgeRegistry/REGISTRIES]: Registry minecraft:item: Object did not get ID it asked for. Name: unusualprehistory:ulugh_spawn_egg Expected: 2374 Got: 4128
[12Apr2025 04:21:14.780] [main/WARN] [net.minecraftforge.registries.ForgeRegistry/REGISTRIES]: Registry minecraft:item: Object did not get ID it asked for. Name: unusualprehistory:kentro_spawn_egg Expected: 2375 Got: 4129
[12Apr2025 04:21:14.780] [main/WARN] [net.minecraftforge.registries.ForgeRegistry/REGISTRIES]: Registry minecraft:item: Object did not get ID it asked for. Name: unusualprehistory:hwacha_spawn_egg Expected: 2376 Got: 4130
[12Apr2025 04:21:14.781] [main/WARN] [net.minecraftforge.registries.ForgeRegistry/REGISTRIES]: Registry minecraft:item: Object did not get ID it asked for. Name: unusualprehistory:giganto_spawn_egg Expected: 2377 Got: 4131
[12Apr2025 04:21:14.781] [main/WARN] [net.minecraftforge.registries.ForgeRegistry/REGISTRIES]: Registry minecraft:item: Object did not get ID it asked for. Name: unusualprehistory:talpanas_spawn_egg Expected: 2378 Got: 4132
[12Apr2025 04:21:14.781] [main/WARN] [net.minecraftforge.registries.ForgeRegistry/REGISTRIES]: Registry minecraft:item: Object did not get ID it asked for. Name: unusualprehistory:barinasuchus_spawn_egg Expected: 2379 Got: 4133
[12Apr2025 04:21:14.781] [main/WARN] [net.minecraftforge.registries.ForgeRegistry/REGISTRIES]: Registry minecraft:item: Object did not get ID it asked for. Name: unusualprehistory:megatherium_spawn_egg Expected: 2380 Got: 4134
[12Apr2025 04:21:14.781] [main/WARN] [net.minecraftforge.registries.ForgeRegistry/REGISTRIES]: Registry minecraft:item: Object did not get ID it asked for. Name: unusualprehistory:smilodon_spawn_egg Expected: 2381 Got: 4135
[12Apr2025 04:21:14.781] [main/WARN] [net.minecraftforge.registries.ForgeRegistry/REGISTRIES]: Registry minecraft:item: Object did not get ID it asked for. Name: unusualprehistory:paraceratherium_spawn_egg Expected: 2382 Got: 4136
[12Apr2025 04:21:14.781] [main/WARN] [net.minecraftforge.registries.ForgeRegistry/REGISTRIES]: Registry minecraft:item: Object did not get ID it asked for. Name: unusualprehistory:mammoth_spawn_egg Expected: 2383 Got: 4137
[12Apr2025 04:21:14.781] [main/WARN] [net.minecraftforge.registries.ForgeRegistry/REGISTRIES]: Registry minecraft:item: Object did not get ID it asked for. Name: unusualprehistory:palaophis_spawn_egg Expected: 2384 Got: 4138
[12Apr2025 04:21:14.782] [main/WARN] [net.minecraftforge.registries.ForgeRegistry/REGISTRIES]: Registry minecraft:item: Object did not get ID it asked for. Name: unusualprehistory:megalania_spawn_egg Expected: 2385 Got: 4139
[12Apr2025 04:21:14.782] [main/WARN] [net.minecraftforge.registries.ForgeRegistry/REGISTRIES]: Registry minecraft:item: Object did not get ID it asked for. Name: unusualprehistory:sludge_spawn_egg Expected: 2386 Got: 4140
[12Apr2025 04:21:14.782] [main/WARN] [net.minecraftforge.registries.ForgeRegistry/REGISTRIES]: Registry minecraft:item: Object did not get ID it asked for. Name: unusualprehistory:majunga_helmet Expected: 2387 Got: 4141
[12Apr2025 04:21:14.782] [main/WARN] [net.minecraftforge.registries.ForgeRegistry/REGISTRIES]: Registry minecraft:item: Object did not get ID it asked for. Name: unusualprehistory:austro_boots Expected: 2388 Got: 4142
[12Apr2025 04:21:14.782] [main/WARN] [net.minecraftforge.registries.ForgeRegistry/REGISTRIES]: Registry minecraft:item: Object did not get ID it asked for. Name: unusualprehistory:clathrodictyon_fan Expected: 2389 Got: 4143
[12Apr2025 04:21:14.782] [main/WARN] [net.minecraftforge.registries.ForgeRegistry/REGISTRIES]: Registry minecraft:item: Object did not get ID it asked for. Name: unusualprehistory:dead_clathrodictyon_fan Expected: 2390 Got: 4144
[12Apr2025 04:21:14.782] [main/WARN] [net.minecraftforge.registries.ForgeRegistry/REGISTRIES]: Registry minecraft:item: Object did not get ID it asked for. Name: unusualprehistory:red_fruit_scraps Expected: 2391 Got: 4145
[12Apr2025 04:21:14.783] [main/WARN] [net.minecraftforge.registries.ForgeRegistry/REGISTRIES]: Registry minecraft:item: Object did not get ID it asked for. Name: unusualprehistory:white_fruit_scraps Expected: 2392 Got: 4146
[12Apr2025 04:21:14.783] [main/WARN] [net.minecraftforge.registries.ForgeRegistry/REGISTRIES]: Registry minecraft:item: Object did not get ID it asked for. Name: unusualprehistory:yellow_fruit_scraps Expected: 2393 Got: 4147
[12Apr2025 04:21:14.783] [main/WARN] [net.minecraftforge.registries.ForgeRegistry/REGISTRIES]: Registry minecraft:item: Object did not get ID it asked for. Name: unusualprehistory:blue_fruit_scraps Expected: 2394 Got: 4148
[12Apr2025 04:21:14.783] [main/WARN] [net.minecraftforge.registries.ForgeRegistry/REGISTRIES]: Registry minecraft:item: Object did not get ID it asked for. Name: unusualprehistory:red_fruit Expected: 2395 Got: 4149
[12Apr2025 04:21:14.783] [main/WARN] [net.minecraftforge.registries.ForgeRegistry/REGISTRIES]: Registry minecraft:item: Object did not get ID it asked for. Name: unusualprehistory:white_fruit Expected: 2396 Got: 4150
[12Apr2025 04:21:14.783] [main/WARN] [net.minecraftforge.registries.ForgeRegistry/REGISTRIES]: Registry minecraft:item: Object did not get ID it asked for. Name: unusualprehistory:yellow_fruit Expected: 2397 Got: 4151
[12Apr2025 04:21:14.783] [main/WARN] [net.minecraftforge.registries.ForgeRegistry/REGISTRIES]: Registry minecraft:item: Object did not get ID it asked for. Name: unusualprehistory:blue_fruit Expected: 2398 Got: 4152
[12Apr2025 04:21:14.784] [main/WARN] [net.minecraftforge.registries.ForgeRegistry/REGISTRIES]: Registry minecraft:item: Object did not get ID it asked for. Name: unusualprehistory:defrosted_frozen_fossil Expected: 2399 Got: 4153
[12Apr2025 04:21:14.784] [main/WARN] [net.minecraftforge.registries.ForgeRegistry/REGISTRIES]: Registry minecraft:item: Object did not get ID it asked for. Name: unusualprehistory:ginkgo_sign Expected: 2400 Got: 4154
[12Apr2025 04:21:14.784] [main/WARN] [net.minecraftforge.registries.ForgeRegistry/REGISTRIES]: Registry minecraft:item: Object did not get ID it asked for. Name: unusualprehistory:petrified_wood_sign Expected: 2401 Got: 4155
[12Apr2025 04:21:14.784] [main/WARN] [net.minecraftforge.registries.ForgeRegistry/REGISTRIES]: Registry minecraft:item: Object did not get ID it asked for. Name: unusualprehistory:foxxi_sign Expected: 2402 Got: 4156
[12Apr2025 04:21:14.784] [main/WARN] [net.minecraftforge.registries.ForgeRegistry/REGISTRIES]: Registry minecraft:item: Object did not get ID it asked for. Name: unusualprehistory:dryo_sign Expected: 2403 Got: 4157
[12Apr2025 04:21:14.784] [main/WARN] [net.minecraftforge.registries.ForgeRegistry/REGISTRIES]: Registry minecraft:item: Object did not get ID it asked for. Name: unusualprehistory:barina_whistle Expected: 2404 Got: 4158
[12Apr2025 04:21:14.784] [main/WARN] [net.minecraftforge.registries.ForgeRegistry/REGISTRIES]: Registry minecraft:item: Object did not get ID it asked for. Name: unusualprehistory:shedscale_helmet Expected: 2405 Got: 4159
[12Apr2025 04:21:14.784] [main/WARN] [net.minecraftforge.registries.ForgeRegistry/REGISTRIES]: Registry minecraft:item: Object did not get ID it asked for. Name: unusualprehistory:shedscale_chestplate Expected: 2406 Got: 4160
[12Apr2025 04:21:14.785] [main/WARN] [net.minecraftforge.registries.ForgeRegistry/REGISTRIES]: Registry minecraft:item: Object did not get ID it asked for. Name: unusualprehistory:shedscale_leggings Expected: 2407 Got: 4161
[12Apr2025 04:21:14.785] [main/WARN] [net.minecraftforge.registries.ForgeRegistry/REGISTRIES]: Registry minecraft:item: Object did not get ID it asked for. Name: unusualprehistory:shedscale_boots Expected: 2408 Got: 4162
[12Apr2025 04:21:14.785] [main/WARN] [net.minecraftforge.registries.ForgeRegistry/REGISTRIES]: Registry minecraft:item: Object did not get ID it asked for. Name: unusualprehistory:tyrants_crown Expected: 2409 Got: 4163
[12Apr2025 04:21:14.785] [main/WARN] [net.minecraftforge.registries.ForgeRegistry/REGISTRIES]: Registry minecraft:item: Object did not get ID it asked for. Name: unusualprehistory:sloth_pouch_armor Expected: 2410 Got: 4164
[12Apr2025 04:21:14.785] [main/WARN] [net.minecraftforge.registries.ForgeRegistry/REGISTRIES]: Registry minecraft:item: Object did not get ID it asked for. Name: unusualprehistory:dino_pouch Expected: 2411 Got: 4165
[12Apr2025 04:21:14.785] [main/WARN] [net.minecraftforge.registries.ForgeRegistry/REGISTRIES]: Registry minecraft:item: Object did not get ID it asked for. Name: unusualprehistory:smilodon_embryo Expected: 2412 Got: 4166
[12Apr2025 04:21:14.785] [main/WARN] [net.minecraftforge.registries.ForgeRegistry/REGISTRIES]: Registry minecraft:item: Object did not get ID it asked for. Name: unusualprehistory:mammoth_embryo Expected: 2413 Got: 4167
[12Apr2025 04:21:14.786] [main/WARN] [net.minecraftforge.registries.ForgeRegistry/REGISTRIES]: Registry minecraft:item: Object did not get ID it asked for. Name: unusualprehistory:megath_embryo Expected: 2414 Got: 4168
[12Apr2025 04:21:14.786] [main/WARN] [net.minecraftforge.registries.ForgeRegistry/REGISTRIES]: Registry minecraft:item: Object did not get ID it asked for. Name: unusualprehistory:giganto_embryo Expected: 2415 Got: 4169
[12Apr2025 04:21:14.786] [main/WARN] [net.minecraftforge.registries.ForgeRegistry/REGISTRIES]: Registry minecraft:item: Object did not get ID it asked for. Name: unusualprehistory:paracer_embryo Expected: 2416 Got: 4170
[12Apr2025 04:21:14.786] [main/WARN] [net.minecraftforge.registries.ForgeRegistry/REGISTRIES]: Registry minecraft:item: Object did not get ID it asked for. Name: unusualprehistory:palaeo_embryo Expected: 2417 Got: 4171
[12Apr2025 04:21:14.786] [main/WARN] [net.minecraftforge.registries.ForgeRegistry/REGISTRIES]: Registry minecraft:item: Object did not get ID it asked for. Name: unusualprehistory:tar_bucket Expected: 2418 Got: 4172
[12Apr2025 04:21:14.786] [main/WARN] [net.minecraftforge.registries.ForgeRegistry/REGISTRIES]: Registry minecraft:item: Object did not get ID it asked for. Name: unusualprehistory:opalescent_pearl Expected: 2419 Got: 4173
[12Apr2025 04:21:14.786] [main/WARN] [net.minecraftforge.registries.ForgeRegistry/REGISTRIES]: Registry minecraft:item: Object did not get ID it asked for. Name: unusualprehistory:opalescent_shuriken Expected: 2420 Got: 4174
[12Apr2025 04:21:14.787] [main/WARN] [net.minecraftforge.registries.ForgeRegistry/REGISTRIES]: Registry minecraft:item: Object did not get ID it asked for. Name: unusualprehistory:smilo_fur Expected: 2421 Got: 4175
[12Apr2025 04:21:14.787] [main/WARN] [net.minecraftforge.registries.ForgeRegistry/REGISTRIES]: Registry minecraft:item: Object did not get ID it asked for. Name: unusualprehistory:palaeo_skin Expected: 2422 Got: 4176
[12Apr2025 04:21:14.787] [main/WARN] [net.minecraftforge.registries.ForgeRegistry/REGISTRIES]: Registry minecraft:item: Object did not get ID it asked for. Name: unusualprehistory:insulator Expected: 2423 Got: 4177
[12Apr2025 04:21:14.787] [main/WARN] [net.minecraftforge.registries.ForgeRegistry/REGISTRIES]: Registry minecraft:item: Object did not get ID it asked for. Name: unusualprehistory:dryo_nuts Expected: 2424 Got: 4178
[12Apr2025 04:21:14.787] [main/WARN] [net.minecraftforge.registries.ForgeRegistry/REGISTRIES]: Registry minecraft:item: Object did not get ID it asked for. Name: unusualprehistory:raw_mammoth Expected: 2425 Got: 4179
[12Apr2025 04:21:14.787] [main/WARN] [net.minecraftforge.registries.ForgeRegistry/REGISTRIES]: Registry minecraft:item: Object did not get ID it asked for. Name: unusualprehistory:cooked_mammoth Expected: 2426 Got: 4180
[12Apr2025 04:21:14.787] [main/WARN] [net.minecraftforge.registries.ForgeRegistry/REGISTRIES]: Registry minecraft:item: Object did not get ID it asked for. Name: unusualprehistory:mammoth_meatball Expected: 2427 Got: 4181
[12Apr2025 04:21:14.787] [main/WARN] [net.minecraftforge.registries.ForgeRegistry/REGISTRIES]: Registry minecraft:item: Object did not get ID it asked for. Name: unusualprehistory:zulogae_disc Expected: 2428 Got: 4182
[12Apr2025 04:21:14.788] [main/WARN] [net.minecraftforge.registries.ForgeRegistry/REGISTRIES]: Registry minecraft:item: Object did not get ID it asked for. Name: unusualprehistory:stone_fossil Expected: 2429 Got: 4183
[12Apr2025 04:21:14.788] [main/WARN] [net.minecraftforge.registries.ForgeRegistry/REGISTRIES]: Registry minecraft:item: Object did not get ID it asked for. Name: unusualprehistory:deepslate_fossil Expected: 2430 Got: 4184
[12Apr2025 04:21:14.788] [main/WARN] [net.minecraftforge.registries.ForgeRegistry/REGISTRIES]: Registry minecraft:item: Object did not get ID it asked for. Name: unusualprehistory:deepslate_plant_fossil Expected: 2431 Got: 4185
[12Apr2025 04:21:14.788] [main/WARN] [net.minecraftforge.registries.ForgeRegistry/REGISTRIES]: Registry minecraft:item: Object did not get ID it asked for. Name: unusualprehistory:plant_fossil Expected: 2432 Got: 4186
[12Apr2025 04:21:14.788] [main/WARN] [net.minecraftforge.registries.ForgeRegistry/REGISTRIES]: Registry minecraft:item: Object did not get ID it asked for. Name: unusualprehistory:stone_amber_ore Expected: 2433 Got: 4187
[12Apr2025 04:21:14.788] [main/WARN] [net.minecraftforge.registries.ForgeRegistry/REGISTRIES]: Registry minecraft:item: Object did not get ID it asked for. Name: unusualprehistory:deepslate_amber_ore Expected: 2434 Got: 4188
[12Apr2025 04:21:14.788] [main/WARN] [net.minecraftforge.registries.ForgeRegistry/REGISTRIES]: Registry minecraft:item: Object did not get ID it asked for. Name: unusualprehistory:analyzer Expected: 2435 Got: 4189
[12Apr2025 04:21:14.788] [main/WARN] [net.minecraftforge.registries.ForgeRegistry/REGISTRIES]: Registry minecraft:item: Object did not get ID it asked for. Name: unusualprehistory:cultivator Expected: 2436 Got: 4190
[12Apr2025 04:21:14.788] [main/WARN] [net.minecraftforge.registries.ForgeRegistry/REGISTRIES]: Registry minecraft:item: Object did not get ID it asked for. Name: unusualprehistory:dna_fridge Expected: 2437 Got: 4191
[12Apr2025 04:21:14.789] [main/WARN] [net.minecraftforge.registries.ForgeRegistry/REGISTRIES]: Registry minecraft:item: Object did not get ID it asked for. Name: unusualprehistory:fruit_loot_box Expected: 2438 Got: 4192
[12Apr2025 04:21:14.789] [main/WARN] [net.minecraftforge.registries.ForgeRegistry/REGISTRIES]: Registry minecraft:item: Object did not get ID it asked for. Name: unusualprehistory:amber_glass Expected: 2439 Got: 4193
[12Apr2025 04:21:14.789] [main/WARN] [net.minecraftforge.registries.ForgeRegistry/REGISTRIES]: Registry minecraft:item: Object did not get ID it asked for. Name: unusualprehistory:rex_head Expected: 2440 Got: 4194
[12Apr2025 04:21:14.790] [main/WARN] [net.minecraftforge.registries.ForgeRegistry/REGISTRIES]: Registry minecraft:item: Object did not get ID it asked for. Name: unusualprehistory:rex_boombox Expected: 2441 Got: 4195
[12Apr2025 04:21:14.790] [main/WARN] [net.minecraftforge.registries.ForgeRegistry/REGISTRIES]: Registry minecraft:item: Object did not get ID it asked for. Name: unusualprehistory:stetha_eggs Expected: 2442 Got: 4196
[12Apr2025 04:21:14.790] [main/WARN] [net.minecraftforge.registries.ForgeRegistry/REGISTRIES]: Registry minecraft:item: Object did not get ID it asked for. Name: unusualprehistory:beelze_eggs Expected: 2443 Got: 4197
[12Apr2025 04:21:14.790] [main/WARN] [net.minecraftforge.registries.ForgeRegistry/REGISTRIES]: Registry minecraft:item: Object did not get ID it asked for. Name: unusualprehistory:ammon_eggs Expected: 2444 Got: 4198
[12Apr2025 04:21:14.790] [main/WARN] [net.minecraftforge.registries.ForgeRegistry/REGISTRIES]: Registry minecraft:item: Object did not get ID it asked for. Name: unusualprehistory:dunk_eggs Expected: 2445 Got: 4199
[12Apr2025 04:21:14.791] [main/WARN] [net.minecraftforge.registries.ForgeRegistry/REGISTRIES]: Registry minecraft:item: Object did not get ID it asked for. Name: unusualprehistory:scau_eggs Expected: 2446 Got: 4200
[12Apr2025 04:21:14.791] [main/WARN] [net.minecraftforge.registries.ForgeRegistry/REGISTRIES]: Registry minecraft:item: Object did not get ID it asked for. Name: unusualprehistory:anuro_eggs Expected: 2447 Got: 4201
[12Apr2025 04:21:14.791] [main/WARN] [net.minecraftforge.registries.ForgeRegistry/REGISTRIES]: Registry minecraft:item: Object did not get ID it asked for. Name: unusualprehistory:majunga_eggs Expected: 2448 Got: 4202
[12Apr2025 04:21:14.792] [main/WARN] [net.minecraftforge.registries.ForgeRegistry/REGISTRIES]: Registry minecraft:item: Object did not get ID it asked for. Name: unusualprehistory:coty_eggs Expected: 2449 Got: 4203
[12Apr2025 04:21:14.792] [main/WARN] [net.minecraftforge.registries.ForgeRegistry/REGISTRIES]: Registry minecraft:item: Object did not get ID it asked for. Name: unusualprehistory:brachi_egg Expected: 2450 Got: 4204
[12Apr2025 04:21:14.792] [main/WARN] [net.minecraftforge.registries.ForgeRegistry/REGISTRIES]: Registry minecraft:item: Object did not get ID it asked for. Name: unusualprehistory:rex_eggs Expected: 2451 Got: 4205
[12Apr2025 04:21:14.792] [main/WARN] [net.minecraftforge.registries.ForgeRegistry/REGISTRIES]: Registry minecraft:item: Object did not get ID it asked for. Name: unusualprehistory:trike_eggs Expected: 2452 Got: 4206
[12Apr2025 04:21:14.793] [main/WARN] [net.minecraftforge.registries.ForgeRegistry/REGISTRIES]: Registry minecraft:item: Object did not get ID it asked for. Name: unusualprehistory:raptor_eggs Expected: 2453 Got: 4207
[12Apr2025 04:21:14.793] [main/WARN] [net.minecraftforge.registries.ForgeRegistry/REGISTRIES]: Registry minecraft:item: Object did not get ID it asked for. Name: unusualprehistory:pachy_eggs Expected: 2454 Got: 4208
[12Apr2025 04:21:14.793] [main/WARN] [net.minecraftforge.registries.ForgeRegistry/REGISTRIES]: Registry minecraft:item: Object did not get ID it asked for. Name: unusualprehistory:encrusted_sack Expected: 2455 Got: 4209
[12Apr2025 04:21:14.793] [main/WARN] [net.minecraftforge.registries.ForgeRegistry/REGISTRIES]: Registry minecraft:item: Object did not get ID it asked for. Name: unusualprehistory:hwacha_eggs Expected: 2456 Got: 4210
[12Apr2025 04:21:14.794] [main/WARN] [net.minecraftforge.registries.ForgeRegistry/REGISTRIES]: Registry minecraft:item: Object did not get ID it asked for. Name: unusualprehistory:kentro_eggs Expected: 2457 Got: 4211
[12Apr2025 04:21:14.794] [main/WARN] [net.minecraftforge.registries.ForgeRegistry/REGISTRIES]: Registry minecraft:item: Object did not get ID it asked for. Name: unusualprehistory:ulugh_eggs Expected: 2458 Got: 4212
[12Apr2025 04:21:14.794] [main/WARN] [net.minecraftforge.registries.ForgeRegistry/REGISTRIES]: Registry minecraft:item: Object did not get ID it asked for. Name: unusualprehistory:antarcto_eggs Expected: 2459 Got: 4213
[12Apr2025 04:21:14.795] [main/WARN] [net.minecraftforge.registries.ForgeRegistry/REGISTRIES]: Registry minecraft:item: Object did not get ID it asked for. Name: unusualprehistory:austro_eggs Expected: 2460 Got: 4214
[12Apr2025 04:21:14.795] [main/WARN] [net.minecraftforge.registries.ForgeRegistry/REGISTRIES]: Registry minecraft:item: Object did not get ID it asked for. Name: unusualprehistory:eryon_eggs Expected: 2461 Got: 4215
[12Apr2025 04:21:14.795] [main/WARN] [net.minecraftforge.registries.ForgeRegistry/REGISTRIES]: Registry minecraft:item: Object did not get ID it asked for. Name: unusualprehistory:talpanas_egg Expected: 2462 Got: 4216
[12Apr2025 04:21:14.795] [main/WARN] [net.minecraftforge.registries.ForgeRegistry/REGISTRIES]: Registry minecraft:item: Object did not get ID it asked for. Name: unusualprehistory:barina_eggs Expected: 2463 Got: 4217
[12Apr2025 04:21:14.796] [main/WARN] [net.minecraftforge.registries.ForgeRegistry/REGISTRIES]: Registry minecraft:item: Object did not get ID it asked for. Name: unusualprehistory:megala_eggs Expected: 2464 Got: 4218
[12Apr2025 04:21:14.796] [main/WARN] [net.minecraftforge.registries.ForgeRegistry/REGISTRIES]: Registry minecraft:item: Object did not get ID it asked for. Name: unusualprehistory:ammonite_shell Expected: 2465 Got: 4219
[12Apr2025 04:21:14.797] [main/WARN] [net.minecraftforge.registries.ForgeRegistry/REGISTRIES]: Registry minecraft:item: Object did not get ID it asked for. Name: unusualprehistory:horsetail Expected: 2466 Got: 4220
[12Apr2025 04:21:14.797] [main/WARN] [net.minecraftforge.registries.ForgeRegistry/REGISTRIES]: Registry minecraft:item: Object did not get ID it asked for. Name: unusualprehistory:leefructus Expected: 2467 Got: 4221
[12Apr2025 04:21:14.797] [main/WARN] [net.minecraftforge.registries.ForgeRegistry/REGISTRIES]: Registry minecraft:item: Object did not get ID it asked for. Name: unusualprehistory:tall_horsetail Expected: 2468 Got: 4222
[12Apr2025 04:21:14.798] [main/WARN] [net.minecraftforge.registries.ForgeRegistry/REGISTRIES]: Registry minecraft:item: Object did not get ID it asked for. Name: unusualprehistory:bennett Expected: 2469 Got: 4223
[12Apr2025 04:21:14.798] [main/WARN] [net.minecraftforge.registries.ForgeRegistry/REGISTRIES]: Registry minecraft:item: Object did not get ID it asked for. Name: unusualprehistory:archaeos Expected: 2470 Got: 4224
[12Apr2025 04:21:14.798] [main/WARN] [net.minecraftforge.registries.ForgeRegistry/REGISTRIES]: Registry minecraft:item: Object did not get ID it asked for. Name: unusualprehistory:sarracenia Expected: 2471 Got: 4225
[12Apr2025 04:21:14.798] [main/WARN] [net.minecraftforge.registries.ForgeRegistry/REGISTRIES]: Registry minecraft:item: Object did not get ID it asked for. Name: unusualprehistory:tall_sarracenia Expected: 2472 Got: 4226
[12Apr2025 04:21:14.798] [main/WARN] [net.minecraftforge.registries.ForgeRegistry/REGISTRIES]: Registry minecraft:item: Object did not get ID it asked for. Name: unusualprehistory:foxxi_planks Expected: 2473 Got: 4227
[12Apr2025 04:21:14.798] [main/WARN] [net.minecraftforge.registries.ForgeRegistry/REGISTRIES]: Registry minecraft:item: Object did not get ID it asked for. Name: unusualprehistory:foxxi_log Expected: 2474 Got: 4228
[12Apr2025 04:21:14.798] [main/WARN] [net.minecraftforge.registries.ForgeRegistry/REGISTRIES]: Registry minecraft:item: Object did not get ID it asked for. Name: unusualprehistory:foxxi_wood Expected: 2475 Got: 4229
[12Apr2025 04:21:14.799] [main/WARN] [net.minecraftforge.registries.ForgeRegistry/REGISTRIES]: Registry minecraft:item: Object did not get ID it asked for. Name: unusualprehistory:stripped_foxxi_log Expected: 2476 Got: 4230
[12Apr2025 04:21:14.799] [main/WARN] [net.minecraftforge.registries.ForgeRegistry/REGISTRIES]: Registry minecraft:item: Object did not get ID it asked for. Name: unusualprehistory:stripped_foxxi_wood Expected: 2477 Got: 4231
[12Apr2025 04:21:14.799] [main/WARN] [net.minecraftforge.registries.ForgeRegistry/REGISTRIES]: Registry minecraft:item: Object did not get ID it asked for. Name: unusualprehistory:foxxi_leaves Expected: 2478 Got: 4232
[12Apr2025 04:21:14.799] [main/WARN] [net.minecraftforge.registries.ForgeRegistry/REGISTRIES]: Registry minecraft:item: Object did not get ID it asked for. Name: unusualprehistory:foxxi_stairs Expected: 2479 Got: 4233
[12Apr2025 04:21:14.799] [main/WARN] [net.minecraftforge.registries.ForgeRegistry/REGISTRIES]: Registry minecraft:item: Object did not get ID it asked for. Name: unusualprehistory:foxxi_slab Expected: 2480 Got: 4234
[12Apr2025 04:21:14.799] [main/WARN] [net.minecraftforge.registries.ForgeRegistry/REGISTRIES]: Registry minecraft:item: Object did not get ID it asked for. Name: unusualprehistory:foxxi_fence Expected: 2481 Got: 4235
[12Apr2025 04:21:14.799] [main/WARN] [net.minecraftforge.registries.ForgeRegistry/REGISTRIES]: Registry minecraft:item: Object did not get ID it asked for. Name: unusualprehistory:foxxi_fence_gate Expected: 2482 Got: 4236
[12Apr2025 04:21:14.799] [main/WARN] [net.minecraftforge.registries.ForgeRegistry/REGISTRIES]: Registry minecraft:item: Object did not get ID it asked for. Name: unusualprehistory:foxxi_button Expected: 2483 Got: 4237
[12Apr2025 04:21:14.799] [main/WARN] [net.minecraftforge.registries.ForgeRegistry/REGISTRIES]: Registry minecraft:item: Object did not get ID it asked for. Name: unusualprehistory:foxxi_pressure_plate Expected: 2484 Got: 4238
[12Apr2025 04:21:14.800] [main/WARN] [net.minecraftforge.registries.ForgeRegistry/REGISTRIES]: Registry minecraft:item: Object did not get ID it asked for. Name: unusualprehistory:foxxi_door Expected: 2485 Got: 4239
[12Apr2025 04:21:14.800] [main/WARN] [net.minecraftforge.registries.ForgeRegistry/REGISTRIES]: Registry minecraft:item: Object did not get ID it asked for. Name: unusualprehistory:foxxi_trapdoor Expected: 2486 Got: 4240
[12Apr2025 04:21:14.800] [main/WARN] [net.minecraftforge.registries.ForgeRegistry/REGISTRIES]: Registry minecraft:item: Object did not get ID it asked for. Name: unusualprehistory:ginkgo_planks Expected: 2487 Got: 4241
[12Apr2025 04:21:14.800] [main/WARN] [net.minecraftforge.registries.ForgeRegistry/REGISTRIES]: Registry minecraft:item: Object did not get ID it asked for. Name: unusualprehistory:ginkgo_leaves Expected: 2488 Got: 4242
[12Apr2025 04:21:14.800] [main/WARN] [net.minecraftforge.registries.ForgeRegistry/REGISTRIES]: Registry minecraft:item: Object did not get ID it asked for. Name: unusualprehistory:ginkgo_log Expected: 2489 Got: 4243
[12Apr2025 04:21:14.800] [main/WARN] [net.minecraftforge.registries.ForgeRegistry/REGISTRIES]: Registry minecraft:item: Object did not get ID it asked for. Name: unusualprehistory:ginkgo_wood Expected: 2490 Got: 4244
[12Apr2025 04:21:14.800] [main/WARN] [net.minecraftforge.registries.ForgeRegistry/REGISTRIES]: Registry minecraft:item: Object did not get ID it asked for. Name: unusualprehistory:stripped_ginkgo_wood Expected: 2491 Got: 4245
[12Apr2025 04:21:14.800] [main/WARN] [net.minecraftforge.registries.ForgeRegistry/REGISTRIES]: Registry minecraft:item: Object did not get ID it asked for. Name: unusualprehistory:stripped_ginkgo_log Expected: 2492 Got: 4246
[12Apr2025 04:21:14.800] [main/WARN] [net.minecraftforge.registries.ForgeRegistry/REGISTRIES]: Registry minecraft:item: Object did not get ID it asked for. Name: unusualprehistory:ginkgo_stairs Expected: 2493 Got: 4247
[12Apr2025 04:21:14.801] [main/WARN] [net.minecraftforge.registries.ForgeRegistry/REGISTRIES]: Registry minecraft:item: Object did not get ID it asked for. Name: unusualprehistory:ginkgo_slab Expected: 2494 Got: 4248
[12Apr2025 04:21:14.801] [main/WARN] [net.minecraftforge.registries.ForgeRegistry/REGISTRIES]: Registry minecraft:item: Object did not get ID it asked for. Name: unusualprehistory:ginkgo_fence Expected: 2495 Got: 4249
[12Apr2025 04:21:14.801] [main/WARN] [net.minecraftforge.registries.ForgeRegistry/REGISTRIES]: Registry minecraft:item: Object did not get ID it asked for. Name: unusualprehistory:ginkgo_fence_gate Expected: 2496 Got: 4250
[12Apr2025 04:21:14.801] [main/WARN] [net.minecraftforge.registries.ForgeRegistry/REGISTRIES]: Registry minecraft:item: Object did not get ID it asked for. Name: unusualprehistory:ginkgo_door Expected: 2497 Got: 4251
[12Apr2025 04:21:14.801] [main/WARN] [net.minecraftforge.registries.ForgeRegistry/REGISTRIES]: Registry minecraft:item: Object did not get ID it asked for. Name: unusualprehistory:ginkgo_trapdoor Expected: 2498 Got: 4252
[12Apr2025 04:21:14.801] [main/WARN] [net.minecraftforge.registries.ForgeRegistry/REGISTRIES]: Registry minecraft:item: Object did not get ID it asked for. Name: unusualprehistory:ginkgo_button Expected: 2499 Got: 4253
[12Apr2025 04:21:14.801] [main/WARN] [net.minecraftforge.registries.ForgeRegistry/REGISTRIES]: Registry minecraft:item: Object did not get ID it asked for. Name: unusualprehistory:amber_button Expected: 2500 Got: 4254
[12Apr2025 04:21:14.801] [main/WARN] [net.minecraftforge.registries.ForgeRegistry/REGISTRIES]: Registry minecraft:item: Object did not get ID it asked for. Name: unusualprehistory:ginkgo_pressure_plate Expected: 2501 Got: 4255
[12Apr2025 04:21:14.801] [main/WARN] [net.minecraftforge.registries.ForgeRegistry/REGISTRIES]: Registry minecraft:item: Object did not get ID it asked for. Name: unusualprehistory:ginkgo_sapling Expected: 2502 Got: 4256
[12Apr2025 04:21:14.802] [main/WARN] [net.minecraftforge.registries.ForgeRegistry/REGISTRIES]: Registry minecraft:item: Object did not get ID it asked for. Name: unusualprehistory:foxii_sapling Expected: 2503 Got: 4257
[12Apr2025 04:21:14.802] [main/WARN] [net.minecraftforge.registries.ForgeRegistry/REGISTRIES]: Registry minecraft:item: Object did not get ID it asked for. Name: unusualprehistory:dryo_sapling Expected: 2504 Got: 4258
[12Apr2025 04:21:14.802] [main/WARN] [net.minecraftforge.registries.ForgeRegistry/REGISTRIES]: Registry minecraft:item: Object did not get ID it asked for. Name: unusualprehistory:dryo_planks Expected: 2505 Got: 4259
[12Apr2025 04:21:14.802] [main/WARN] [net.minecraftforge.registries.ForgeRegistry/REGISTRIES]: Registry minecraft:item: Object did not get ID it asked for. Name: unusualprehistory:dryo_log Expected: 2506 Got: 4260
[12Apr2025 04:21:14.802] [main/WARN] [net.minecraftforge.registries.ForgeRegistry/REGISTRIES]: Registry minecraft:item: Object did not get ID it asked for. Name: unusualprehistory:dryo_wood Expected: 2507 Got: 4261
[12Apr2025 04:21:14.802] [main/WARN] [net.minecraftforge.registries.ForgeRegistry/REGISTRIES]: Registry minecraft:item: Object did not get ID it asked for. Name: unusualprehistory:stripped_dryo_log Expected: 2508 Got: 4262
[12Apr2025 04:21:14.802] [main/WARN] [net.minecraftforge.registries.ForgeRegistry/REGISTRIES]: Registry minecraft:item: Object did not get ID it asked for. Name: unusualprehistory:stripped_dryo_wood Expected: 2509 Got: 4263
[12Apr2025 04:21:14.802] [main/WARN] [net.minecraftforge.registries.ForgeRegistry/REGISTRIES]: Registry minecraft:item: Object did not get ID it asked for. Name: unusualprehistory:dryo_leaves Expected: 2510 Got: 4264
[12Apr2025 04:21:14.802] [main/WARN] [net.minecraftforge.registries.ForgeRegistry/REGISTRIES]: Registry minecraft:item: Object did not get ID it asked for. Name: unusualprehistory:dryo_stairs Expected: 2511 Got: 4265
[12Apr2025 04:21:14.803] [main/WARN] [net.minecraftforge.registries.ForgeRegistry/REGISTRIES]: Registry minecraft:item: Object did not get ID it asked for. Name: unusualprehistory:dryo_slab Expected: 2512 Got: 4266
[12Apr2025 04:21:14.803] [main/WARN] [net.minecraftforge.registries.ForgeRegistry/REGISTRIES]: Registry minecraft:item: Object did not get ID it asked for. Name: unusualprehistory:dryo_fence Expected: 2513 Got: 4267
[12Apr2025 04:21:14.803] [main/WARN] [net.minecraftforge.registries.ForgeRegistry/REGISTRIES]: Registry minecraft:item: Object did not get ID it asked for. Name: unusualprehistory:dryo_fence_gate Expected: 2514 Got: 4268
[12Apr2025 04:21:14.803] [main/WARN] [net.minecraftforge.registries.ForgeRegistry/REGISTRIES]: Registry minecraft:item: Object did not get ID it asked for. Name: unusualprehistory:dryo_button Expected: 2515 Got: 4269
[12Apr2025 04:21:14.803] [main/WARN] [net.minecraftforge.registries.ForgeRegistry/REGISTRIES]: Registry minecraft:item: Object did not get ID it asked for. Name: unusualprehistory:dryo_pressure_plate Expected: 2516 Got: 4270
[12Apr2025 04:21:14.803] [main/WARN] [net.minecraftforge.registries.ForgeRegistry/REGISTRIES]: Registry minecraft:item: Object did not get ID it asked for. Name: unusualprehistory:dryo_door Expected: 2517 Got: 4271
[12Apr2025 04:21:14.803] [main/WARN] [net.minecraftforge.registries.ForgeRegistry/REGISTRIES]: Registry minecraft:item: Object did not get ID it asked for. Name: unusualprehistory:dryo_trapdoor Expected: 2518 Got: 4272
[12Apr2025 04:21:14.803] [main/WARN] [net.minecraftforge.registries.ForgeRegistry/REGISTRIES]: Registry minecraft:item: Object did not get ID it asked for. Name: unusualprehistory:amber_block Expected: 2519 Got: 4273
[12Apr2025 04:21:14.804] [main/WARN] [net.minecraftforge.registries.ForgeRegistry/REGISTRIES]: Registry minecraft:item: Object did not get ID it asked for. Name: unusualprehistory:opal_block Expected: 2520 Got: 4274
[12Apr2025 04:21:14.804] [main/WARN] [net.minecraftforge.registries.ForgeRegistry/REGISTRIES]: Registry minecraft:item: Object did not get ID it asked for. Name: unusualprehistory:incubator Expected: 2521 Got: 4275
[12Apr2025 04:21:14.804] [main/WARN] [net.minecraftforge.registries.ForgeRegistry/REGISTRIES]: Registry minecraft:item: Object did not get ID it asked for. Name: unusualprehistory:coty_fossil Expected: 2522 Got: 4276
[12Apr2025 04:21:14.804] [main/WARN] [net.minecraftforge.registries.ForgeRegistry/REGISTRIES]: Registry minecraft:item: Object did not get ID it asked for. Name: unusualprehistory:stetha_fossil Expected: 2523 Got: 4277
[12Apr2025 04:21:14.804] [main/WARN] [net.minecraftforge.registries.ForgeRegistry/REGISTRIES]: Registry minecraft:item: Object did not get ID it asked for. Name: unusualprehistory:anuro_fossil Expected: 2524 Got: 4278
[12Apr2025 04:21:14.804] [main/WARN] [net.minecraftforge.registries.ForgeRegistry/REGISTRIES]: Registry minecraft:item: Object did not get ID it asked for. Name: unusualprehistory:scau_fossil Expected: 2525 Got: 4279
[12Apr2025 04:21:14.804] [main/WARN] [net.minecraftforge.registries.ForgeRegistry/REGISTRIES]: Registry minecraft:item: Object did not get ID it asked for. Name: unusualprehistory:beelze_fossil Expected: 2526 Got: 4280
[12Apr2025 04:21:14.805] [main/WARN] [net.minecraftforge.registries.ForgeRegistry/REGISTRIES]: Registry minecraft:item: Object did not get ID it asked for. Name: unusualprehistory:brachi_fossil Expected: 2527 Got: 4281
[12Apr2025 04:21:14.805] [main/WARN] [net.minecraftforge.registries.ForgeRegistry/REGISTRIES]: Registry minecraft:item: Object did not get ID it asked for. Name: unusualprehistory:dunk_fossil Expected: 2528 Got: 4282
[12Apr2025 04:21:14.805] [main/WARN] [net.minecraftforge.registries.ForgeRegistry/REGISTRIES]: Registry minecraft:item: Object did not get ID it asked for. Name: unusualprehistory:majunga_fossil Expected: 2529 Got: 4283
[12Apr2025 04:21:14.805] [main/WARN] [net.minecraftforge.registries.ForgeRegistry/REGISTRIES]: Registry minecraft:item: Object did not get ID it asked for. Name: unusualprehistory:pachy_fossil Expected: 2530 Got: 4284
[12Apr2025 04:21:14.805] [main/WARN] [net.minecraftforge.registries.ForgeRegistry/REGISTRIES]: Registry minecraft:item: Object did not get ID it asked for. Name: unusualprehistory:veloci_fossil Expected: 2531 Got: 4285
[12Apr2025 04:21:14.805] [main/WARN] [net.minecraftforge.registries.ForgeRegistry/REGISTRIES]: Registry minecraft:item: Object did not get ID it asked for. Name: unusualprehistory:eryon_fossil Expected: 2532 Got: 4286
[12Apr2025 04:21:14.805] [main/WARN] [net.minecraftforge.registries.ForgeRegistry/REGISTRIES]: Registry minecraft:item: Object did not get ID it asked for. Name: unusualprehistory:austro_fossil Expected: 2533 Got: 4287
[12Apr2025 04:21:14.806] [main/WARN] [net.minecraftforge.registries.ForgeRegistry/REGISTRIES]: Registry minecraft:item: Object did not get ID it asked for. Name: unusualprehistory:ulugh_fossil Expected: 2534 Got: 4288
[12Apr2025 04:21:14.806] [main/WARN] [net.minecraftforge.registries.ForgeRegistry/REGISTRIES]: Registry minecraft:item: Object did not get ID it asked for. Name: unusualprehistory:kentro_fossil Expected: 2535 Got: 4289
[12Apr2025 04:21:14.806] [main/WARN] [net.minecraftforge.registries.ForgeRegistry/REGISTRIES]: Registry minecraft:item: Object did not get ID it asked for. Name: unusualprehistory:antarcto_fossil Expected: 2536 Got: 4290
[12Apr2025 04:21:14.806] [main/WARN] [net.minecraftforge.registries.ForgeRegistry/REGISTRIES]: Registry minecraft:item: Object did not get ID it asked for. Name: unusualprehistory:hwacha_fossil Expected: 2537 Got: 4291
[12Apr2025 04:21:14.806] [main/WARN] [net.minecraftforge.registries.ForgeRegistry/REGISTRIES]: Registry minecraft:item: Object did not get ID it asked for. Name: unusualprehistory:dead_clathrodictyon_block Expected: 2538 Got: 4292
[12Apr2025 04:21:14.806] [main/WARN] [net.minecraftforge.registries.ForgeRegistry/REGISTRIES]: Registry minecraft:item: Object did not get ID it asked for. Name: unusualprehistory:clathrodictyon_block Expected: 2539 Got: 4293
[12Apr2025 04:21:14.806] [main/WARN] [net.minecraftforge.registries.ForgeRegistry/REGISTRIES]: Registry minecraft:item: Object did not get ID it asked for. Name: unusualprehistory:dead_clathrodictyon Expected: 2540 Got: 4294
[12Apr2025 04:21:14.807] [main/WARN] [net.minecraftforge.registries.ForgeRegistry/REGISTRIES]: Registry minecraft:item: Object did not get ID it asked for. Name: unusualprehistory:clathrodictyon Expected: 2541 Got: 4295
[12Apr2025 04:21:14.807] [main/WARN] [net.minecraftforge.registries.ForgeRegistry/REGISTRIES]: Registry minecraft:item: Object did not get ID it asked for. Name: unusualprehistory:anostylostroma_block Expected: 2542 Got: 4296
[12Apr2025 04:21:14.807] [main/WARN] [net.minecraftforge.registries.ForgeRegistry/REGISTRIES]: Registry minecraft:item: Object did not get ID it asked for. Name: unusualprehistory:archaefructus Expected: 2543 Got: 4297
[12Apr2025 04:21:14.807] [main/WARN] [net.minecraftforge.registries.ForgeRegistry/REGISTRIES]: Registry minecraft:item: Object did not get ID it asked for. Name: unusualprehistory:nelumbites Expected: 2544 Got: 4298
[12Apr2025 04:21:14.807] [main/WARN] [net.minecraftforge.registries.ForgeRegistry/REGISTRIES]: Registry minecraft:item: Object did not get ID it asked for. Name: unusualprehistory:quereuxia Expected: 2545 Got: 4299
[12Apr2025 04:21:24.420] [main/WARN] [net.minecraftforge.registries.ForgeRegistry/REGISTRIES]: Registry minecraft:item: Object did not get ID it asked for. Name: unusualprehistory:quereuxia_top Expected: 2546 Got: 4300
[12Apr2025 04:21:24.420] [main/WARN] [net.minecraftforge.registries.ForgeRegistry/REGISTRIES]: Registry minecraft:item: Object did not get ID it asked for. Name: unusualprehistory:petrified_planks Expected: 2547 Got: 4301
[12Apr2025 04:21:24.421] [main/WARN] [net.minecraftforge.registries.ForgeRegistry/REGISTRIES]: Registry minecraft:item: Object did not get ID it asked for. Name: unusualprehistory:petrified_wood_log Expected: 2548 Got: 4302
[12Apr2025 04:21:24.421] [main/WARN] [net.minecraftforge.registries.ForgeRegistry/REGISTRIES]: Registry minecraft:item: Object did not get ID it asked for. Name: unusualprehistory:petrified_wood Expected: 2549 Got: 4303
[12Apr2025 04:21:24.421] [main/WARN] [net.minecraftforge.registries.ForgeRegistry/REGISTRIES]: Registry minecraft:item: Object did not get ID it asked for. Name: unusualprehistory:stripped_petrified_wood Expected: 2550 Got: 4304
[12Apr2025 04:21:24.421] [main/WARN] [net.minecraftforge.registries.ForgeRegistry/REGISTRIES]: Registry minecraft:item: Object did not get ID it asked for. Name: unusualprehistory:stripped_petrified_wood_log Expected: 2551 Got: 4305
[12Apr2025 04:21:24.421] [main/WARN] [net.minecraftforge.registries.ForgeRegistry/REGISTRIES]: Registry minecraft:item: Object did not get ID it asked for. Name: unusualprehistory:petrified_wood_stairs Expected: 2552 Got: 4306
[12Apr2025 04:21:24.422] [main/WARN] [net.minecraftforge.registries.ForgeRegistry/REGISTRIES]: Registry minecraft:item: Object did not get ID it asked for. Name: unusualprehistory:petrified_wood_slab Expected: 2553 Got: 4307
[12Apr2025 04:21:24.422] [main/WARN] [net.minecraftforge.registries.ForgeRegistry/REGISTRIES]: Registry minecraft:item: Object did not get ID it asked for. Name: unusualprehistory:petrified_wood_fence Expected: 2554 Got: 4308
[12Apr2025 04:21:24.422] [main/WARN] [net.minecraftforge.registries.ForgeRegistry/REGISTRIES]: Registry minecraft:item: Object did not get ID it asked for. Name: unusualprehistory:petrified_wood_fence_gate Expected: 2555 Got: 4309
[12Apr2025 04:21:24.422] [main/WARN] [net.minecraftforge.registries.ForgeRegistry/REGISTRIES]: Registry minecraft:item: Object did not get ID it asked for. Name: unusualprehistory:petrified_wood_door Expected: 2556 Got: 4310
[12Apr2025 04:21:24.422] [main/WARN] [net.minecraftforge.registries.ForgeRegistry/REGISTRIES]: Registry minecraft:item: Object did not get ID it asked for. Name: unusualprehistory:petrified_wood_trapdoor Expected: 2557 Got: 4311
[12Apr2025 04:21:24.422] [main/WARN] [net.minecraftforge.registries.ForgeRegistry/REGISTRIES]: Registry minecraft:item: Object did not get ID it asked for. Name: unusualprehistory:petrified_wood_button Expected: 2558 Got: 4312
[12Apr2025 04:21:24.422] [main/WARN] [net.minecraftforge.registries.ForgeRegistry/REGISTRIES]: Registry minecraft:item: Object did not get ID it asked for. Name: unusualprehistory:petrified_wood_pressure_plate Expected: 2559 Got: 4313
[12Apr2025 04:21:24.423] [main/WARN] [net.minecraftforge.registries.ForgeRegistry/REGISTRIES]: Registry minecraft:item: Object did not get ID it asked for. Name: unusualprehistory:polished_petrified_wood Expected: 2560 Got: 4314
[12Apr2025 04:21:24.423] [main/WARN] [net.minecraftforge.registries.ForgeRegistry/REGISTRIES]: Registry minecraft:item: Object did not get ID it asked for. Name: unusualprehistory:polished_petrified_wood_stairs Expected: 2561 Got: 4315
[12Apr2025 04:21:24.423] [main/WARN] [net.minecraftforge.registries.ForgeRegistry/REGISTRIES]: Registry minecraft:item: Object did not get ID it asked for. Name: unusualprehistory:polished_petrified_wood_slab Expected: 2562 Got: 4316
[12Apr2025 04:21:24.423] [main/WARN] [net.minecraftforge.registries.ForgeRegistry/REGISTRIES]: Registry minecraft:item: Object did not get ID it asked for. Name: unusualprehistory:petrified_bush Expected: 2563 Got: 4317
[12Apr2025 04:21:24.423] [main/WARN] [net.minecraftforge.registries.ForgeRegistry/REGISTRIES]: Registry minecraft:item: Object did not get ID it asked for. Name: unusualprehistory:asphalt Expected: 2564 Got: 4318
[12Apr2025 04:21:24.423] [main/WARN] [net.minecraftforge.registries.ForgeRegistry/REGISTRIES]: Registry minecraft:item: Object did not get ID it asked for. Name: unusualprehistory:gold_engraved_asphalt Expected: 2565 Got: 4319
[12Apr2025 04:21:24.423] [main/WARN] [net.minecraftforge.registries.ForgeRegistry/REGISTRIES]: Registry minecraft:item: Object did not get ID it asked for. Name: unusualprehistory:quartz_engraved_asphalt Expected: 2566 Got: 4320
[12Apr2025 04:21:24.423] [main/WARN] [net.minecraftforge.registries.ForgeRegistry/REGISTRIES]: Registry minecraft:item: Object did not get ID it asked for. Name: unusualprehistory:zuloagae Expected: 2567 Got: 4321
[12Apr2025 04:21:24.423] [main/WARN] [net.minecraftforge.registries.ForgeRegistry/REGISTRIES]: Registry minecraft:item: Object did not get ID it asked for. Name: unusualprehistory:raiguenrayun Expected: 2568 Got: 4322
[12Apr2025 04:21:24.423] [main/WARN] [net.minecraftforge.registries.ForgeRegistry/REGISTRIES]: Registry minecraft:item: Object did not get ID it asked for. Name: unusualprehistory:splattered_tar Expected: 2569 Got: 4323
[12Apr2025 04:21:24.424] [main/WARN] [net.minecraftforge.registries.ForgeRegistry/REGISTRIES]: Registry minecraft:item: Object did not get ID it asked for. Name: unusualprehistory:stone_opal_ore Expected: 2570 Got: 4324
[12Apr2025 04:21:24.424] [main/WARN] [net.minecraftforge.registries.ForgeRegistry/REGISTRIES]: Registry minecraft:item: Object did not get ID it asked for. Name: unusualprehistory:deepslate_opal_ore Expected: 2571 Got: 4325
[12Apr2025 04:21:24.424] [main/WARN] [net.minecraftforge.registries.ForgeRegistry/REGISTRIES]: Registry minecraft:item: Object did not get ID it asked for. Name: unusualprehistory:stone_tar_fossil Expected: 2572 Got: 4326
[12Apr2025 04:21:24.424] [main/WARN] [net.minecraftforge.registries.ForgeRegistry/REGISTRIES]: Registry minecraft:item: Object did not get ID it asked for. Name: unusualprehistory:deepslate_tar_fossil Expected: 2573 Got: 4327
[12Apr2025 04:21:24.424] [main/WARN] [net.minecraftforge.registries.ForgeRegistry/REGISTRIES]: Registry minecraft:item: Object did not get ID it asked for. Name: unusualprehistory:permafrost_fossil Expected: 2574 Got: 4328
[12Apr2025 04:21:24.424] [main/WARN] [net.minecraftforge.registries.ForgeRegistry/REGISTRIES]: Registry minecraft:item: Object did not get ID it asked for. Name: unusualprehistory:permafrost Expected: 2575 Got: 4329
[12Apr2025 04:21:24.424] [main/WARN] [net.minecraftforge.registries.ForgeRegistry/REGISTRIES]: Registry minecraft:mob_effect: Object did not get ID it asked for. Name: unusualprehistory:brachi_protection Expected: 38 Got: 89
[12Apr2025 04:21:24.424] [main/WARN] [net.minecraftforge.registries.ForgeRegistry/REGISTRIES]: Registry minecraft:mob_effect: Object did not get ID it asked for. Name: unusualprehistory:pachys_might Expected: 39 Got: 90
[12Apr2025 04:21:24.424] [main/WARN] [net.minecraftforge.registries.ForgeRegistry/REGISTRIES]: Registry minecraft:mob_effect: Object did not get ID it asked for. Name: unusualprehistory:screen_shake Expected: 40 Got: 91
[12Apr2025 04:21:24.424] [main/WARN] [net.minecraftforge.registries.ForgeRegistry/REGISTRIES]: Registry minecraft:mob_effect: Object did not get ID it asked for. Name: unusualprehistory:prevent_click Expected: 41 Got: 92
[12Apr2025 04:21:24.425] [main/WARN] [net.minecraftforge.registries.ForgeRegistry/REGISTRIES]: Registry minecraft:mob_effect: Object did not get ID it asked for. Name: unusualprehistory:health_reduction Expected: 42 Got: 93
[12Apr2025 04:21:24.426] [main/WARN] [net.minecraftforge.registries.ForgeRegistry/REGISTRIES]: Registry minecraft:sound_event: Object did not get ID it asked for. Name: unusualprehistory:majunga_idle Expected: 1647 Got: 2038
[12Apr2025 04:21:24.426] [main/WARN] [net.minecraftforge.registries.ForgeRegistry/REGISTRIES]: Registry minecraft:sound_event: Object did not get ID it asked for. Name: unusualprehistory:majunga_hurt Expected: 1648 Got: 2039
[12Apr2025 04:21:24.426] [main/WARN] [net.minecraftforge.registries.ForgeRegistry/REGISTRIES]: Registry minecraft:sound_event: Object did not get ID it asked for. Name: unusualprehistory:majunga_attack Expected: 1649 Got: 2040
[12Apr2025 04:21:24.426] [main/WARN] [net.minecraftforge.registries.ForgeRegistry/REGISTRIES]: Registry minecraft:sound_event: Object did not get ID it asked for. Name: unusualprehistory:majunga_death Expected: 1650 Got: 2041
[12Apr2025 04:21:24.426] [main/WARN] [net.minecraftforge.registries.ForgeRegistry/REGISTRIES]: Registry minecraft:sound_event: Object did not get ID it asked for. Name: unusualprehistory:majunga_step Expected: 1651 Got: 2042
[12Apr2025 04:21:24.427] [main/WARN] [net.minecraftforge.registries.ForgeRegistry/REGISTRIES]: Registry minecraft:sound_event: Object did not get ID it asked for. Name: unusualprehistory:anuro_idle Expected: 1652 Got: 2043
[12Apr2025 04:21:24.427] [main/WARN] [net.minecraftforge.registries.ForgeRegistry/REGISTRIES]: Registry minecraft:sound_event: Object did not get ID it asked for. Name: unusualprehistory:anuro_hurt Expected: 1653 Got: 2044
[12Apr2025 04:21:24.427] [main/WARN] [net.minecraftforge.registries.ForgeRegistry/REGISTRIES]: Registry minecraft:sound_event: Object did not get ID it asked for. Name: unusualprehistory:anuro_death Expected: 1654 Got: 2045
[12Apr2025 04:21:24.427] [main/WARN] [net.minecraftforge.registries.ForgeRegistry/REGISTRIES]: Registry minecraft:sound_event: Object did not get ID it asked for. Name: unusualprehistory:coty_idle Expected: 1655 Got: 2046
[12Apr2025 04:21:24.427] [main/WARN] [net.minecraftforge.registries.ForgeRegistry/REGISTRIES]: Registry minecraft:sound_event: Object did not get ID it asked for. Name: unusualprehistory:coty_hurt Expected: 1656 Got: 2047
[12Apr2025 04:21:24.427] [main/WARN] [net.minecraftforge.registries.ForgeRegistry/REGISTRIES]: Registry minecraft:sound_event: Object did not get ID it asked for. Name: unusualprehistory:coty_death Expected: 1657 Got: 2048
[12Apr2025 04:21:24.428] [main/WARN] [net.minecraftforge.registries.ForgeRegistry/REGISTRIES]: Registry minecraft:sound_event: Object did not get ID it asked for. Name: unusualprehistory:dunk_attack Expected: 1658 Got: 2049
[12Apr2025 04:21:24.428] [main/WARN] [net.minecraftforge.registries.ForgeRegistry/REGISTRIES]: Registry minecraft:sound_event: Object did not get ID it asked for. Name: unusualprehistory:dunk_death Expected: 1659 Got: 2050
[12Apr2025 04:21:24.428] [main/WARN] [net.minecraftforge.registries.ForgeRegistry/REGISTRIES]: Registry minecraft:sound_event: Object did not get ID it asked for. Name: unusualprehistory:dunk_hurt Expected: 1660 Got: 2051
[12Apr2025 04:21:24.428] [main/WARN] [net.minecraftforge.registries.ForgeRegistry/REGISTRIES]: Registry minecraft:sound_event: Object did not get ID it asked for. Name: unusualprehistory:beelze_idle Expected: 1661 Got: 2052
[12Apr2025 04:21:24.428] [main/WARN] [net.minecraftforge.registries.ForgeRegistry/REGISTRIES]: Registry minecraft:sound_event: Object did not get ID it asked for. Name: unusualprehistory:beelze_hurt Expected: 1662 Got: 2053
[12Apr2025 04:21:24.428] [main/WARN] [net.minecraftforge.registries.ForgeRegistry/REGISTRIES]: Registry minecraft:sound_event: Object did not get ID it asked for. Name: unusualprehistory:beelze_attack Expected: 1663 Got: 2054
[12Apr2025 04:21:24.429] [main/WARN] [net.minecraftforge.registries.ForgeRegistry/REGISTRIES]: Registry minecraft:sound_event: Object did not get ID it asked for. Name: unusualprehistory:beelze_death Expected: 1664 Got: 2055
[12Apr2025 04:21:24.429] [main/WARN] [net.minecraftforge.registries.ForgeRegistry/REGISTRIES]: Registry minecraft:sound_event: Object did not get ID it asked for. Name: unusualprehistory:rex_bite Expected: 1665 Got: 2056
[12Apr2025 04:21:24.429] [main/WARN] [net.minecraftforge.registries.ForgeRegistry/REGISTRIES]: Registry minecraft:sound_event: Object did not get ID it asked for. Name: unusualprehistory:rex_death Expected: 1666 Got: 2057
[12Apr2025 04:21:24.429] [main/WARN] [net.minecraftforge.registries.ForgeRegistry/REGISTRIES]: Registry minecraft:sound_event: Object did not get ID it asked for. Name: unusualprehistory:rex_hurt Expected: 1667 Got: 2058
[12Apr2025 04:21:24.429] [main/WARN] [net.minecraftforge.registries.ForgeRegistry/REGISTRIES]: Registry minecraft:sound_event: Object did not get ID it asked for. Name: unusualprehistory:rex_idle Expected: 1668 Got: 2059
[12Apr2025 04:21:24.429] [main/WARN] [net.minecraftforge.registries.ForgeRegistry/REGISTRIES]: Registry minecraft:sound_event: Object did not get ID it asked for. Name: unusualprehistory:rex_step Expected: 1669 Got: 2060
[12Apr2025 04:21:24.429] [main/WARN] [net.minecraftforge.registries.ForgeRegistry/REGISTRIES]: Registry minecraft:sound_event: Object did not get ID it asked for. Name: unusualprehistory:rex_stomp_attack Expected: 1670 Got: 2061
[12Apr2025 04:21:24.429] [main/WARN] [net.minecraftforge.registries.ForgeRegistry/REGISTRIES]: Registry minecraft:sound_event: Object did not get ID it asked for. Name: unusualprehistory:rex_tail_swipe Expected: 1671 Got: 2062
[12Apr2025 04:21:24.429] [main/WARN] [net.minecraftforge.registries.ForgeRegistry/REGISTRIES]: Registry minecraft:sound_event: Object did not get ID it asked for. Name: unusualprehistory:trike_death Expected: 1672 Got: 2063
[12Apr2025 04:21:24.429] [main/WARN] [net.minecraftforge.registries.ForgeRegistry/REGISTRIES]: Registry minecraft:sound_event: Object did not get ID it asked for. Name: unusualprehistory:trike_hurt Expected: 1673 Got: 2064
[12Apr2025 04:21:24.430] [main/WARN] [net.minecraftforge.registries.ForgeRegistry/REGISTRIES]: Registry minecraft:sound_event: Object did not get ID it asked for. Name: unusualprehistory:trike_idle Expected: 1674 Got: 2065
[12Apr2025 04:21:24.430] [main/WARN] [net.minecraftforge.registries.ForgeRegistry/REGISTRIES]: Registry minecraft:sound_event: Object did not get ID it asked for. Name: unusualprehistory:brachi_death Expected: 1675 Got: 2066
[12Apr2025 04:21:24.430] [main/WARN] [net.minecraftforge.registries.ForgeRegistry/REGISTRIES]: Registry minecraft:sound_event: Object did not get ID it asked for. Name: unusualprehistory:brachi_hurt Expected: 1676 Got: 2067
[12Apr2025 04:21:24.430] [main/WARN] [net.minecraftforge.registries.ForgeRegistry/REGISTRIES]: Registry minecraft:sound_event: Object did not get ID it asked for. Name: unusualprehistory:brachi_idle Expected: 1677 Got: 2068
[12Apr2025 04:21:24.430] [main/WARN] [net.minecraftforge.registries.ForgeRegistry/REGISTRIES]: Registry minecraft:sound_event: Object did not get ID it asked for. Name: unusualprehistory:brachi_step Expected: 1678 Got: 2069
[12Apr2025 04:21:24.431] [main/WARN] [net.minecraftforge.registries.ForgeRegistry/REGISTRIES]: Registry minecraft:sound_event: Object did not get ID it asked for. Name: unusualprehistory:brachi_toss Expected: 1679 Got: 2070
[12Apr2025 04:21:24.431] [main/WARN] [net.minecraftforge.registries.ForgeRegistry/REGISTRIES]: Registry minecraft:sound_event: Object did not get ID it asked for. Name: unusualprehistory:encrusted_death Expected: 1680 Got: 2071
[12Apr2025 04:21:24.431] [main/WARN] [net.minecraftforge.registries.ForgeRegistry/REGISTRIES]: Registry minecraft:sound_event: Object did not get ID it asked for. Name: unusualprehistory:encrusted_hurt Expected: 1681 Got: 2072
[12Apr2025 04:21:24.431] [main/WARN] [net.minecraftforge.registries.ForgeRegistry/REGISTRIES]: Registry minecraft:sound_event: Object did not get ID it asked for. Name: unusualprehistory:encrusted_idle Expected: 1682 Got: 2073
[12Apr2025 04:21:24.431] [main/WARN] [net.minecraftforge.registries.ForgeRegistry/REGISTRIES]: Registry minecraft:sound_event: Object did not get ID it asked for. Name: unusualprehistory:encrusted_step Expected: 1683 Got: 2074
[12Apr2025 04:21:24.431] [main/WARN] [net.minecraftforge.registries.ForgeRegistry/REGISTRIES]: Registry minecraft:sound_event: Object did not get ID it asked for. Name: unusualprehistory:encrusted_spit Expected: 1684 Got: 2075
[12Apr2025 04:21:24.431] [main/WARN] [net.minecraftforge.registries.ForgeRegistry/REGISTRIES]: Registry minecraft:sound_event: Object did not get ID it asked for. Name: unusualprehistory:raptor_attack Expected: 1685 Got: 2076
[12Apr2025 04:21:24.431] [main/WARN] [net.minecraftforge.registries.ForgeRegistry/REGISTRIES]: Registry minecraft:sound_event: Object did not get ID it asked for. Name: unusualprehistory:raptor_death Expected: 1686 Got: 2077
[12Apr2025 04:21:24.432] [main/WARN] [net.minecraftforge.registries.ForgeRegistry/REGISTRIES]: Registry minecraft:sound_event: Object did not get ID it asked for. Name: unusualprehistory:raptor_hurt Expected: 1687 Got: 2078
[12Apr2025 04:21:24.432] [main/WARN] [net.minecraftforge.registries.ForgeRegistry/REGISTRIES]: Registry minecraft:sound_event: Object did not get ID it asked for. Name: unusualprehistory:raptor_idle Expected: 1688 Got: 2079
[12Apr2025 04:21:24.432] [main/WARN] [net.minecraftforge.registries.ForgeRegistry/REGISTRIES]: Registry minecraft:sound_event: Object did not get ID it asked for. Name: unusualprehistory:raptor_search Expected: 1689 Got: 2080
[12Apr2025 04:21:24.432] [main/WARN] [net.minecraftforge.registries.ForgeRegistry/REGISTRIES]: Registry minecraft:sound_event: Object did not get ID it asked for. Name: unusualprehistory:pachy_death Expected: 1690 Got: 2081
[12Apr2025 04:21:24.432] [main/WARN] [net.minecraftforge.registries.ForgeRegistry/REGISTRIES]: Registry minecraft:sound_event: Object did not get ID it asked for. Name: unusualprehistory:pachy_headbutt Expected: 1691 Got: 2082
[12Apr2025 04:21:24.432] [main/WARN] [net.minecraftforge.registries.ForgeRegistry/REGISTRIES]: Registry minecraft:sound_event: Object did not get ID it asked for. Name: unusualprehistory:pachy_hurt Expected: 1692 Got: 2083
[12Apr2025 04:21:24.432] [main/WARN] [net.minecraftforge.registries.ForgeRegistry/REGISTRIES]: Registry minecraft:sound_event: Object did not get ID it asked for. Name: unusualprehistory:pachy_idle Expected: 1693 Got: 2084
[12Apr2025 04:21:24.433] [main/WARN] [net.minecraftforge.registries.ForgeRegistry/REGISTRIES]: Registry minecraft:sound_event: Object did not get ID it asked for. Name: unusualprehistory:pachy_kick Expected: 1694 Got: 2085
[12Apr2025 04:21:24.433] [main/WARN] [net.minecraftforge.registries.ForgeRegistry/REGISTRIES]: Registry minecraft:sound_event: Object did not get ID it asked for. Name: unusualprehistory:eryon_death Expected: 1695 Got: 2086
[12Apr2025 04:21:24.433] [main/WARN] [net.minecraftforge.registries.ForgeRegistry/REGISTRIES]: Registry minecraft:sound_event: Object did not get ID it asked for. Name: unusualprehistory:eryon_hurt Expected: 1696 Got: 2087
[12Apr2025 04:21:24.433] [main/WARN] [net.minecraftforge.registries.ForgeRegistry/REGISTRIES]: Registry minecraft:sound_event: Object did not get ID it asked for. Name: unusualprehistory:eryon_idle Expected: 1697 Got: 2088
[12Apr2025 04:21:24.433] [main/WARN] [net.minecraftforge.registries.ForgeRegistry/REGISTRIES]: Registry minecraft:sound_event: Object did not get ID it asked for. Name: unusualprehistory:austro_bite Expected: 1698 Got: 2089
[12Apr2025 04:21:24.433] [main/WARN] [net.minecraftforge.registries.ForgeRegistry/REGISTRIES]: Registry minecraft:sound_event: Object did not get ID it asked for. Name: unusualprehistory:austro_death Expected: 1699 Got: 2090
[12Apr2025 04:21:24.433] [main/WARN] [net.minecraftforge.registries.ForgeRegistry/REGISTRIES]: Registry minecraft:sound_event: Object did not get ID it asked for. Name: unusualprehistory:austro_hurt Expected: 1700 Got: 2091
[12Apr2025 04:21:24.434] [main/WARN] [net.minecraftforge.registries.ForgeRegistry/REGISTRIES]: Registry minecraft:sound_event: Object did not get ID it asked for. Name: unusualprehistory:austro_idle Expected: 1701 Got: 2092
[12Apr2025 04:21:24.434] [main/WARN] [net.minecraftforge.registries.ForgeRegistry/REGISTRIES]: Registry minecraft:sound_event: Object did not get ID it asked for. Name: unusualprehistory:austro_preen Expected: 1702 Got: 2093
[12Apr2025 04:21:24.434] [main/WARN] [net.minecraftforge.registries.ForgeRegistry/REGISTRIES]: Registry minecraft:sound_event: Object did not get ID it asked for. Name: unusualprehistory:hwacha_death Expected: 1703 Got: 2094
[12Apr2025 04:21:24.434] [main/WARN] [net.minecraftforge.registries.ForgeRegistry/REGISTRIES]: Registry minecraft:sound_event: Object did not get ID it asked for. Name: unusualprehistory:hwacha_hurt Expected: 1704 Got: 2095
[12Apr2025 04:21:24.434] [main/WARN] [net.minecraftforge.registries.ForgeRegistry/REGISTRIES]: Registry minecraft:sound_event: Object did not get ID it asked for. Name: unusualprehistory:hwacha_idle Expected: 1705 Got: 2096
[12Apr2025 04:21:24.434] [main/WARN] [net.minecraftforge.registries.ForgeRegistry/REGISTRIES]: Registry minecraft:sound_event: Object did not get ID it asked for. Name: unusualprehistory:hwacha_shoot Expected: 1706 Got: 2097
[12Apr2025 04:21:24.434] [main/WARN] [net.minecraftforge.registries.ForgeRegistry/REGISTRIES]: Registry minecraft:sound_event: Object did not get ID it asked for. Name: unusualprehistory:kentro_death Expected: 1707 Got: 2098
[12Apr2025 04:21:24.434] [main/WARN] [net.minecraftforge.registries.ForgeRegistry/REGISTRIES]: Registry minecraft:sound_event: Object did not get ID it asked for. Name: unusualprehistory:kentro_hurt Expected: 1708 Got: 2099
[12Apr2025 04:21:24.435] [main/WARN] [net.minecraftforge.registries.ForgeRegistry/REGISTRIES]: Registry minecraft:sound_event: Object did not get ID it asked for. Name: unusualprehistory:kentro_idle Expected: 1709 Got: 2100
[12Apr2025 04:21:24.435] [main/WARN] [net.minecraftforge.registries.ForgeRegistry/REGISTRIES]: Registry minecraft:sound_event: Object did not get ID it asked for. Name: unusualprehistory:tail_swipe Expected: 1710 Got: 2101
[12Apr2025 04:21:24.435] [main/WARN] [net.minecraftforge.registries.ForgeRegistry/REGISTRIES]: Registry minecraft:sound_event: Object did not get ID it asked for. Name: unusualprehistory:ulugh_bite Expected: 1711 Got: 2102
[12Apr2025 04:21:24.435] [main/WARN] [net.minecraftforge.registries.ForgeRegistry/REGISTRIES]: Registry minecraft:sound_event: Object did not get ID it asked for. Name: unusualprehistory:ulugh_death Expected: 1712 Got: 2103
[12Apr2025 04:21:24.435] [main/WARN] [net.minecraftforge.registries.ForgeRegistry/REGISTRIES]: Registry minecraft:sound_event: Object did not get ID it asked for. Name: unusualprehistory:ulugh_hurt Expected: 1713 Got: 2104
[12Apr2025 04:21:24.435] [main/WARN] [net.minecraftforge.registries.ForgeRegistry/REGISTRIES]: Registry minecraft:sound_event: Object did not get ID it asked for. Name: unusualprehistory:ulugh_idle Expected: 1714 Got: 2105
[12Apr2025 04:21:24.435] [main/WARN] [net.minecraftforge.registries.ForgeRegistry/REGISTRIES]: Registry minecraft:sound_event: Object did not get ID it asked for. Name: unusualprehistory:ulugh_step Expected: 1715 Got: 2106
[12Apr2025 04:21:24.435] [main/WARN] [net.minecraftforge.registries.ForgeRegistry/REGISTRIES]: Registry minecraft:sound_event: Object did not get ID it asked for. Name: unusualprehistory:antarcto_death Expected: 1716 Got: 2107
[12Apr2025 04:21:24.436] [main/WARN] [net.minecraftforge.registries.ForgeRegistry/REGISTRIES]: Registry minecraft:sound_event: Object did not get ID it asked for. Name: unusualprehistory:antarcto_hurt Expected: 1717 Got: 2108
[12Apr2025 04:21:24.436] [main/WARN] [net.minecraftforge.registries.ForgeRegistry/REGISTRIES]: Registry minecraft:sound_event: Object did not get ID it asked for. Name: unusualprehistory:antarcto_idle Expected: 1718 Got: 2109
[12Apr2025 04:21:24.437] [main/WARN] [net.minecraftforge.registries.ForgeRegistry/REGISTRIES]: Registry minecraft:sound_event: Object did not get ID it asked for. Name: unusualprehistory:rex_boombox Expected: 1719 Got: 2110
[12Apr2025 04:21:24.437] [main/WARN] [net.minecraftforge.registries.ForgeRegistry/REGISTRIES]: Registry minecraft:sound_event: Object did not get ID it asked for. Name: unusualprehistory:giganto_death Expected: 1720 Got: 2111
[12Apr2025 04:21:24.438] [main/WARN] [net.minecraftforge.registries.ForgeRegistry/REGISTRIES]: Registry minecraft:sound_event: Object did not get ID it asked for. Name: unusualprehistory:giganto_hurt Expected: 1721 Got: 2112
[12Apr2025 04:21:24.438] [main/WARN] [net.minecraftforge.registries.ForgeRegistry/REGISTRIES]: Registry minecraft:sound_event: Object did not get ID it asked for. Name: unusualprehistory:giganto_idle Expected: 1722 Got: 2113
[12Apr2025 04:21:24.438] [main/WARN] [net.minecraftforge.registries.ForgeRegistry/REGISTRIES]: Registry minecraft:sound_event: Object did not get ID it asked for. Name: unusualprehistory:giganto_trade Expected: 1723 Got: 2114
[12Apr2025 04:21:24.438] [main/WARN] [net.minecraftforge.registries.ForgeRegistry/REGISTRIES]: Registry minecraft:sound_event: Object did not get ID it asked for. Name: unusualprehistory:mammoth_death Expected: 1724 Got: 2115
[12Apr2025 04:21:24.438] [main/WARN] [net.minecraftforge.registries.ForgeRegistry/REGISTRIES]: Registry minecraft:sound_event: Object did not get ID it asked for. Name: unusualprehistory:mammoth_hurt Expected: 1725 Got: 2116
[12Apr2025 04:21:24.438] [main/WARN] [net.minecraftforge.registries.ForgeRegistry/REGISTRIES]: Registry minecraft:sound_event: Object did not get ID it asked for. Name: unusualprehistory:mammoth_idle Expected: 1726 Got: 2117
[12Apr2025 04:21:24.439] [main/WARN] [net.minecraftforge.registries.ForgeRegistry/REGISTRIES]: Registry minecraft:sound_event: Object did not get ID it asked for. Name: unusualprehistory:paracer_death Expected: 1727 Got: 2118
[12Apr2025 04:21:24.439] [main/WARN] [net.minecraftforge.registries.ForgeRegistry/REGISTRIES]: Registry minecraft:sound_event: Object did not get ID it asked for. Name: unusualprehistory:paracer_hurt Expected: 1728 Got: 2119
[12Apr2025 04:21:24.439] [main/WARN] [net.minecraftforge.registries.ForgeRegistry/REGISTRIES]: Registry minecraft:sound_event: Object did not get ID it asked for. Name: unusualprehistory:paracer_idle Expected: 1729 Got: 2120
[12Apr2025 04:21:24.439] [main/WARN] [net.minecraftforge.registries.ForgeRegistry/REGISTRIES]: Registry minecraft:sound_event: Object did not get ID it asked for. Name: unusualprehistory:paracer_stomp Expected: 1730 Got: 2121
[12Apr2025 04:21:24.439] [main/WARN] [net.minecraftforge.registries.ForgeRegistry/REGISTRIES]: Registry minecraft:sound_event: Object did not get ID it asked for. Name: unusualprehistory:talpanas_death Expected: 1731 Got: 2122
[12Apr2025 04:21:24.439] [main/WARN] [net.minecraftforge.registries.ForgeRegistry/REGISTRIES]: Registry minecraft:sound_event: Object did not get ID it asked for. Name: unusualprehistory:talpanas_hurt Expected: 1732 Got: 2123
[12Apr2025 04:21:24.439] [main/WARN] [net.minecraftforge.registries.ForgeRegistry/REGISTRIES]: Registry minecraft:sound_event: Object did not get ID it asked for. Name: unusualprehistory:talpanas_idle Expected: 1733 Got: 2124
[12Apr2025 04:21:24.439] [main/WARN] [net.minecraftforge.registries.ForgeRegistry/REGISTRIES]: Registry minecraft:sound_event: Object did not get ID it asked for. Name: unusualprehistory:talpanas_panic Expected: 1734 Got: 2125
[12Apr2025 04:21:24.439] [main/WARN] [net.minecraftforge.registries.ForgeRegistry/REGISTRIES]: Registry minecraft:sound_event: Object did not get ID it asked for. Name: unusualprehistory:crocarina Expected: 1735 Got: 2126
[12Apr2025 04:21:24.439] [main/WARN] [net.minecraftforge.registries.ForgeRegistry/REGISTRIES]: Registry minecraft:sound_event: Object did not get ID it asked for. Name: unusualprehistory:barina_death Expected: 1736 Got: 2127
[12Apr2025 04:21:24.439] [main/WARN] [net.minecraftforge.registries.ForgeRegistry/REGISTRIES]: Registry minecraft:sound_event: Object did not get ID it asked for. Name: unusualprehistory:barina_hurt Expected: 1737 Got: 2128
[12Apr2025 04:21:24.440] [main/WARN] [net.minecraftforge.registries.ForgeRegistry/REGISTRIES]: Registry minecraft:sound_event: Object did not get ID it asked for. Name: unusualprehistory:barina_idle Expected: 1738 Got: 2129
[12Apr2025 04:21:24.440] [main/WARN] [net.minecraftforge.registries.ForgeRegistry/REGISTRIES]: Registry minecraft:sound_event: Object did not get ID it asked for. Name: unusualprehistory:megather_death Expected: 1739 Got: 2130
[12Apr2025 04:21:24.440] [main/WARN] [net.minecraftforge.registries.ForgeRegistry/REGISTRIES]: Registry minecraft:sound_event: Object did not get ID it asked for. Name: unusualprehistory:megather_hurt Expected: 1740 Got: 2131
[12Apr2025 04:21:24.440] [main/WARN] [net.minecraftforge.registries.ForgeRegistry/REGISTRIES]: Registry minecraft:sound_event: Object did not get ID it asked for. Name: unusualprehistory:megather_idle Expected: 1741 Got: 2132
[12Apr2025 04:21:24.440] [main/WARN] [net.minecraftforge.registries.ForgeRegistry/REGISTRIES]: Registry minecraft:sound_event: Object did not get ID it asked for. Name: unusualprehistory:smilodon_death Expected: 1742 Got: 2133
[12Apr2025 04:21:24.440] [main/WARN] [net.minecraftforge.registries.ForgeRegistry/REGISTRIES]: Registry minecraft:sound_event: Object did not get ID it asked for. Name: unusualprehistory:smilodon_hurt Expected: 1743 Got: 2134
[12Apr2025 04:21:24.440] [main/WARN] [net.minecraftforge.registries.ForgeRegistry/REGISTRIES]: Registry minecraft:sound_event: Object did not get ID it asked for. Name: unusualprehistory:smilodon_idle Expected: 1744 Got: 2135
[12Apr2025 04:21:24.440] [main/WARN] [net.minecraftforge.registries.ForgeRegistry/REGISTRIES]: Registry minecraft:sound_event: Object did not get ID it asked for. Name: unusualprehistory:zulogae_disc Expected: 1745 Got: 2136
[12Apr2025 04:21:24.440] [main/WARN] [net.minecraftforge.registries.ForgeRegistry/REGISTRIES]: Registry minecraft:sound_event: Object did not get ID it asked for. Name: unusualprehistory:palaeo_death Expected: 1746 Got: 2137
[12Apr2025 04:21:24.440] [main/WARN] [net.minecraftforge.registries.ForgeRegistry/REGISTRIES]: Registry minecraft:sound_event: Object did not get ID it asked for. Name: unusualprehistory:palaeo_bite Expected: 1747 Got: 2138
[12Apr2025 04:21:24.441] [main/WARN] [net.minecraftforge.registries.ForgeRegistry/REGISTRIES]: Registry minecraft:sound_event: Object did not get ID it asked for. Name: unusualprehistory:palaeo_hurt Expected: 1748 Got: 2139
[12Apr2025 04:21:24.441] [main/WARN] [net.minecraftforge.registries.ForgeRegistry/REGISTRIES]: Registry minecraft:sound_event: Object did not get ID it asked for. Name: unusualprehistory:palaeo_idle Expected: 1749 Got: 2140
[12Apr2025 04:21:24.441] [main/WARN] [net.minecraftforge.registries.ForgeRegistry/REGISTRIES]: Registry minecraft:sound_event: Object did not get ID it asked for. Name: unusualprehistory:tar_pop Expected: 1750 Got: 2141
[12Apr2025 04:21:24.441] [main/WARN] [net.minecraftforge.registries.ForgeRegistry/REGISTRIES]: Registry minecraft:sound_event: Object did not get ID it asked for. Name: unusualprehistory:tar_ambient Expected: 1751 Got: 2142
[12Apr2025 04:21:24.441] [main/WARN] [net.minecraftforge.registries.ForgeRegistry/REGISTRIES]: Registry minecraft:sound_event: Object did not get ID it asked for. Name: unusualprehistory:megalania_death Expected: 1752 Got: 2143
[12Apr2025 04:21:24.441] [main/WARN] [net.minecraftforge.registries.ForgeRegistry/REGISTRIES]: Registry minecraft:sound_event: Object did not get ID it asked for. Name: unusualprehistory:megalania_hurt Expected: 1753 Got: 2144
[12Apr2025 04:21:24.441] [main/WARN] [net.minecraftforge.registries.ForgeRegistry/REGISTRIES]: Registry minecraft:sound_event: Object did not get ID it asked for. Name: unusualprehistory:megalania_idle Expected: 1754 Got: 2145
[12Apr2025 04:21:24.441] [main/WARN] [net.minecraftforge.registries.ForgeRegistry/REGISTRIES]: Registry minecraft:sound_event: Object did not get ID it asked for. Name: unusualprehistory:sludge_death Expected: 1755 Got: 2146
[12Apr2025 04:21:24.442] [main/WARN] [net.minecraftforge.registries.ForgeRegistry/REGISTRIES]: Registry minecraft:sound_event: Object did not get ID it asked for. Name: unusualprehistory:sludge_hurt Expected: 1756 Got: 2147
[12Apr2025 04:21:24.442] [main/WARN] [net.minecraftforge.registries.ForgeRegistry/REGISTRIES]: Registry minecraft:sound_event: Object did not get ID it asked for. Name: unusualprehistory:sludge_idle Expected: 1757 Got: 2148
[12Apr2025 04:21:24.442] [main/WARN] [net.minecraftforge.registries.ForgeRegistry/REGISTRIES]: Registry minecraft:sound_event: Object did not get ID it asked for. Name: unusualprehistory:sludge_slam Expected: 1758 Got: 2149
[12Apr2025 04:21:24.442] [main/WARN] [net.minecraftforge.registries.ForgeRegistry/REGISTRIES]: Registry minecraft:sound_event: Object did not get ID it asked for. Name: unusualprehistory:sludge_slap Expected: 1759 Got: 2150
[12Apr2025 04:21:24.442] [main/WARN] [net.minecraftforge.registries.ForgeRegistry/REGISTRIES]: Registry minecraft:entity_type: Object did not get ID it asked for. Name: unusualprehistory:stethacanthus Expected: 208 Got: 392
[12Apr2025 04:21:24.443] [main/WARN] [net.minecraftforge.registries.ForgeRegistry/REGISTRIES]: Registry minecraft:entity_type: Object did not get ID it asked for. Name: unusualprehistory:majunga Expected: 209 Got: 393
[12Apr2025 04:21:24.443] [main/WARN] [net.minecraftforge.registries.ForgeRegistry/REGISTRIES]: Registry minecraft:entity_type: Object did not get ID it asked for. Name: unusualprehistory:anuro Expected: 210 Got: 394
[12Apr2025 04:21:24.443] [main/WARN] [net.minecraftforge.registries.ForgeRegistry/REGISTRIES]: Registry minecraft:entity_type: Object did not get ID it asked for. Name: unusualprehistory:beelz Expected: 211 Got: 395
[12Apr2025 04:21:24.443] [main/WARN] [net.minecraftforge.registries.ForgeRegistry/REGISTRIES]: Registry minecraft:entity_type: Object did not get ID it asked for. Name: unusualprehistory:ammon Expected: 212 Got: 396
[12Apr2025 04:21:24.443] [main/WARN] [net.minecraftforge.registries.ForgeRegistry/REGISTRIES]: Registry minecraft:entity_type: Object did not get ID it asked for. Name: unusualprehistory:dunk Expected: 213 Got: 397
[12Apr2025 04:21:24.443] [main/WARN] [net.minecraftforge.registries.ForgeRegistry/REGISTRIES]: Registry minecraft:entity_type: Object did not get ID it asked for. Name: unusualprehistory:coty Expected: 214 Got: 398
[12Apr2025 04:21:24.443] [main/WARN] [net.minecraftforge.registries.ForgeRegistry/REGISTRIES]: Registry minecraft:entity_type: Object did not get ID it asked for. Name: unusualprehistory:beelz_tadpole Expected: 215 Got: 399
[12Apr2025 04:21:24.443] [main/WARN] [net.minecraftforge.registries.ForgeRegistry/REGISTRIES]: Registry minecraft:entity_type: Object did not get ID it asked for. Name: unusualprehistory:baby_dunk Expected: 216 Got: 400
[12Apr2025 04:21:24.444] [main/WARN] [net.minecraftforge.registries.ForgeRegistry/REGISTRIES]: Registry minecraft:entity_type: Object did not get ID it asked for. Name: unusualprehistory:scau Expected: 217 Got: 401
[12Apr2025 04:21:24.444] [main/WARN] [net.minecraftforge.registries.ForgeRegistry/REGISTRIES]: Registry minecraft:entity_type: Object did not get ID it asked for. Name: unusualprehistory:trike Expected: 218 Got: 402
[12Apr2025 04:21:24.444] [main/WARN] [net.minecraftforge.registries.ForgeRegistry/REGISTRIES]: Registry minecraft:entity_type: Object did not get ID it asked for. Name: unusualprehistory:pachy Expected: 219 Got: 403
[12Apr2025 04:21:24.444] [main/WARN] [net.minecraftforge.registries.ForgeRegistry/REGISTRIES]: Registry minecraft:entity_type: Object did not get ID it asked for. Name: unusualprehistory:brachi_teen Expected: 220 Got: 404
[12Apr2025 04:21:24.444] [main/WARN] [net.minecraftforge.registries.ForgeRegistry/REGISTRIES]: Registry minecraft:entity_type: Object did not get ID it asked for. Name: unusualprehistory:brachi Expected: 221 Got: 405
[12Apr2025 04:21:24.444] [main/WARN] [net.minecraftforge.registries.ForgeRegistry/REGISTRIES]: Registry minecraft:entity_type: Object did not get ID it asked for. Name: unusualprehistory:veloci Expected: 222 Got: 406
[12Apr2025 04:21:24.444] [main/WARN] [net.minecraftforge.registries.ForgeRegistry/REGISTRIES]: Registry minecraft:entity_type: Object did not get ID it asked for. Name: unusualprehistory:rex Expected: 223 Got: 407
[12Apr2025 04:21:24.444] [main/WARN] [net.minecraftforge.registries.ForgeRegistry/REGISTRIES]: Registry minecraft:entity_type: Object did not get ID it asked for. Name: unusualprehistory:encrusted Expected: 224 Got: 408
[12Apr2025 04:21:24.444] [main/WARN] [net.minecraftforge.registries.ForgeRegistry/REGISTRIES]: Registry minecraft:entity_type: Object did not get ID it asked for. Name: unusualprehistory:amber_shot Expected: 225 Got: 409
[12Apr2025 04:21:24.445] [main/WARN] [net.minecraftforge.registries.ForgeRegistry/REGISTRIES]: Registry minecraft:entity_type: Object did not get ID it asked for. Name: unusualprehistory:hwacha_spike Expected: 226 Got: 410
[12Apr2025 04:21:24.445] [main/WARN] [net.minecraftforge.registries.ForgeRegistry/REGISTRIES]: Registry minecraft:entity_type: Object did not get ID it asked for. Name: unusualprehistory:baby_rex Expected: 227 Got: 411
[12Apr2025 04:21:24.445] [main/WARN] [net.minecraftforge.registries.ForgeRegistry/REGISTRIES]: Registry minecraft:entity_type: Object did not get ID it asked for. Name: unusualprehistory:baby_brachi Expected: 228 Got: 412
[12Apr2025 04:21:24.445] [main/WARN] [net.minecraftforge.registries.ForgeRegistry/REGISTRIES]: Registry minecraft:entity_type: Object did not get ID it asked for. Name: unusualprehistory:eryon Expected: 229 Got: 413
[12Apr2025 04:21:24.445] [main/WARN] [net.minecraftforge.registries.ForgeRegistry/REGISTRIES]: Registry minecraft:entity_type: Object did not get ID it asked for. Name: unusualprehistory:austroraptor Expected: 230 Got: 414
[12Apr2025 04:21:24.445] [main/WARN] [net.minecraftforge.registries.ForgeRegistry/REGISTRIES]: Registry minecraft:entity_type: Object did not get ID it asked for. Name: unusualprehistory:antarctopelta Expected: 231 Got: 415
[12Apr2025 04:21:24.445] [main/WARN] [net.minecraftforge.registries.ForgeRegistry/REGISTRIES]: Registry minecraft:entity_type: Object did not get ID it asked for. Name: unusualprehistory:ulughbegsaurus Expected: 232 Got: 416
[12Apr2025 04:21:24.446] [main/WARN] [net.minecraftforge.registries.ForgeRegistry/REGISTRIES]: Registry minecraft:entity_type: Object did not get ID it asked for. Name: unusualprehistory:kentrosaurus Expected: 233 Got: 417
[12Apr2025 04:21:24.446] [main/WARN] [net.minecraftforge.registries.ForgeRegistry/REGISTRIES]: Registry minecraft:entity_type: Object did not get ID it asked for. Name: unusualprehistory:hwachavenator Expected: 234 Got: 418
[12Apr2025 04:21:24.446] [main/WARN] [net.minecraftforge.registries.ForgeRegistry/REGISTRIES]: Registry minecraft:entity_type: Object did not get ID it asked for. Name: unusualprehistory:talpanas Expected: 235 Got: 419
[12Apr2025 04:21:24.446] [main/WARN] [net.minecraftforge.registries.ForgeRegistry/REGISTRIES]: Registry minecraft:entity_type: Object did not get ID it asked for. Name: unusualprehistory:gigantopithicus Expected: 236 Got: 420
[12Apr2025 04:21:24.446] [main/WARN] [net.minecraftforge.registries.ForgeRegistry/REGISTRIES]: Registry minecraft:entity_type: Object did not get ID it asked for. Name: unusualprehistory:barinasuchus Expected: 237 Got: 421
[12Apr2025 04:21:24.446] [main/WARN] [net.minecraftforge.registries.ForgeRegistry/REGISTRIES]: Registry minecraft:entity_type: Object did not get ID it asked for. Name: unusualprehistory:megatherium Expected: 238 Got: 422
[12Apr2025 04:21:24.446] [main/WARN] [net.minecraftforge.registries.ForgeRegistry/REGISTRIES]: Registry minecraft:entity_type: Object did not get ID it asked for. Name: unusualprehistory:smilodon Expected: 239 Got: 423
[12Apr2025 04:21:24.446] [main/WARN] [net.minecraftforge.registries.ForgeRegistry/REGISTRIES]: Registry minecraft:entity_type: Object did not get ID it asked for. Name: unusualprehistory:paraceratherium Expected: 240 Got: 424
[12Apr2025 04:21:24.447] [main/WARN] [net.minecraftforge.registries.ForgeRegistry/REGISTRIES]: Registry minecraft:entity_type: Object did not get ID it asked for. Name: unusualprehistory:mammoth Expected: 241 Got: 425
[12Apr2025 04:21:24.447] [main/WARN] [net.minecraftforge.registries.ForgeRegistry/REGISTRIES]: Registry minecraft:entity_type: Object did not get ID it asked for. Name: unusualprehistory:palaeophis Expected: 242 Got: 426
[12Apr2025 04:21:24.447] [main/WARN] [net.minecraftforge.registries.ForgeRegistry/REGISTRIES]: Registry minecraft:entity_type: Object did not get ID it asked for. Name: unusualprehistory:palaeophis_part Expected: 243 Got: 427
[12Apr2025 04:21:24.447] [main/WARN] [net.minecraftforge.registries.ForgeRegistry/REGISTRIES]: Registry minecraft:entity_type: Object did not get ID it asked for. Name: unusualprehistory:megalania Expected: 244 Got: 428
[12Apr2025 04:21:24.447] [main/WARN] [net.minecraftforge.registries.ForgeRegistry/REGISTRIES]: Registry minecraft:entity_type: Object did not get ID it asked for. Name: unusualprehistory:baby_megatherium Expected: 245 Got: 429
[12Apr2025 04:21:24.447] [main/WARN] [net.minecraftforge.registries.ForgeRegistry/REGISTRIES]: Registry minecraft:entity_type: Object did not get ID it asked for. Name: unusualprehistory:baby_giganto Expected: 246 Got: 430
[12Apr2025 04:21:24.447] [main/WARN] [net.minecraftforge.registries.ForgeRegistry/REGISTRIES]: Registry minecraft:entity_type: Object did not get ID it asked for. Name: unusualprehistory:baby_paracer Expected: 247 Got: 431
[12Apr2025 04:21:24.447] [main/WARN] [net.minecraftforge.registries.ForgeRegistry/REGISTRIES]: Registry minecraft:entity_type: Object did not get ID it asked for. Name: unusualprehistory:baby_megalania Expected: 248 Got: 432
[12Apr2025 04:21:24.448] [main/WARN] [net.minecraftforge.registries.ForgeRegistry/REGISTRIES]: Registry minecraft:entity_type: Object did not get ID it asked for. Name: unusualprehistory:baby_palaophis Expected: 249 Got: 433
[12Apr2025 04:21:24.448] [main/WARN] [net.minecraftforge.registries.ForgeRegistry/REGISTRIES]: Registry minecraft:entity_type: Object did not get ID it asked for. Name: unusualprehistory:baby_mammoth Expected: 250 Got: 434
[12Apr2025 04:21:24.448] [main/WARN] [net.minecraftforge.registries.ForgeRegistry/REGISTRIES]: Registry minecraft:entity_type: Object did not get ID it asked for. Name: unusualprehistory:baby_smilodon Expected: 251 Got: 435
[12Apr2025 04:21:24.448] [main/WARN] [net.minecraftforge.registries.ForgeRegistry/REGISTRIES]: Registry minecraft:entity_type: Object did not get ID it asked for. Name: unusualprehistory:baby_barina Expected: 252 Got: 436
[12Apr2025 04:21:24.448] [main/WARN] [net.minecraftforge.registries.ForgeRegistry/REGISTRIES]: Registry minecraft:entity_type: Object did not get ID it asked for. Name: unusualprehistory:sludge Expected: 253 Got: 437
[12Apr2025 04:21:24.448] [main/WARN] [net.minecraftforge.registries.ForgeRegistry/REGISTRIES]: Registry minecraft:entity_type: Object did not get ID it asked for. Name: unusualprehistory:iceberg_mammoth Expected: 254 Got: 438
[12Apr2025 04:21:24.448] [main/WARN] [net.minecraftforge.registries.ForgeRegistry/REGISTRIES]: Registry minecraft:entity_type: Object did not get ID it asked for. Name: unusualprehistory:iceberg_smilodon Expected: 255 Got: 439
[12Apr2025 04:21:24.448] [main/WARN] [net.minecraftforge.registries.ForgeRegistry/REGISTRIES]: Registry minecraft:entity_type: Object did not get ID it asked for. Name: unusualprehistory:opalescent_pearl Expected: 256 Got: 440
[12Apr2025 04:21:24.448] [main/WARN] [net.minecraftforge.registries.ForgeRegistry/REGISTRIES]: Registry minecraft:entity_type: Object did not get ID it asked for. Name: unusualprehistory:opalescent_shuriken Expected: 257 Got: 441
[12Apr2025 04:21:24.449] [main/WARN] [net.minecraftforge.registries.ForgeRegistry/REGISTRIES]: Registry minecraft:entity_type: Object did not get ID it asked for. Name: unusualprehistory:throwable_falling_block Expected: 258 Got: 442
[12Apr2025 04:21:24.449] [main/WARN] [net.minecraftforge.registries.ForgeRegistry/REGISTRIES]: Registry minecraft:entity_type: Object did not get ID it asked for. Name: unusualprehistory:palaeo_book_palaeo Expected: 259 Got: 443
[12Apr2025 04:21:24.449] [main/WARN] [net.minecraftforge.registries.ForgeRegistry/REGISTRIES]: Registry minecraft:entity_type: Object did not get ID it asked for. Name: unusualprehistory:foxxi_sapling Expected: 260 Got: 444
[12Apr2025 04:21:24.449] [main/WARN] [net.minecraftforge.registries.ForgeRegistry/REGISTRIES]: Registry minecraft:entity_type: Object did not get ID it asked for. Name: unusualprehistory:horsetail Expected: 261 Got: 445
[12Apr2025 04:21:24.449] [main/WARN] [net.minecraftforge.registries.ForgeRegistry/REGISTRIES]: Registry minecraft:entity_type: Object did not get ID it asked for. Name: unusualprehistory:tall_horsetail Expected: 262 Got: 446
[12Apr2025 04:21:24.449] [main/WARN] [net.minecraftforge.registries.ForgeRegistry/REGISTRIES]: Registry minecraft:entity_type: Object did not get ID it asked for. Name: unusualprehistory:leefructus Expected: 263 Got: 447
[12Apr2025 04:21:24.449] [main/WARN] [net.minecraftforge.registries.ForgeRegistry/REGISTRIES]: Registry minecraft:entity_type: Object did not get ID it asked for. Name: unusualprehistory:bennett Expected: 264 Got: 448
[12Apr2025 04:21:24.450] [main/WARN] [net.minecraftforge.registries.ForgeRegistry/REGISTRIES]: Registry minecraft:entity_type: Object did not get ID it asked for. Name: unusualprehistory:archaeos Expected: 265 Got: 449
[12Apr2025 04:21:24.450] [main/WARN] [net.minecraftforge.registries.ForgeRegistry/REGISTRIES]: Registry minecraft:entity_type: Object did not get ID it asked for. Name: unusualprehistory:sarracenia Expected: 266 Got: 450
[12Apr2025 04:21:24.450] [main/WARN] [net.minecraftforge.registries.ForgeRegistry/REGISTRIES]: Registry minecraft:entity_type: Object did not get ID it asked for. Name: unusualprehistory:tall_sarracenia Expected: 267 Got: 451
[12Apr2025 04:21:24.450] [main/WARN] [net.minecraftforge.registries.ForgeRegistry/REGISTRIES]: Registry minecraft:entity_type: Object did not get ID it asked for. Name: unusualprehistory:ginkgo_sapling Expected: 268 Got: 452
[12Apr2025 04:21:24.450] [main/WARN] [net.minecraftforge.registries.ForgeRegistry/REGISTRIES]: Registry minecraft:entity_type: Object did not get ID it asked for. Name: unusualprehistory:dryo_sapling Expected: 269 Got: 453
[12Apr2025 04:21:24.450] [main/WARN] [net.minecraftforge.registries.ForgeRegistry/REGISTRIES]: Registry minecraft:entity_type: Object did not get ID it asked for. Name: unusualprehistory:clathrodictyon Expected: 270 Got: 454
[12Apr2025 04:21:24.450] [main/WARN] [net.minecraftforge.registries.ForgeRegistry/REGISTRIES]: Registry minecraft:entity_type: Object did not get ID it asked for. Name: unusualprehistory:archaefructus Expected: 271 Got: 455
[12Apr2025 04:21:24.450] [main/WARN] [net.minecraftforge.registries.ForgeRegistry/REGISTRIES]: Registry minecraft:entity_type: Object did not get ID it asked for. Name: unusualprehistory:nelumbites Expected: 272 Got: 456
[12Apr2025 04:21:24.450] [main/WARN] [net.minecraftforge.registries.ForgeRegistry/REGISTRIES]: Registry minecraft:entity_type: Object did not get ID it asked for. Name: unusualprehistory:quereuxia Expected: 273 Got: 457
[12Apr2025 04:21:24.451] [main/WARN] [net.minecraftforge.registries.ForgeRegistry/REGISTRIES]: Registry minecraft:entity_type: Object did not get ID it asked for. Name: unusualprehistory:raiguenrayun Expected: 274 Got: 458
[12Apr2025 04:21:25.749] [main/WARN] [net.minecraft.server.packs.VanillaPackResourcesBuilder/]: Assets URL 'union:/workspaces/RATALAND2025/servidor_minecraft/libraries/net/minecraft/server/1.20.1-20230612.114412/server-1.20.1-20230612.114412-srg.jar%23209!/assets/.mcassetsroot' uses unexpected schema
[12Apr2025 04:21:25.750] [main/WARN] [net.minecraft.server.packs.VanillaPackResourcesBuilder/]: Assets URL 'union:/workspaces/RATALAND2025/servidor_minecraft/libraries/net/minecraft/server/1.20.1-20230612.114412/server-1.20.1-20230612.114412-srg.jar%23209!/data/.mcassetsroot' uses unexpected schema
[12Apr2025 04:21:31.262] [main/INFO] [net.minecraftforge.coremod.CoreMod.apotheosis/COREMODLOG]: Replaced 2 calls to Enchantment#getMaxLevel() in net/minecraft/server/commands/EnchantCommand
[12Apr2025 04:21:32.610] [main/WARN] [net.minecraft.world.level.storage.loot.LootDataManager/]: Found loot table element validation problem in {loot_tables:dungeons_arise:chests/illager_campsite/illager_campsite_map}.pools[7].entries[0]->{minecraft:chests/pillager_outpost}.pools[8].entries[0].functions[2]: Parameters [<parameter minecraft:tool>] are not provided in this context
[12Apr2025 04:21:32.610] [main/WARN] [net.minecraft.world.level.storage.loot.LootDataManager/]: Found loot table element validation problem in {loot_tables:minecraft:chests/pillager_outpost}.pools[8].entries[0].functions[2]: Parameters [<parameter minecraft:tool>] are not provided in this context
[12Apr2025 04:21:32.610] [main/WARN] [net.minecraft.world.level.storage.loot.LootDataManager/]: Found loot table element validation problem in {loot_tables:dungeons_arise:chests/illager_campsite/illager_campsite_tent}.pools[5].entries[0]->{minecraft:chests/pillager_outpost}.pools[8].entries[0].functions[2]: Parameters [<parameter minecraft:tool>] are not provided in this context
[12Apr2025 04:21:32.613] [main/INFO] [placebo/]: Registered 34 additional loot tables.
[12Apr2025 04:21:32.649] [main/ERROR] [net.minecraft.world.item.crafting.RecipeManager/]: Parsing error loading recipe useless_sword:dragonbreathdiamondswordcraft2
com.google.gson.JsonSyntaxException: Unknown item 'useless_sword:dragonbreathdiamondsword'
	at net.minecraftforge.common.crafting.CraftingHelper.getItem(CraftingHelper.java:160) ~[forge-1.20.1-47.3.7-universal.jar%23214!/:?]
	at net.minecraftforge.common.crafting.CraftingHelper.getItemStack(CraftingHelper.java:186) ~[forge-1.20.1-47.3.7-universal.jar%23214!/:?]
	at net.minecraft.world.item.crafting.ShapedRecipe.m_151274_(ShapedRecipe.java:286) ~[server-1.20.1-20230612.114412-srg.jar%23209!/:?]
	at net.minecraft.world.item.crafting.ShapelessRecipe$Serializer.m_6729_(ShapelessRecipe.java:95) ~[server-1.20.1-20230612.114412-srg.jar%23209!/:?]
	at net.minecraft.world.item.crafting.ShapelessRecipe$Serializer.m_6729_(ShapelessRecipe.java:84) ~[server-1.20.1-20230612.114412-srg.jar%23209!/:?]
	at net.minecraftforge.common.extensions.IForgeRecipeSerializer.fromJson(IForgeRecipeSerializer.java:23) ~[forge-1.20.1-47.3.7-universal.jar%23214!/:?]
	at net.minecraft.world.item.crafting.RecipeManager.fromJson(RecipeManager.java:171) ~[server-1.20.1-20230612.114412-srg.jar%23209!/:?]
	at net.minecraft.world.item.crafting.RecipeManager.m_5787_(RecipeManager.java:67) ~[server-1.20.1-20230612.114412-srg.jar%23209!/:?]
	at net.minecraft.world.item.crafting.RecipeManager.m_5787_(RecipeManager.java:34) ~[server-1.20.1-20230612.114412-srg.jar%23209!/:?]
	at net.minecraft.server.packs.resources.SimplePreparableReloadListener.m_10789_(SimplePreparableReloadListener.java:13) ~[server-1.20.1-20230612.114412-srg.jar%23209!/:?]
	at java.util.concurrent.CompletableFuture$UniAccept.tryFire(CompletableFuture.java:718) ~[?:?]
	at java.util.concurrent.CompletableFuture$Completion.run(CompletableFuture.java:482) ~[?:?]
	at net.minecraft.server.packs.resources.SimpleReloadInstance.m_143940_(SimpleReloadInstance.java:69) ~[server-1.20.1-20230612.114412-srg.jar%23209!/:?]
	at net.minecraft.Util.m_214652_(Util.java:783) ~[server-1.20.1-20230612.114412-srg.jar%23209!/:?]
	at net.minecraft.Util.m_214679_(Util.java:772) ~[server-1.20.1-20230612.114412-srg.jar%23209!/:?]
	at net.minecraft.server.Main.main(Main.java:166) ~[server-1.20.1-20230612.114412-srg.jar%23209!/:?]
	at jdk.internal.reflect.NativeMethodAccessorImpl.invoke0(Native Method) ~[?:?]
	at jdk.internal.reflect.NativeMethodAccessorImpl.invoke(NativeMethodAccessorImpl.java:77) ~[?:?]
	at jdk.internal.reflect.DelegatingMethodAccessorImpl.invoke(DelegatingMethodAccessorImpl.java:43) ~[?:?]
	at java.lang.reflect.Method.invoke(Method.java:569) ~[?:?]
	at net.minecraftforge.fml.loading.targets.CommonLaunchHandler.runTarget(CommonLaunchHandler.java:111) ~[fmlloader-1.20.1-47.3.7.jar%2369!/:?]
	at net.minecraftforge.fml.loading.targets.CommonLaunchHandler.serverService(CommonLaunchHandler.java:103) ~[fmlloader-1.20.1-47.3.7.jar%2369!/:?]
	at net.minecraftforge.fml.loading.targets.CommonServerLaunchHandler.lambda$makeService$0(CommonServerLaunchHandler.java:27) ~[fmlloader-1.20.1-47.3.7.jar%2369!/:?]
	at cpw.mods.modlauncher.LaunchServiceHandlerDecorator.launch(LaunchServiceHandlerDecorator.java:30) ~[modlauncher-10.0.9.jar%2355!/:?]
	at cpw.mods.modlauncher.LaunchServiceHandler.launch(LaunchServiceHandler.java:53) ~[modlauncher-10.0.9.jar%2355!/:?]
	at cpw.mods.modlauncher.LaunchServiceHandler.launch(LaunchServiceHandler.java:71) ~[modlauncher-10.0.9.jar%2355!/:?]
	at cpw.mods.modlauncher.Launcher.run(Launcher.java:108) ~[modlauncher-10.0.9.jar%2355!/:?]
	at cpw.mods.modlauncher.Launcher.main(Launcher.java:78) ~[modlauncher-10.0.9.jar%2355!/:?]
	at cpw.mods.modlauncher.BootstrapLaunchConsumer.accept(BootstrapLaunchConsumer.java:26) ~[modlauncher-10.0.9.jar%2355!/:?]
	at cpw.mods.modlauncher.BootstrapLaunchConsumer.accept(BootstrapLaunchConsumer.java:23) ~[modlauncher-10.0.9.jar%2355!/:?]
	at cpw.mods.bootstraplauncher.BootstrapLauncher.main(BootstrapLauncher.java:141) ~[bootstraplauncher-1.1.2.jar:?]
[12Apr2025 04:21:32.663] [main/ERROR] [net.minecraft.world.item.crafting.RecipeManager/]: Parsing error loading recipe useless_sword:neptunium_grab_sword_recipe
com.google.gson.JsonSyntaxException: Unknown item 'aquaculture:iron_hook'
	at net.minecraft.world.item.crafting.ShapedRecipe.m_151280_(ShapedRecipe.java:292) ~[server-1.20.1-20230612.114412-srg.jar%23209!/:?]
	at java.util.Optional.orElseThrow(Optional.java:403) ~[?:?]
	at net.minecraft.world.item.crafting.ShapedRecipe.m_151278_(ShapedRecipe.java:291) ~[server-1.20.1-20230612.114412-srg.jar%23209!/:?]
	at net.minecraft.world.item.crafting.Ingredient.m_43919_(Ingredient.java:219) ~[server-1.20.1-20230612.114412-srg.jar%23209!/:?]
	at net.minecraftforge.common.crafting.VanillaIngredientSerializer.parse(VanillaIngredientSerializer.java:27) ~[forge-1.20.1-47.3.7-universal.jar%23214!/:?]
	at net.minecraftforge.common.crafting.CraftingHelper.getIngredient(CraftingHelper.java:148) ~[forge-1.20.1-47.3.7-universal.jar%23214!/:?]
	at net.minecraft.world.item.crafting.Ingredient.m_288218_(Ingredient.java:194) ~[server-1.20.1-20230612.114412-srg.jar%23209!/:?]
	at net.minecraft.world.item.crafting.ShapedRecipe.m_44210_(ShapedRecipe.java:278) ~[server-1.20.1-20230612.114412-srg.jar%23209!/:?]
	at net.minecraft.world.item.crafting.ShapedRecipe$Serializer.m_6729_(ShapedRecipe.java:306) ~[server-1.20.1-20230612.114412-srg.jar%23209!/:?]
	at net.minecraft.world.item.crafting.ShapedRecipe$Serializer.m_6729_(ShapedRecipe.java:301) ~[server-1.20.1-20230612.114412-srg.jar%23209!/:?]
	at net.minecraftforge.common.extensions.IForgeRecipeSerializer.fromJson(IForgeRecipeSerializer.java:23) ~[forge-1.20.1-47.3.7-universal.jar%23214!/:?]
	at net.minecraft.world.item.crafting.RecipeManager.fromJson(RecipeManager.java:171) ~[server-1.20.1-20230612.114412-srg.jar%23209!/:?]
	at net.minecraft.world.item.crafting.RecipeManager.m_5787_(RecipeManager.java:67) ~[server-1.20.1-20230612.114412-srg.jar%23209!/:?]
	at net.minecraft.world.item.crafting.RecipeManager.m_5787_(RecipeManager.java:34) ~[server-1.20.1-20230612.114412-srg.jar%23209!/:?]
	at net.minecraft.server.packs.resources.SimplePreparableReloadListener.m_10789_(SimplePreparableReloadListener.java:13) ~[server-1.20.1-20230612.114412-srg.jar%23209!/:?]
	at java.util.concurrent.CompletableFuture$UniAccept.tryFire(CompletableFuture.java:718) ~[?:?]
	at java.util.concurrent.CompletableFuture$Completion.run(CompletableFuture.java:482) ~[?:?]
	at net.minecraft.server.packs.resources.SimpleReloadInstance.m_143940_(SimpleReloadInstance.java:69) ~[server-1.20.1-20230612.114412-srg.jar%23209!/:?]
	at net.minecraft.Util.m_214652_(Util.java:783) ~[server-1.20.1-20230612.114412-srg.jar%23209!/:?]
	at net.minecraft.Util.m_214679_(Util.java:772) ~[server-1.20.1-20230612.114412-srg.jar%23209!/:?]
	at net.minecraft.server.Main.main(Main.java:166) ~[server-1.20.1-20230612.114412-srg.jar%23209!/:?]
	at jdk.internal.reflect.NativeMethodAccessorImpl.invoke0(Native Method) ~[?:?]
	at jdk.internal.reflect.NativeMethodAccessorImpl.invoke(NativeMethodAccessorImpl.java:77) ~[?:?]
	at jdk.internal.reflect.DelegatingMethodAccessorImpl.invoke(DelegatingMethodAccessorImpl.java:43) ~[?:?]
	at java.lang.reflect.Method.invoke(Method.java:569) ~[?:?]
	at net.minecraftforge.fml.loading.targets.CommonLaunchHandler.runTarget(CommonLaunchHandler.java:111) ~[fmlloader-1.20.1-47.3.7.jar%2369!/:?]
	at net.minecraftforge.fml.loading.targets.CommonLaunchHandler.serverService(CommonLaunchHandler.java:103) ~[fmlloader-1.20.1-47.3.7.jar%2369!/:?]
	at net.minecraftforge.fml.loading.targets.CommonServerLaunchHandler.lambda$makeService$0(CommonServerLaunchHandler.java:27) ~[fmlloader-1.20.1-47.3.7.jar%2369!/:?]
	at cpw.mods.modlauncher.LaunchServiceHandlerDecorator.launch(LaunchServiceHandlerDecorator.java:30) ~[modlauncher-10.0.9.jar%2355!/:?]
	at cpw.mods.modlauncher.LaunchServiceHandler.launch(LaunchServiceHandler.java:53) ~[modlauncher-10.0.9.jar%2355!/:?]
	at cpw.mods.modlauncher.LaunchServiceHandler.launch(LaunchServiceHandler.java:71) ~[modlauncher-10.0.9.jar%2355!/:?]
	at cpw.mods.modlauncher.Launcher.run(Launcher.java:108) ~[modlauncher-10.0.9.jar%2355!/:?]
	at cpw.mods.modlauncher.Launcher.main(Launcher.java:78) ~[modlauncher-10.0.9.jar%2355!/:?]
	at cpw.mods.modlauncher.BootstrapLaunchConsumer.accept(BootstrapLaunchConsumer.java:26) ~[modlauncher-10.0.9.jar%2355!/:?]
	at cpw.mods.modlauncher.BootstrapLaunchConsumer.accept(BootstrapLaunchConsumer.java:23) ~[modlauncher-10.0.9.jar%2355!/:?]
	at cpw.mods.bootstraplauncher.BootstrapLauncher.main(BootstrapLauncher.java:141) ~[bootstraplauncher-1.1.2.jar:?]
[12Apr2025 04:21:32.665] [main/ERROR] [net.minecraft.world.item.crafting.RecipeManager/]: Parsing error loading recipe irons_spellbooks:curios/concentration_amulet
com.google.gson.JsonSyntaxException: Unknown item 'irons_spellbooks:mithril_ingot'
	at net.minecraft.world.item.crafting.ShapedRecipe.m_151280_(ShapedRecipe.java:292) ~[server-1.20.1-20230612.114412-srg.jar%23209!/:?]
	at java.util.Optional.orElseThrow(Optional.java:403) ~[?:?]
	at net.minecraft.world.item.crafting.ShapedRecipe.m_151278_(ShapedRecipe.java:291) ~[server-1.20.1-20230612.114412-srg.jar%23209!/:?]
	at net.minecraft.world.item.crafting.Ingredient.m_43919_(Ingredient.java:219) ~[server-1.20.1-20230612.114412-srg.jar%23209!/:?]
	at net.minecraftforge.common.crafting.VanillaIngredientSerializer.parse(VanillaIngredientSerializer.java:27) ~[forge-1.20.1-47.3.7-universal.jar%23214!/:?]
	at net.minecraftforge.common.crafting.CraftingHelper.getIngredient(CraftingHelper.java:148) ~[forge-1.20.1-47.3.7-universal.jar%23214!/:?]
	at net.minecraft.world.item.crafting.Ingredient.m_288218_(Ingredient.java:194) ~[server-1.20.1-20230612.114412-srg.jar%23209!/:?]
	at net.minecraft.world.item.crafting.ShapedRecipe.m_44210_(ShapedRecipe.java:278) ~[server-1.20.1-20230612.114412-srg.jar%23209!/:?]
	at net.minecraft.world.item.crafting.ShapedRecipe$Serializer.m_6729_(ShapedRecipe.java:306) ~[server-1.20.1-20230612.114412-srg.jar%23209!/:?]
	at net.minecraft.world.item.crafting.ShapedRecipe$Serializer.m_6729_(ShapedRecipe.java:301) ~[server-1.20.1-20230612.114412-srg.jar%23209!/:?]
	at net.minecraftforge.common.extensions.IForgeRecipeSerializer.fromJson(IForgeRecipeSerializer.java:23) ~[forge-1.20.1-47.3.7-universal.jar%23214!/:?]
	at net.minecraft.world.item.crafting.RecipeManager.fromJson(RecipeManager.java:171) ~[server-1.20.1-20230612.114412-srg.jar%23209!/:?]
	at net.minecraft.world.item.crafting.RecipeManager.m_5787_(RecipeManager.java:67) ~[server-1.20.1-20230612.114412-srg.jar%23209!/:?]
	at net.minecraft.world.item.crafting.RecipeManager.m_5787_(RecipeManager.java:34) ~[server-1.20.1-20230612.114412-srg.jar%23209!/:?]
	at net.minecraft.server.packs.resources.SimplePreparableReloadListener.m_10789_(SimplePreparableReloadListener.java:13) ~[server-1.20.1-20230612.114412-srg.jar%23209!/:?]
	at java.util.concurrent.CompletableFuture$UniAccept.tryFire(CompletableFuture.java:718) ~[?:?]
	at java.util.concurrent.CompletableFuture$Completion.run(CompletableFuture.java:482) ~[?:?]
	at net.minecraft.server.packs.resources.SimpleReloadInstance.m_143940_(SimpleReloadInstance.java:69) ~[server-1.20.1-20230612.114412-srg.jar%23209!/:?]
	at net.minecraft.Util.m_214652_(Util.java:783) ~[server-1.20.1-20230612.114412-srg.jar%23209!/:?]
	at net.minecraft.Util.m_214679_(Util.java:772) ~[server-1.20.1-20230612.114412-srg.jar%23209!/:?]
	at net.minecraft.server.Main.main(Main.java:166) ~[server-1.20.1-20230612.114412-srg.jar%23209!/:?]
	at jdk.internal.reflect.NativeMethodAccessorImpl.invoke0(Native Method) ~[?:?]
	at jdk.internal.reflect.NativeMethodAccessorImpl.invoke(NativeMethodAccessorImpl.java:77) ~[?:?]
	at jdk.internal.reflect.DelegatingMethodAccessorImpl.invoke(DelegatingMethodAccessorImpl.java:43) ~[?:?]
	at java.lang.reflect.Method.invoke(Method.java:569) ~[?:?]
	at net.minecraftforge.fml.loading.targets.CommonLaunchHandler.runTarget(CommonLaunchHandler.java:111) ~[fmlloader-1.20.1-47.3.7.jar%2369!/:?]
	at net.minecraftforge.fml.loading.targets.CommonLaunchHandler.serverService(CommonLaunchHandler.java:103) ~[fmlloader-1.20.1-47.3.7.jar%2369!/:?]
	at net.minecraftforge.fml.loading.targets.CommonServerLaunchHandler.lambda$makeService$0(CommonServerLaunchHandler.java:27) ~[fmlloader-1.20.1-47.3.7.jar%2369!/:?]
	at cpw.mods.modlauncher.LaunchServiceHandlerDecorator.launch(LaunchServiceHandlerDecorator.java:30) ~[modlauncher-10.0.9.jar%2355!/:?]
	at cpw.mods.modlauncher.LaunchServiceHandler.launch(LaunchServiceHandler.java:53) ~[modlauncher-10.0.9.jar%2355!/:?]
	at cpw.mods.modlauncher.LaunchServiceHandler.launch(LaunchServiceHandler.java:71) ~[modlauncher-10.0.9.jar%2355!/:?]
	at cpw.mods.modlauncher.Launcher.run(Launcher.java:108) ~[modlauncher-10.0.9.jar%2355!/:?]
	at cpw.mods.modlauncher.Launcher.main(Launcher.java:78) ~[modlauncher-10.0.9.jar%2355!/:?]
	at cpw.mods.modlauncher.BootstrapLaunchConsumer.accept(BootstrapLaunchConsumer.java:26) ~[modlauncher-10.0.9.jar%2355!/:?]
	at cpw.mods.modlauncher.BootstrapLaunchConsumer.accept(BootstrapLaunchConsumer.java:23) ~[modlauncher-10.0.9.jar%2355!/:?]
	at cpw.mods.bootstraplauncher.BootstrapLauncher.main(BootstrapLauncher.java:141) ~[bootstraplauncher-1.1.2.jar:?]
[12Apr2025 04:21:32.681] [main/ERROR] [net.minecraft.world.item.crafting.RecipeManager/]: Parsing error loading recipe useless_sword:life_draining_sword_recipe
com.google.gson.JsonSyntaxException: Unknown item 'twilightforest:carminite'
	at net.minecraft.world.item.crafting.ShapedRecipe.m_151280_(ShapedRecipe.java:292) ~[server-1.20.1-20230612.114412-srg.jar%23209!/:?]
	at java.util.Optional.orElseThrow(Optional.java:403) ~[?:?]
	at net.minecraft.world.item.crafting.ShapedRecipe.m_151278_(ShapedRecipe.java:291) ~[server-1.20.1-20230612.114412-srg.jar%23209!/:?]
	at net.minecraft.world.item.crafting.Ingredient.m_43919_(Ingredient.java:219) ~[server-1.20.1-20230612.114412-srg.jar%23209!/:?]
	at net.minecraftforge.common.crafting.VanillaIngredientSerializer.parse(VanillaIngredientSerializer.java:27) ~[forge-1.20.1-47.3.7-universal.jar%23214!/:?]
	at net.minecraftforge.common.crafting.CraftingHelper.getIngredient(CraftingHelper.java:148) ~[forge-1.20.1-47.3.7-universal.jar%23214!/:?]
	at net.minecraft.world.item.crafting.Ingredient.m_288218_(Ingredient.java:194) ~[server-1.20.1-20230612.114412-srg.jar%23209!/:?]
	at net.minecraft.world.item.crafting.ShapedRecipe.m_44210_(ShapedRecipe.java:278) ~[server-1.20.1-20230612.114412-srg.jar%23209!/:?]
	at net.minecraft.world.item.crafting.ShapedRecipe$Serializer.m_6729_(ShapedRecipe.java:306) ~[server-1.20.1-20230612.114412-srg.jar%23209!/:?]
	at net.minecraft.world.item.crafting.ShapedRecipe$Serializer.m_6729_(ShapedRecipe.java:301) ~[server-1.20.1-20230612.114412-srg.jar%23209!/:?]
	at net.minecraftforge.common.extensions.IForgeRecipeSerializer.fromJson(IForgeRecipeSerializer.java:23) ~[forge-1.20.1-47.3.7-universal.jar%23214!/:?]
	at net.minecraft.world.item.crafting.RecipeManager.fromJson(RecipeManager.java:171) ~[server-1.20.1-20230612.114412-srg.jar%23209!/:?]
	at net.minecraft.world.item.crafting.RecipeManager.m_5787_(RecipeManager.java:67) ~[server-1.20.1-20230612.114412-srg.jar%23209!/:?]
	at net.minecraft.world.item.crafting.RecipeManager.m_5787_(RecipeManager.java:34) ~[server-1.20.1-20230612.114412-srg.jar%23209!/:?]
	at net.minecraft.server.packs.resources.SimplePreparableReloadListener.m_10789_(SimplePreparableReloadListener.java:13) ~[server-1.20.1-20230612.114412-srg.jar%23209!/:?]
	at java.util.concurrent.CompletableFuture$UniAccept.tryFire(CompletableFuture.java:718) ~[?:?]
	at java.util.concurrent.CompletableFuture$Completion.run(CompletableFuture.java:482) ~[?:?]
	at net.minecraft.server.packs.resources.SimpleReloadInstance.m_143940_(SimpleReloadInstance.java:69) ~[server-1.20.1-20230612.114412-srg.jar%23209!/:?]
	at net.minecraft.Util.m_214652_(Util.java:783) ~[server-1.20.1-20230612.114412-srg.jar%23209!/:?]
	at net.minecraft.Util.m_214679_(Util.java:772) ~[server-1.20.1-20230612.114412-srg.jar%23209!/:?]
	at net.minecraft.server.Main.main(Main.java:166) ~[server-1.20.1-20230612.114412-srg.jar%23209!/:?]
	at jdk.internal.reflect.NativeMethodAccessorImpl.invoke0(Native Method) ~[?:?]
	at jdk.internal.reflect.NativeMethodAccessorImpl.invoke(NativeMethodAccessorImpl.java:77) ~[?:?]
	at jdk.internal.reflect.DelegatingMethodAccessorImpl.invoke(DelegatingMethodAccessorImpl.java:43) ~[?:?]
	at java.lang.reflect.Method.invoke(Method.java:569) ~[?:?]
	at net.minecraftforge.fml.loading.targets.CommonLaunchHandler.runTarget(CommonLaunchHandler.java:111) ~[fmlloader-1.20.1-47.3.7.jar%2369!/:?]
	at net.minecraftforge.fml.loading.targets.CommonLaunchHandler.serverService(CommonLaunchHandler.java:103) ~[fmlloader-1.20.1-47.3.7.jar%2369!/:?]
	at net.minecraftforge.fml.loading.targets.CommonServerLaunchHandler.lambda$makeService$0(CommonServerLaunchHandler.java:27) ~[fmlloader-1.20.1-47.3.7.jar%2369!/:?]
	at cpw.mods.modlauncher.LaunchServiceHandlerDecorator.launch(LaunchServiceHandlerDecorator.java:30) ~[modlauncher-10.0.9.jar%2355!/:?]
	at cpw.mods.modlauncher.LaunchServiceHandler.launch(LaunchServiceHandler.java:53) ~[modlauncher-10.0.9.jar%2355!/:?]
	at cpw.mods.modlauncher.LaunchServiceHandler.launch(LaunchServiceHandler.java:71) ~[modlauncher-10.0.9.jar%2355!/:?]
	at cpw.mods.modlauncher.Launcher.run(Launcher.java:108) ~[modlauncher-10.0.9.jar%2355!/:?]
	at cpw.mods.modlauncher.Launcher.main(Launcher.java:78) ~[modlauncher-10.0.9.jar%2355!/:?]
	at cpw.mods.modlauncher.BootstrapLaunchConsumer.accept(BootstrapLaunchConsumer.java:26) ~[modlauncher-10.0.9.jar%2355!/:?]
	at cpw.mods.modlauncher.BootstrapLaunchConsumer.accept(BootstrapLaunchConsumer.java:23) ~[modlauncher-10.0.9.jar%2355!/:?]
	at cpw.mods.bootstraplauncher.BootstrapLauncher.main(BootstrapLauncher.java:141) ~[bootstraplauncher-1.1.2.jar:?]
[12Apr2025 04:21:32.687] [main/ERROR] [net.minecraft.world.item.crafting.RecipeManager/]: Parsing error loading recipe useless_sword:refined_radiance_glaive_recipe
com.google.gson.JsonSyntaxException: Unknown item 'create:refined_radiance'
	at net.minecraft.world.item.crafting.ShapedRecipe.m_151280_(ShapedRecipe.java:292) ~[server-1.20.1-20230612.114412-srg.jar%23209!/:?]
	at java.util.Optional.orElseThrow(Optional.java:403) ~[?:?]
	at net.minecraft.world.item.crafting.ShapedRecipe.m_151278_(ShapedRecipe.java:291) ~[server-1.20.1-20230612.114412-srg.jar%23209!/:?]
	at net.minecraft.world.item.crafting.Ingredient.m_43919_(Ingredient.java:219) ~[server-1.20.1-20230612.114412-srg.jar%23209!/:?]
	at net.minecraftforge.common.crafting.VanillaIngredientSerializer.parse(VanillaIngredientSerializer.java:27) ~[forge-1.20.1-47.3.7-universal.jar%23214!/:?]
	at net.minecraftforge.common.crafting.CraftingHelper.getIngredient(CraftingHelper.java:148) ~[forge-1.20.1-47.3.7-universal.jar%23214!/:?]
	at net.minecraft.world.item.crafting.Ingredient.m_288218_(Ingredient.java:194) ~[server-1.20.1-20230612.114412-srg.jar%23209!/:?]
	at net.minecraft.world.item.crafting.ShapedRecipe.m_44210_(ShapedRecipe.java:278) ~[server-1.20.1-20230612.114412-srg.jar%23209!/:?]
	at net.minecraft.world.item.crafting.ShapedRecipe$Serializer.m_6729_(ShapedRecipe.java:306) ~[server-1.20.1-20230612.114412-srg.jar%23209!/:?]
	at net.minecraft.world.item.crafting.ShapedRecipe$Serializer.m_6729_(ShapedRecipe.java:301) ~[server-1.20.1-20230612.114412-srg.jar%23209!/:?]
	at net.minecraftforge.common.extensions.IForgeRecipeSerializer.fromJson(IForgeRecipeSerializer.java:23) ~[forge-1.20.1-47.3.7-universal.jar%23214!/:?]
	at net.minecraft.world.item.crafting.RecipeManager.fromJson(RecipeManager.java:171) ~[server-1.20.1-20230612.114412-srg.jar%23209!/:?]
	at net.minecraft.world.item.crafting.RecipeManager.m_5787_(RecipeManager.java:67) ~[server-1.20.1-20230612.114412-srg.jar%23209!/:?]
	at net.minecraft.world.item.crafting.RecipeManager.m_5787_(RecipeManager.java:34) ~[server-1.20.1-20230612.114412-srg.jar%23209!/:?]
	at net.minecraft.server.packs.resources.SimplePreparableReloadListener.m_10789_(SimplePreparableReloadListener.java:13) ~[server-1.20.1-20230612.114412-srg.jar%23209!/:?]
	at java.util.concurrent.CompletableFuture$UniAccept.tryFire(CompletableFuture.java:718) ~[?:?]
	at java.util.concurrent.CompletableFuture$Completion.run(CompletableFuture.java:482) ~[?:?]
	at net.minecraft.server.packs.resources.SimpleReloadInstance.m_143940_(SimpleReloadInstance.java:69) ~[server-1.20.1-20230612.114412-srg.jar%23209!/:?]
	at net.minecraft.Util.m_214652_(Util.java:783) ~[server-1.20.1-20230612.114412-srg.jar%23209!/:?]
	at net.minecraft.Util.m_214679_(Util.java:772) ~[server-1.20.1-20230612.114412-srg.jar%23209!/:?]
	at net.minecraft.server.Main.main(Main.java:166) ~[server-1.20.1-20230612.114412-srg.jar%23209!/:?]
	at jdk.internal.reflect.NativeMethodAccessorImpl.invoke0(Native Method) ~[?:?]
	at jdk.internal.reflect.NativeMethodAccessorImpl.invoke(NativeMethodAccessorImpl.java:77) ~[?:?]
	at jdk.internal.reflect.DelegatingMethodAccessorImpl.invoke(DelegatingMethodAccessorImpl.java:43) ~[?:?]
	at java.lang.reflect.Method.invoke(Method.java:569) ~[?:?]
	at net.minecraftforge.fml.loading.targets.CommonLaunchHandler.runTarget(CommonLaunchHandler.java:111) ~[fmlloader-1.20.1-47.3.7.jar%2369!/:?]
	at net.minecraftforge.fml.loading.targets.CommonLaunchHandler.serverService(CommonLaunchHandler.java:103) ~[fmlloader-1.20.1-47.3.7.jar%2369!/:?]
	at net.minecraftforge.fml.loading.targets.CommonServerLaunchHandler.lambda$makeService$0(CommonServerLaunchHandler.java:27) ~[fmlloader-1.20.1-47.3.7.jar%2369!/:?]
	at cpw.mods.modlauncher.LaunchServiceHandlerDecorator.launch(LaunchServiceHandlerDecorator.java:30) ~[modlauncher-10.0.9.jar%2355!/:?]
	at cpw.mods.modlauncher.LaunchServiceHandler.launch(LaunchServiceHandler.java:53) ~[modlauncher-10.0.9.jar%2355!/:?]
	at cpw.mods.modlauncher.LaunchServiceHandler.launch(LaunchServiceHandler.java:71) ~[modlauncher-10.0.9.jar%2355!/:?]
	at cpw.mods.modlauncher.Launcher.run(Launcher.java:108) ~[modlauncher-10.0.9.jar%2355!/:?]
	at cpw.mods.modlauncher.Launcher.main(Launcher.java:78) ~[modlauncher-10.0.9.jar%2355!/:?]
	at cpw.mods.modlauncher.BootstrapLaunchConsumer.accept(BootstrapLaunchConsumer.java:26) ~[modlauncher-10.0.9.jar%2355!/:?]
	at cpw.mods.modlauncher.BootstrapLaunchConsumer.accept(BootstrapLaunchConsumer.java:23) ~[modlauncher-10.0.9.jar%2355!/:?]
	at cpw.mods.bootstraplauncher.BootstrapLauncher.main(BootstrapLauncher.java:141) ~[bootstraplauncher-1.1.2.jar:?]
[12Apr2025 04:21:32.693] [main/ERROR] [net.minecraft.world.item.crafting.RecipeManager/]: Parsing error loading recipe useless_sword:message_in_a_sword_recipe
com.google.gson.JsonSyntaxException: Unknown item 'aquaculture:message_in_a_bottle'
	at net.minecraft.world.item.crafting.ShapedRecipe.m_151280_(ShapedRecipe.java:292) ~[server-1.20.1-20230612.114412-srg.jar%23209!/:?]
	at java.util.Optional.orElseThrow(Optional.java:403) ~[?:?]
	at net.minecraft.world.item.crafting.ShapedRecipe.m_151278_(ShapedRecipe.java:291) ~[server-1.20.1-20230612.114412-srg.jar%23209!/:?]
	at net.minecraft.world.item.crafting.Ingredient.m_43919_(Ingredient.java:219) ~[server-1.20.1-20230612.114412-srg.jar%23209!/:?]
	at net.minecraftforge.common.crafting.VanillaIngredientSerializer.parse(VanillaIngredientSerializer.java:27) ~[forge-1.20.1-47.3.7-universal.jar%23214!/:?]
	at net.minecraftforge.common.crafting.CraftingHelper.getIngredient(CraftingHelper.java:148) ~[forge-1.20.1-47.3.7-universal.jar%23214!/:?]
	at net.minecraft.world.item.crafting.Ingredient.m_288218_(Ingredient.java:194) ~[server-1.20.1-20230612.114412-srg.jar%23209!/:?]
	at net.minecraft.world.item.crafting.ShapedRecipe.m_44210_(ShapedRecipe.java:278) ~[server-1.20.1-20230612.114412-srg.jar%23209!/:?]
	at net.minecraft.world.item.crafting.ShapedRecipe$Serializer.m_6729_(ShapedRecipe.java:306) ~[server-1.20.1-20230612.114412-srg.jar%23209!/:?]
	at net.minecraft.world.item.crafting.ShapedRecipe$Serializer.m_6729_(ShapedRecipe.java:301) ~[server-1.20.1-20230612.114412-srg.jar%23209!/:?]
	at net.minecraftforge.common.extensions.IForgeRecipeSerializer.fromJson(IForgeRecipeSerializer.java:23) ~[forge-1.20.1-47.3.7-universal.jar%23214!/:?]
	at net.minecraft.world.item.crafting.RecipeManager.fromJson(RecipeManager.java:171) ~[server-1.20.1-20230612.114412-srg.jar%23209!/:?]
	at net.minecraft.world.item.crafting.RecipeManager.m_5787_(RecipeManager.java:67) ~[server-1.20.1-20230612.114412-srg.jar%23209!/:?]
	at net.minecraft.world.item.crafting.RecipeManager.m_5787_(RecipeManager.java:34) ~[server-1.20.1-20230612.114412-srg.jar%23209!/:?]
	at net.minecraft.server.packs.resources.SimplePreparableReloadListener.m_10789_(SimplePreparableReloadListener.java:13) ~[server-1.20.1-20230612.114412-srg.jar%23209!/:?]
	at java.util.concurrent.CompletableFuture$UniAccept.tryFire(CompletableFuture.java:718) ~[?:?]
	at java.util.concurrent.CompletableFuture$Completion.run(CompletableFuture.java:482) ~[?:?]
	at net.minecraft.server.packs.resources.SimpleReloadInstance.m_143940_(SimpleReloadInstance.java:69) ~[server-1.20.1-20230612.114412-srg.jar%23209!/:?]
	at net.minecraft.Util.m_214652_(Util.java:783) ~[server-1.20.1-20230612.114412-srg.jar%23209!/:?]
	at net.minecraft.Util.m_214679_(Util.java:772) ~[server-1.20.1-20230612.114412-srg.jar%23209!/:?]
	at net.minecraft.server.Main.main(Main.java:166) ~[server-1.20.1-20230612.114412-srg.jar%23209!/:?]
	at jdk.internal.reflect.NativeMethodAccessorImpl.invoke0(Native Method) ~[?:?]
	at jdk.internal.reflect.NativeMethodAccessorImpl.invoke(NativeMethodAccessorImpl.java:77) ~[?:?]
	at jdk.internal.reflect.DelegatingMethodAccessorImpl.invoke(DelegatingMethodAccessorImpl.java:43) ~[?:?]
	at java.lang.reflect.Method.invoke(Method.java:569) ~[?:?]
	at net.minecraftforge.fml.loading.targets.CommonLaunchHandler.runTarget(CommonLaunchHandler.java:111) ~[fmlloader-1.20.1-47.3.7.jar%2369!/:?]
	at net.minecraftforge.fml.loading.targets.CommonLaunchHandler.serverService(CommonLaunchHandler.java:103) ~[fmlloader-1.20.1-47.3.7.jar%2369!/:?]
	at net.minecraftforge.fml.loading.targets.CommonServerLaunchHandler.lambda$makeService$0(CommonServerLaunchHandler.java:27) ~[fmlloader-1.20.1-47.3.7.jar%2369!/:?]
	at cpw.mods.modlauncher.LaunchServiceHandlerDecorator.launch(LaunchServiceHandlerDecorator.java:30) ~[modlauncher-10.0.9.jar%2355!/:?]
	at cpw.mods.modlauncher.LaunchServiceHandler.launch(LaunchServiceHandler.java:53) ~[modlauncher-10.0.9.jar%2355!/:?]
	at cpw.mods.modlauncher.LaunchServiceHandler.launch(LaunchServiceHandler.java:71) ~[modlauncher-10.0.9.jar%2355!/:?]
	at cpw.mods.modlauncher.Launcher.run(Launcher.java:108) ~[modlauncher-10.0.9.jar%2355!/:?]
	at cpw.mods.modlauncher.Launcher.main(Launcher.java:78) ~[modlauncher-10.0.9.jar%2355!/:?]
	at cpw.mods.modlauncher.BootstrapLaunchConsumer.accept(BootstrapLaunchConsumer.java:26) ~[modlauncher-10.0.9.jar%2355!/:?]
	at cpw.mods.modlauncher.BootstrapLaunchConsumer.accept(BootstrapLaunchConsumer.java:23) ~[modlauncher-10.0.9.jar%2355!/:?]
	at cpw.mods.bootstraplauncher.BootstrapLauncher.main(BootstrapLauncher.java:141) ~[bootstraplauncher-1.1.2.jar:?]
[12Apr2025 04:21:32.698] [main/ERROR] [net.minecraft.world.item.crafting.RecipeManager/]: Parsing error loading recipe useless_sword:naga_slicer_recipe
com.google.gson.JsonSyntaxException: Unknown item 'twilightforest:naga_scale'
	at net.minecraft.world.item.crafting.ShapedRecipe.m_151280_(ShapedRecipe.java:292) ~[server-1.20.1-20230612.114412-srg.jar%23209!/:?]
	at java.util.Optional.orElseThrow(Optional.java:403) ~[?:?]
	at net.minecraft.world.item.crafting.ShapedRecipe.m_151278_(ShapedRecipe.java:291) ~[server-1.20.1-20230612.114412-srg.jar%23209!/:?]
	at net.minecraft.world.item.crafting.Ingredient.m_43919_(Ingredient.java:219) ~[server-1.20.1-20230612.114412-srg.jar%23209!/:?]
	at net.minecraftforge.common.crafting.VanillaIngredientSerializer.parse(VanillaIngredientSerializer.java:27) ~[forge-1.20.1-47.3.7-universal.jar%23214!/:?]
	at net.minecraftforge.common.crafting.CraftingHelper.getIngredient(CraftingHelper.java:148) ~[forge-1.20.1-47.3.7-universal.jar%23214!/:?]
	at net.minecraft.world.item.crafting.Ingredient.m_288218_(Ingredient.java:194) ~[server-1.20.1-20230612.114412-srg.jar%23209!/:?]
	at net.minecraft.world.item.crafting.ShapedRecipe.m_44210_(ShapedRecipe.java:278) ~[server-1.20.1-20230612.114412-srg.jar%23209!/:?]
	at net.minecraft.world.item.crafting.ShapedRecipe$Serializer.m_6729_(ShapedRecipe.java:306) ~[server-1.20.1-20230612.114412-srg.jar%23209!/:?]
	at net.minecraft.world.item.crafting.ShapedRecipe$Serializer.m_6729_(ShapedRecipe.java:301) ~[server-1.20.1-20230612.114412-srg.jar%23209!/:?]
	at net.minecraftforge.common.extensions.IForgeRecipeSerializer.fromJson(IForgeRecipeSerializer.java:23) ~[forge-1.20.1-47.3.7-universal.jar%23214!/:?]
	at net.minecraft.world.item.crafting.RecipeManager.fromJson(RecipeManager.java:171) ~[server-1.20.1-20230612.114412-srg.jar%23209!/:?]
	at net.minecraft.world.item.crafting.RecipeManager.m_5787_(RecipeManager.java:67) ~[server-1.20.1-20230612.114412-srg.jar%23209!/:?]
	at net.minecraft.world.item.crafting.RecipeManager.m_5787_(RecipeManager.java:34) ~[server-1.20.1-20230612.114412-srg.jar%23209!/:?]
	at net.minecraft.server.packs.resources.SimplePreparableReloadListener.m_10789_(SimplePreparableReloadListener.java:13) ~[server-1.20.1-20230612.114412-srg.jar%23209!/:?]
	at java.util.concurrent.CompletableFuture$UniAccept.tryFire(CompletableFuture.java:718) ~[?:?]
	at java.util.concurrent.CompletableFuture$Completion.run(CompletableFuture.java:482) ~[?:?]
	at net.minecraft.server.packs.resources.SimpleReloadInstance.m_143940_(SimpleReloadInstance.java:69) ~[server-1.20.1-20230612.114412-srg.jar%23209!/:?]
	at net.minecraft.Util.m_214652_(Util.java:783) ~[server-1.20.1-20230612.114412-srg.jar%23209!/:?]
	at net.minecraft.Util.m_214679_(Util.java:772) ~[server-1.20.1-20230612.114412-srg.jar%23209!/:?]
	at net.minecraft.server.Main.main(Main.java:166) ~[server-1.20.1-20230612.114412-srg.jar%23209!/:?]
	at jdk.internal.reflect.NativeMethodAccessorImpl.invoke0(Native Method) ~[?:?]
	at jdk.internal.reflect.NativeMethodAccessorImpl.invoke(NativeMethodAccessorImpl.java:77) ~[?:?]
	at jdk.internal.reflect.DelegatingMethodAccessorImpl.invoke(DelegatingMethodAccessorImpl.java:43) ~[?:?]
	at java.lang.reflect.Method.invoke(Method.java:569) ~[?:?]
	at net.minecraftforge.fml.loading.targets.CommonLaunchHandler.runTarget(CommonLaunchHandler.java:111) ~[fmlloader-1.20.1-47.3.7.jar%2369!/:?]
	at net.minecraftforge.fml.loading.targets.CommonLaunchHandler.serverService(CommonLaunchHandler.java:103) ~[fmlloader-1.20.1-47.3.7.jar%2369!/:?]
	at net.minecraftforge.fml.loading.targets.CommonServerLaunchHandler.lambda$makeService$0(CommonServerLaunchHandler.java:27) ~[fmlloader-1.20.1-47.3.7.jar%2369!/:?]
	at cpw.mods.modlauncher.LaunchServiceHandlerDecorator.launch(LaunchServiceHandlerDecorator.java:30) ~[modlauncher-10.0.9.jar%2355!/:?]
	at cpw.mods.modlauncher.LaunchServiceHandler.launch(LaunchServiceHandler.java:53) ~[modlauncher-10.0.9.jar%2355!/:?]
	at cpw.mods.modlauncher.LaunchServiceHandler.launch(LaunchServiceHandler.java:71) ~[modlauncher-10.0.9.jar%2355!/:?]
	at cpw.mods.modlauncher.Launcher.run(Launcher.java:108) ~[modlauncher-10.0.9.jar%2355!/:?]
	at cpw.mods.modlauncher.Launcher.main(Launcher.java:78) ~[modlauncher-10.0.9.jar%2355!/:?]
	at cpw.mods.modlauncher.BootstrapLaunchConsumer.accept(BootstrapLaunchConsumer.java:26) ~[modlauncher-10.0.9.jar%2355!/:?]
	at cpw.mods.modlauncher.BootstrapLaunchConsumer.accept(BootstrapLaunchConsumer.java:23) ~[modlauncher-10.0.9.jar%2355!/:?]
	at cpw.mods.bootstraplauncher.BootstrapLauncher.main(BootstrapLauncher.java:141) ~[bootstraplauncher-1.1.2.jar:?]
[12Apr2025 04:21:32.702] [main/ERROR] [net.minecraft.world.item.crafting.RecipeManager/]: Parsing error loading recipe useless_sword:copper_jigsaw_slicer_recipe
com.google.gson.JsonSyntaxException: Unknown item 'create:mechanical_saw'
	at net.minecraft.world.item.crafting.ShapedRecipe.m_151280_(ShapedRecipe.java:292) ~[server-1.20.1-20230612.114412-srg.jar%23209!/:?]
	at java.util.Optional.orElseThrow(Optional.java:403) ~[?:?]
	at net.minecraft.world.item.crafting.ShapedRecipe.m_151278_(ShapedRecipe.java:291) ~[server-1.20.1-20230612.114412-srg.jar%23209!/:?]
	at net.minecraft.world.item.crafting.Ingredient.m_43919_(Ingredient.java:219) ~[server-1.20.1-20230612.114412-srg.jar%23209!/:?]
	at net.minecraftforge.common.crafting.VanillaIngredientSerializer.parse(VanillaIngredientSerializer.java:27) ~[forge-1.20.1-47.3.7-universal.jar%23214!/:?]
	at net.minecraftforge.common.crafting.CraftingHelper.getIngredient(CraftingHelper.java:148) ~[forge-1.20.1-47.3.7-universal.jar%23214!/:?]
	at net.minecraft.world.item.crafting.Ingredient.m_288218_(Ingredient.java:194) ~[server-1.20.1-20230612.114412-srg.jar%23209!/:?]
	at net.minecraft.world.item.crafting.ShapedRecipe.m_44210_(ShapedRecipe.java:278) ~[server-1.20.1-20230612.114412-srg.jar%23209!/:?]
	at net.minecraft.world.item.crafting.ShapedRecipe$Serializer.m_6729_(ShapedRecipe.java:306) ~[server-1.20.1-20230612.114412-srg.jar%23209!/:?]
	at net.minecraft.world.item.crafting.ShapedRecipe$Serializer.m_6729_(ShapedRecipe.java:301) ~[server-1.20.1-20230612.114412-srg.jar%23209!/:?]
	at net.minecraftforge.common.extensions.IForgeRecipeSerializer.fromJson(IForgeRecipeSerializer.java:23) ~[forge-1.20.1-47.3.7-universal.jar%23214!/:?]
	at net.minecraft.world.item.crafting.RecipeManager.fromJson(RecipeManager.java:171) ~[server-1.20.1-20230612.114412-srg.jar%23209!/:?]
	at net.minecraft.world.item.crafting.RecipeManager.m_5787_(RecipeManager.java:67) ~[server-1.20.1-20230612.114412-srg.jar%23209!/:?]
	at net.minecraft.world.item.crafting.RecipeManager.m_5787_(RecipeManager.java:34) ~[server-1.20.1-20230612.114412-srg.jar%23209!/:?]
	at net.minecraft.server.packs.resources.SimplePreparableReloadListener.m_10789_(SimplePreparableReloadListener.java:13) ~[server-1.20.1-20230612.114412-srg.jar%23209!/:?]
	at java.util.concurrent.CompletableFuture$UniAccept.tryFire(CompletableFuture.java:718) ~[?:?]
	at java.util.concurrent.CompletableFuture$Completion.run(CompletableFuture.java:482) ~[?:?]
	at net.minecraft.server.packs.resources.SimpleReloadInstance.m_143940_(SimpleReloadInstance.java:69) ~[server-1.20.1-20230612.114412-srg.jar%23209!/:?]
	at net.minecraft.Util.m_214652_(Util.java:783) ~[server-1.20.1-20230612.114412-srg.jar%23209!/:?]
	at net.minecraft.Util.m_214679_(Util.java:772) ~[server-1.20.1-20230612.114412-srg.jar%23209!/:?]
	at net.minecraft.server.Main.main(Main.java:166) ~[server-1.20.1-20230612.114412-srg.jar%23209!/:?]
	at jdk.internal.reflect.NativeMethodAccessorImpl.invoke0(Native Method) ~[?:?]
	at jdk.internal.reflect.NativeMethodAccessorImpl.invoke(NativeMethodAccessorImpl.java:77) ~[?:?]
	at jdk.internal.reflect.DelegatingMethodAccessorImpl.invoke(DelegatingMethodAccessorImpl.java:43) ~[?:?]
	at java.lang.reflect.Method.invoke(Method.java:569) ~[?:?]
	at net.minecraftforge.fml.loading.targets.CommonLaunchHandler.runTarget(CommonLaunchHandler.java:111) ~[fmlloader-1.20.1-47.3.7.jar%2369!/:?]
	at net.minecraftforge.fml.loading.targets.CommonLaunchHandler.serverService(CommonLaunchHandler.java:103) ~[fmlloader-1.20.1-47.3.7.jar%2369!/:?]
	at net.minecraftforge.fml.loading.targets.CommonServerLaunchHandler.lambda$makeService$0(CommonServerLaunchHandler.java:27) ~[fmlloader-1.20.1-47.3.7.jar%2369!/:?]
	at cpw.mods.modlauncher.LaunchServiceHandlerDecorator.launch(LaunchServiceHandlerDecorator.java:30) ~[modlauncher-10.0.9.jar%2355!/:?]
	at cpw.mods.modlauncher.LaunchServiceHandler.launch(LaunchServiceHandler.java:53) ~[modlauncher-10.0.9.jar%2355!/:?]
	at cpw.mods.modlauncher.LaunchServiceHandler.launch(LaunchServiceHandler.java:71) ~[modlauncher-10.0.9.jar%2355!/:?]
	at cpw.mods.modlauncher.Launcher.run(Launcher.java:108) ~[modlauncher-10.0.9.jar%2355!/:?]
	at cpw.mods.modlauncher.Launcher.main(Launcher.java:78) ~[modlauncher-10.0.9.jar%2355!/:?]
	at cpw.mods.modlauncher.BootstrapLaunchConsumer.accept(BootstrapLaunchConsumer.java:26) ~[modlauncher-10.0.9.jar%2355!/:?]
	at cpw.mods.modlauncher.BootstrapLaunchConsumer.accept(BootstrapLaunchConsumer.java:23) ~[modlauncher-10.0.9.jar%2355!/:?]
	at cpw.mods.bootstraplauncher.BootstrapLauncher.main(BootstrapLauncher.java:141) ~[bootstraplauncher-1.1.2.jar:?]
[12Apr2025 04:21:32.715] [main/ERROR] [net.minecraft.world.item.crafting.RecipeManager/]: Parsing error loading recipe useless_sword:tooth_glaive_recipe
com.google.gson.JsonSyntaxException: Unknown item 'alexsmobs:cachalot_whale_tooth'
	at net.minecraft.world.item.crafting.ShapedRecipe.m_151280_(ShapedRecipe.java:292) ~[server-1.20.1-20230612.114412-srg.jar%23209!/:?]
	at java.util.Optional.orElseThrow(Optional.java:403) ~[?:?]
	at net.minecraft.world.item.crafting.ShapedRecipe.m_151278_(ShapedRecipe.java:291) ~[server-1.20.1-20230612.114412-srg.jar%23209!/:?]
	at net.minecraft.world.item.crafting.Ingredient.m_43919_(Ingredient.java:219) ~[server-1.20.1-20230612.114412-srg.jar%23209!/:?]
	at net.minecraftforge.common.crafting.VanillaIngredientSerializer.parse(VanillaIngredientSerializer.java:27) ~[forge-1.20.1-47.3.7-universal.jar%23214!/:?]
	at net.minecraftforge.common.crafting.CraftingHelper.getIngredient(CraftingHelper.java:148) ~[forge-1.20.1-47.3.7-universal.jar%23214!/:?]
	at net.minecraft.world.item.crafting.Ingredient.m_288218_(Ingredient.java:194) ~[server-1.20.1-20230612.114412-srg.jar%23209!/:?]
	at net.minecraft.world.item.crafting.ShapedRecipe.m_44210_(ShapedRecipe.java:278) ~[server-1.20.1-20230612.114412-srg.jar%23209!/:?]
	at net.minecraft.world.item.crafting.ShapedRecipe$Serializer.m_6729_(ShapedRecipe.java:306) ~[server-1.20.1-20230612.114412-srg.jar%23209!/:?]
	at net.minecraft.world.item.crafting.ShapedRecipe$Serializer.m_6729_(ShapedRecipe.java:301) ~[server-1.20.1-20230612.114412-srg.jar%23209!/:?]
	at net.minecraftforge.common.extensions.IForgeRecipeSerializer.fromJson(IForgeRecipeSerializer.java:23) ~[forge-1.20.1-47.3.7-universal.jar%23214!/:?]
	at net.minecraft.world.item.crafting.RecipeManager.fromJson(RecipeManager.java:171) ~[server-1.20.1-20230612.114412-srg.jar%23209!/:?]
	at net.minecraft.world.item.crafting.RecipeManager.m_5787_(RecipeManager.java:67) ~[server-1.20.1-20230612.114412-srg.jar%23209!/:?]
	at net.minecraft.world.item.crafting.RecipeManager.m_5787_(RecipeManager.java:34) ~[server-1.20.1-20230612.114412-srg.jar%23209!/:?]
	at net.minecraft.server.packs.resources.SimplePreparableReloadListener.m_10789_(SimplePreparableReloadListener.java:13) ~[server-1.20.1-20230612.114412-srg.jar%23209!/:?]
	at java.util.concurrent.CompletableFuture$UniAccept.tryFire(CompletableFuture.java:718) ~[?:?]
	at java.util.concurrent.CompletableFuture$Completion.run(CompletableFuture.java:482) ~[?:?]
	at net.minecraft.server.packs.resources.SimpleReloadInstance.m_143940_(SimpleReloadInstance.java:69) ~[server-1.20.1-20230612.114412-srg.jar%23209!/:?]
	at net.minecraft.Util.m_214652_(Util.java:783) ~[server-1.20.1-20230612.114412-srg.jar%23209!/:?]
	at net.minecraft.Util.m_214679_(Util.java:772) ~[server-1.20.1-20230612.114412-srg.jar%23209!/:?]
	at net.minecraft.server.Main.main(Main.java:166) ~[server-1.20.1-20230612.114412-srg.jar%23209!/:?]
	at jdk.internal.reflect.NativeMethodAccessorImpl.invoke0(Native Method) ~[?:?]
	at jdk.internal.reflect.NativeMethodAccessorImpl.invoke(NativeMethodAccessorImpl.java:77) ~[?:?]
	at jdk.internal.reflect.DelegatingMethodAccessorImpl.invoke(DelegatingMethodAccessorImpl.java:43) ~[?:?]
	at java.lang.reflect.Method.invoke(Method.java:569) ~[?:?]
	at net.minecraftforge.fml.loading.targets.CommonLaunchHandler.runTarget(CommonLaunchHandler.java:111) ~[fmlloader-1.20.1-47.3.7.jar%2369!/:?]
	at net.minecraftforge.fml.loading.targets.CommonLaunchHandler.serverService(CommonLaunchHandler.java:103) ~[fmlloader-1.20.1-47.3.7.jar%2369!/:?]
	at net.minecraftforge.fml.loading.targets.CommonServerLaunchHandler.lambda$makeService$0(CommonServerLaunchHandler.java:27) ~[fmlloader-1.20.1-47.3.7.jar%2369!/:?]
	at cpw.mods.modlauncher.LaunchServiceHandlerDecorator.launch(LaunchServiceHandlerDecorator.java:30) ~[modlauncher-10.0.9.jar%2355!/:?]
	at cpw.mods.modlauncher.LaunchServiceHandler.launch(LaunchServiceHandler.java:53) ~[modlauncher-10.0.9.jar%2355!/:?]
	at cpw.mods.modlauncher.LaunchServiceHandler.launch(LaunchServiceHandler.java:71) ~[modlauncher-10.0.9.jar%2355!/:?]
	at cpw.mods.modlauncher.Launcher.run(Launcher.java:108) ~[modlauncher-10.0.9.jar%2355!/:?]
	at cpw.mods.modlauncher.Launcher.main(Launcher.java:78) ~[modlauncher-10.0.9.jar%2355!/:?]
	at cpw.mods.modlauncher.BootstrapLaunchConsumer.accept(BootstrapLaunchConsumer.java:26) ~[modlauncher-10.0.9.jar%2355!/:?]
	at cpw.mods.modlauncher.BootstrapLaunchConsumer.accept(BootstrapLaunchConsumer.java:23) ~[modlauncher-10.0.9.jar%2355!/:?]
	at cpw.mods.bootstraplauncher.BootstrapLauncher.main(BootstrapLauncher.java:141) ~[bootstraplauncher-1.1.2.jar:?]
[12Apr2025 04:21:32.719] [main/ERROR] [net.minecraft.world.item.crafting.RecipeManager/]: Parsing error loading recipe useless_sword:dna_cutter_recipe
com.google.gson.JsonSyntaxException: Unknown item 'alexsmobs:capsid'
	at net.minecraft.world.item.crafting.ShapedRecipe.m_151280_(ShapedRecipe.java:292) ~[server-1.20.1-20230612.114412-srg.jar%23209!/:?]
	at java.util.Optional.orElseThrow(Optional.java:403) ~[?:?]
	at net.minecraft.world.item.crafting.ShapedRecipe.m_151278_(ShapedRecipe.java:291) ~[server-1.20.1-20230612.114412-srg.jar%23209!/:?]
	at net.minecraft.world.item.crafting.Ingredient.m_43919_(Ingredient.java:219) ~[server-1.20.1-20230612.114412-srg.jar%23209!/:?]
	at net.minecraftforge.common.crafting.VanillaIngredientSerializer.parse(VanillaIngredientSerializer.java:27) ~[forge-1.20.1-47.3.7-universal.jar%23214!/:?]
	at net.minecraftforge.common.crafting.CraftingHelper.getIngredient(CraftingHelper.java:148) ~[forge-1.20.1-47.3.7-universal.jar%23214!/:?]
	at net.minecraft.world.item.crafting.Ingredient.m_288218_(Ingredient.java:194) ~[server-1.20.1-20230612.114412-srg.jar%23209!/:?]
	at net.minecraft.world.item.crafting.ShapedRecipe.m_44210_(ShapedRecipe.java:278) ~[server-1.20.1-20230612.114412-srg.jar%23209!/:?]
	at net.minecraft.world.item.crafting.ShapedRecipe$Serializer.m_6729_(ShapedRecipe.java:306) ~[server-1.20.1-20230612.114412-srg.jar%23209!/:?]
	at net.minecraft.world.item.crafting.ShapedRecipe$Serializer.m_6729_(ShapedRecipe.java:301) ~[server-1.20.1-20230612.114412-srg.jar%23209!/:?]
	at net.minecraftforge.common.extensions.IForgeRecipeSerializer.fromJson(IForgeRecipeSerializer.java:23) ~[forge-1.20.1-47.3.7-universal.jar%23214!/:?]
	at net.minecraft.world.item.crafting.RecipeManager.fromJson(RecipeManager.java:171) ~[server-1.20.1-20230612.114412-srg.jar%23209!/:?]
	at net.minecraft.world.item.crafting.RecipeManager.m_5787_(RecipeManager.java:67) ~[server-1.20.1-20230612.114412-srg.jar%23209!/:?]
	at net.minecraft.world.item.crafting.RecipeManager.m_5787_(RecipeManager.java:34) ~[server-1.20.1-20230612.114412-srg.jar%23209!/:?]
	at net.minecraft.server.packs.resources.SimplePreparableReloadListener.m_10789_(SimplePreparableReloadListener.java:13) ~[server-1.20.1-20230612.114412-srg.jar%23209!/:?]
	at java.util.concurrent.CompletableFuture$UniAccept.tryFire(CompletableFuture.java:718) ~[?:?]
	at java.util.concurrent.CompletableFuture$Completion.run(CompletableFuture.java:482) ~[?:?]
	at net.minecraft.server.packs.resources.SimpleReloadInstance.m_143940_(SimpleReloadInstance.java:69) ~[server-1.20.1-20230612.114412-srg.jar%23209!/:?]
	at net.minecraft.Util.m_214652_(Util.java:783) ~[server-1.20.1-20230612.114412-srg.jar%23209!/:?]
	at net.minecraft.Util.m_214679_(Util.java:772) ~[server-1.20.1-20230612.114412-srg.jar%23209!/:?]
	at net.minecraft.server.Main.main(Main.java:166) ~[server-1.20.1-20230612.114412-srg.jar%23209!/:?]
	at jdk.internal.reflect.NativeMethodAccessorImpl.invoke0(Native Method) ~[?:?]
	at jdk.internal.reflect.NativeMethodAccessorImpl.invoke(NativeMethodAccessorImpl.java:77) ~[?:?]
	at jdk.internal.reflect.DelegatingMethodAccessorImpl.invoke(DelegatingMethodAccessorImpl.java:43) ~[?:?]
	at java.lang.reflect.Method.invoke(Method.java:569) ~[?:?]
	at net.minecraftforge.fml.loading.targets.CommonLaunchHandler.runTarget(CommonLaunchHandler.java:111) ~[fmlloader-1.20.1-47.3.7.jar%2369!/:?]
	at net.minecraftforge.fml.loading.targets.CommonLaunchHandler.serverService(CommonLaunchHandler.java:103) ~[fmlloader-1.20.1-47.3.7.jar%2369!/:?]
	at net.minecraftforge.fml.loading.targets.CommonServerLaunchHandler.lambda$makeService$0(CommonServerLaunchHandler.java:27) ~[fmlloader-1.20.1-47.3.7.jar%2369!/:?]
	at cpw.mods.modlauncher.LaunchServiceHandlerDecorator.launch(LaunchServiceHandlerDecorator.java:30) ~[modlauncher-10.0.9.jar%2355!/:?]
	at cpw.mods.modlauncher.LaunchServiceHandler.launch(LaunchServiceHandler.java:53) ~[modlauncher-10.0.9.jar%2355!/:?]
	at cpw.mods.modlauncher.LaunchServiceHandler.launch(LaunchServiceHandler.java:71) ~[modlauncher-10.0.9.jar%2355!/:?]
	at cpw.mods.modlauncher.Launcher.run(Launcher.java:108) ~[modlauncher-10.0.9.jar%2355!/:?]
	at cpw.mods.modlauncher.Launcher.main(Launcher.java:78) ~[modlauncher-10.0.9.jar%2355!/:?]
	at cpw.mods.modlauncher.BootstrapLaunchConsumer.accept(BootstrapLaunchConsumer.java:26) ~[modlauncher-10.0.9.jar%2355!/:?]
	at cpw.mods.modlauncher.BootstrapLaunchConsumer.accept(BootstrapLaunchConsumer.java:23) ~[modlauncher-10.0.9.jar%2355!/:?]
	at cpw.mods.bootstraplauncher.BootstrapLauncher.main(BootstrapLauncher.java:141) ~[bootstraplauncher-1.1.2.jar:?]
[12Apr2025 04:21:32.721] [main/ERROR] [net.minecraft.world.item.crafting.RecipeManager/]: Parsing error loading recipe useless_sword:guster_sword_recipe
com.google.gson.JsonSyntaxException: Unknown item 'alexsmobs:guster_eye'
	at net.minecraft.world.item.crafting.ShapedRecipe.m_151280_(ShapedRecipe.java:292) ~[server-1.20.1-20230612.114412-srg.jar%23209!/:?]
	at java.util.Optional.orElseThrow(Optional.java:403) ~[?:?]
	at net.minecraft.world.item.crafting.ShapedRecipe.m_151278_(ShapedRecipe.java:291) ~[server-1.20.1-20230612.114412-srg.jar%23209!/:?]
	at net.minecraft.world.item.crafting.Ingredient.m_43919_(Ingredient.java:219) ~[server-1.20.1-20230612.114412-srg.jar%23209!/:?]
	at net.minecraftforge.common.crafting.VanillaIngredientSerializer.parse(VanillaIngredientSerializer.java:27) ~[forge-1.20.1-47.3.7-universal.jar%23214!/:?]
	at net.minecraftforge.common.crafting.CraftingHelper.getIngredient(CraftingHelper.java:148) ~[forge-1.20.1-47.3.7-universal.jar%23214!/:?]
	at net.minecraft.world.item.crafting.Ingredient.m_288218_(Ingredient.java:194) ~[server-1.20.1-20230612.114412-srg.jar%23209!/:?]
	at net.minecraft.world.item.crafting.ShapedRecipe.m_44210_(ShapedRecipe.java:278) ~[server-1.20.1-20230612.114412-srg.jar%23209!/:?]
	at net.minecraft.world.item.crafting.ShapedRecipe$Serializer.m_6729_(ShapedRecipe.java:306) ~[server-1.20.1-20230612.114412-srg.jar%23209!/:?]
	at net.minecraft.world.item.crafting.ShapedRecipe$Serializer.m_6729_(ShapedRecipe.java:301) ~[server-1.20.1-20230612.114412-srg.jar%23209!/:?]
	at net.minecraftforge.common.extensions.IForgeRecipeSerializer.fromJson(IForgeRecipeSerializer.java:23) ~[forge-1.20.1-47.3.7-universal.jar%23214!/:?]
	at net.minecraft.world.item.crafting.RecipeManager.fromJson(RecipeManager.java:171) ~[server-1.20.1-20230612.114412-srg.jar%23209!/:?]
	at net.minecraft.world.item.crafting.RecipeManager.m_5787_(RecipeManager.java:67) ~[server-1.20.1-20230612.114412-srg.jar%23209!/:?]
	at net.minecraft.world.item.crafting.RecipeManager.m_5787_(RecipeManager.java:34) ~[server-1.20.1-20230612.114412-srg.jar%23209!/:?]
	at net.minecraft.server.packs.resources.SimplePreparableReloadListener.m_10789_(SimplePreparableReloadListener.java:13) ~[server-1.20.1-20230612.114412-srg.jar%23209!/:?]
	at java.util.concurrent.CompletableFuture$UniAccept.tryFire(CompletableFuture.java:718) ~[?:?]
	at java.util.concurrent.CompletableFuture$Completion.run(CompletableFuture.java:482) ~[?:?]
	at net.minecraft.server.packs.resources.SimpleReloadInstance.m_143940_(SimpleReloadInstance.java:69) ~[server-1.20.1-20230612.114412-srg.jar%23209!/:?]
	at net.minecraft.Util.m_214652_(Util.java:783) ~[server-1.20.1-20230612.114412-srg.jar%23209!/:?]
	at net.minecraft.Util.m_214679_(Util.java:772) ~[server-1.20.1-20230612.114412-srg.jar%23209!/:?]
	at net.minecraft.server.Main.main(Main.java:166) ~[server-1.20.1-20230612.114412-srg.jar%23209!/:?]
	at jdk.internal.reflect.NativeMethodAccessorImpl.invoke0(Native Method) ~[?:?]
	at jdk.internal.reflect.NativeMethodAccessorImpl.invoke(NativeMethodAccessorImpl.java:77) ~[?:?]
	at jdk.internal.reflect.DelegatingMethodAccessorImpl.invoke(DelegatingMethodAccessorImpl.java:43) ~[?:?]
	at java.lang.reflect.Method.invoke(Method.java:569) ~[?:?]
	at net.minecraftforge.fml.loading.targets.CommonLaunchHandler.runTarget(CommonLaunchHandler.java:111) ~[fmlloader-1.20.1-47.3.7.jar%2369!/:?]
	at net.minecraftforge.fml.loading.targets.CommonLaunchHandler.serverService(CommonLaunchHandler.java:103) ~[fmlloader-1.20.1-47.3.7.jar%2369!/:?]
	at net.minecraftforge.fml.loading.targets.CommonServerLaunchHandler.lambda$makeService$0(CommonServerLaunchHandler.java:27) ~[fmlloader-1.20.1-47.3.7.jar%2369!/:?]
	at cpw.mods.modlauncher.LaunchServiceHandlerDecorator.launch(LaunchServiceHandlerDecorator.java:30) ~[modlauncher-10.0.9.jar%2355!/:?]
	at cpw.mods.modlauncher.LaunchServiceHandler.launch(LaunchServiceHandler.java:53) ~[modlauncher-10.0.9.jar%2355!/:?]
	at cpw.mods.modlauncher.LaunchServiceHandler.launch(LaunchServiceHandler.java:71) ~[modlauncher-10.0.9.jar%2355!/:?]
	at cpw.mods.modlauncher.Launcher.run(Launcher.java:108) ~[modlauncher-10.0.9.jar%2355!/:?]
	at cpw.mods.modlauncher.Launcher.main(Launcher.java:78) ~[modlauncher-10.0.9.jar%2355!/:?]
	at cpw.mods.modlauncher.BootstrapLaunchConsumer.accept(BootstrapLaunchConsumer.java:26) ~[modlauncher-10.0.9.jar%2355!/:?]
	at cpw.mods.modlauncher.BootstrapLaunchConsumer.accept(BootstrapLaunchConsumer.java:23) ~[modlauncher-10.0.9.jar%2355!/:?]
	at cpw.mods.bootstraplauncher.BootstrapLauncher.main(BootstrapLauncher.java:141) ~[bootstraplauncher-1.1.2.jar:?]
[12Apr2025 04:21:32.731] [main/ERROR] [net.minecraft.world.item.crafting.RecipeManager/]: Parsing error loading recipe useless_sword:chocolate_sword_recipe
com.google.gson.JsonSyntaxException: Unknown item 'create:bar_of_chocolate'
	at net.minecraft.world.item.crafting.ShapedRecipe.m_151280_(ShapedRecipe.java:292) ~[server-1.20.1-20230612.114412-srg.jar%23209!/:?]
	at java.util.Optional.orElseThrow(Optional.java:403) ~[?:?]
	at net.minecraft.world.item.crafting.ShapedRecipe.m_151278_(ShapedRecipe.java:291) ~[server-1.20.1-20230612.114412-srg.jar%23209!/:?]
	at net.minecraft.world.item.crafting.Ingredient.m_43919_(Ingredient.java:219) ~[server-1.20.1-20230612.114412-srg.jar%23209!/:?]
	at net.minecraftforge.common.crafting.VanillaIngredientSerializer.parse(VanillaIngredientSerializer.java:27) ~[forge-1.20.1-47.3.7-universal.jar%23214!/:?]
	at net.minecraftforge.common.crafting.CraftingHelper.getIngredient(CraftingHelper.java:148) ~[forge-1.20.1-47.3.7-universal.jar%23214!/:?]
	at net.minecraft.world.item.crafting.Ingredient.m_288218_(Ingredient.java:194) ~[server-1.20.1-20230612.114412-srg.jar%23209!/:?]
	at net.minecraft.world.item.crafting.ShapedRecipe.m_44210_(ShapedRecipe.java:278) ~[server-1.20.1-20230612.114412-srg.jar%23209!/:?]
	at net.minecraft.world.item.crafting.ShapedRecipe$Serializer.m_6729_(ShapedRecipe.java:306) ~[server-1.20.1-20230612.114412-srg.jar%23209!/:?]
	at net.minecraft.world.item.crafting.ShapedRecipe$Serializer.m_6729_(ShapedRecipe.java:301) ~[server-1.20.1-20230612.114412-srg.jar%23209!/:?]
	at net.minecraftforge.common.extensions.IForgeRecipeSerializer.fromJson(IForgeRecipeSerializer.java:23) ~[forge-1.20.1-47.3.7-universal.jar%23214!/:?]
	at net.minecraft.world.item.crafting.RecipeManager.fromJson(RecipeManager.java:171) ~[server-1.20.1-20230612.114412-srg.jar%23209!/:?]
	at net.minecraft.world.item.crafting.RecipeManager.m_5787_(RecipeManager.java:67) ~[server-1.20.1-20230612.114412-srg.jar%23209!/:?]
	at net.minecraft.world.item.crafting.RecipeManager.m_5787_(RecipeManager.java:34) ~[server-1.20.1-20230612.114412-srg.jar%23209!/:?]
	at net.minecraft.server.packs.resources.SimplePreparableReloadListener.m_10789_(SimplePreparableReloadListener.java:13) ~[server-1.20.1-20230612.114412-srg.jar%23209!/:?]
	at java.util.concurrent.CompletableFuture$UniAccept.tryFire(CompletableFuture.java:718) ~[?:?]
	at java.util.concurrent.CompletableFuture$Completion.run(CompletableFuture.java:482) ~[?:?]
	at net.minecraft.server.packs.resources.SimpleReloadInstance.m_143940_(SimpleReloadInstance.java:69) ~[server-1.20.1-20230612.114412-srg.jar%23209!/:?]
	at net.minecraft.Util.m_214652_(Util.java:783) ~[server-1.20.1-20230612.114412-srg.jar%23209!/:?]
	at net.minecraft.Util.m_214679_(Util.java:772) ~[server-1.20.1-20230612.114412-srg.jar%23209!/:?]
	at net.minecraft.server.Main.main(Main.java:166) ~[server-1.20.1-20230612.114412-srg.jar%23209!/:?]
	at jdk.internal.reflect.NativeMethodAccessorImpl.invoke0(Native Method) ~[?:?]
	at jdk.internal.reflect.NativeMethodAccessorImpl.invoke(NativeMethodAccessorImpl.java:77) ~[?:?]
	at jdk.internal.reflect.DelegatingMethodAccessorImpl.invoke(DelegatingMethodAccessorImpl.java:43) ~[?:?]
	at java.lang.reflect.Method.invoke(Method.java:569) ~[?:?]
	at net.minecraftforge.fml.loading.targets.CommonLaunchHandler.runTarget(CommonLaunchHandler.java:111) ~[fmlloader-1.20.1-47.3.7.jar%2369!/:?]
	at net.minecraftforge.fml.loading.targets.CommonLaunchHandler.serverService(CommonLaunchHandler.java:103) ~[fmlloader-1.20.1-47.3.7.jar%2369!/:?]
	at net.minecraftforge.fml.loading.targets.CommonServerLaunchHandler.lambda$makeService$0(CommonServerLaunchHandler.java:27) ~[fmlloader-1.20.1-47.3.7.jar%2369!/:?]
	at cpw.mods.modlauncher.LaunchServiceHandlerDecorator.launch(LaunchServiceHandlerDecorator.java:30) ~[modlauncher-10.0.9.jar%2355!/:?]
	at cpw.mods.modlauncher.LaunchServiceHandler.launch(LaunchServiceHandler.java:53) ~[modlauncher-10.0.9.jar%2355!/:?]
	at cpw.mods.modlauncher.LaunchServiceHandler.launch(LaunchServiceHandler.java:71) ~[modlauncher-10.0.9.jar%2355!/:?]
	at cpw.mods.modlauncher.Launcher.run(Launcher.java:108) ~[modlauncher-10.0.9.jar%2355!/:?]
	at cpw.mods.modlauncher.Launcher.main(Launcher.java:78) ~[modlauncher-10.0.9.jar%2355!/:?]
	at cpw.mods.modlauncher.BootstrapLaunchConsumer.accept(BootstrapLaunchConsumer.java:26) ~[modlauncher-10.0.9.jar%2355!/:?]
	at cpw.mods.modlauncher.BootstrapLaunchConsumer.accept(BootstrapLaunchConsumer.java:23) ~[modlauncher-10.0.9.jar%2355!/:?]
	at cpw.mods.bootstraplauncher.BootstrapLauncher.main(BootstrapLauncher.java:141) ~[bootstraplauncher-1.1.2.jar:?]
[12Apr2025 04:21:32.734] [main/ERROR] [net.minecraft.world.item.crafting.RecipeManager/]: Parsing error loading recipe useless_sword:rotten_fish_rapier_recipe
com.google.gson.JsonSyntaxException: Unknown item 'aquaculture:fish_bones'
	at net.minecraft.world.item.crafting.ShapedRecipe.m_151280_(ShapedRecipe.java:292) ~[server-1.20.1-20230612.114412-srg.jar%23209!/:?]
	at java.util.Optional.orElseThrow(Optional.java:403) ~[?:?]
	at net.minecraft.world.item.crafting.ShapedRecipe.m_151278_(ShapedRecipe.java:291) ~[server-1.20.1-20230612.114412-srg.jar%23209!/:?]
	at net.minecraft.world.item.crafting.Ingredient.m_43919_(Ingredient.java:219) ~[server-1.20.1-20230612.114412-srg.jar%23209!/:?]
	at net.minecraftforge.common.crafting.VanillaIngredientSerializer.parse(VanillaIngredientSerializer.java:27) ~[forge-1.20.1-47.3.7-universal.jar%23214!/:?]
	at net.minecraftforge.common.crafting.CraftingHelper.getIngredient(CraftingHelper.java:148) ~[forge-1.20.1-47.3.7-universal.jar%23214!/:?]
	at net.minecraft.world.item.crafting.Ingredient.m_288218_(Ingredient.java:194) ~[server-1.20.1-20230612.114412-srg.jar%23209!/:?]
	at net.minecraft.world.item.crafting.ShapedRecipe.m_44210_(ShapedRecipe.java:278) ~[server-1.20.1-20230612.114412-srg.jar%23209!/:?]
	at net.minecraft.world.item.crafting.ShapedRecipe$Serializer.m_6729_(ShapedRecipe.java:306) ~[server-1.20.1-20230612.114412-srg.jar%23209!/:?]
	at net.minecraft.world.item.crafting.ShapedRecipe$Serializer.m_6729_(ShapedRecipe.java:301) ~[server-1.20.1-20230612.114412-srg.jar%23209!/:?]
	at net.minecraftforge.common.extensions.IForgeRecipeSerializer.fromJson(IForgeRecipeSerializer.java:23) ~[forge-1.20.1-47.3.7-universal.jar%23214!/:?]
	at net.minecraft.world.item.crafting.RecipeManager.fromJson(RecipeManager.java:171) ~[server-1.20.1-20230612.114412-srg.jar%23209!/:?]
	at net.minecraft.world.item.crafting.RecipeManager.m_5787_(RecipeManager.java:67) ~[server-1.20.1-20230612.114412-srg.jar%23209!/:?]
	at net.minecraft.world.item.crafting.RecipeManager.m_5787_(RecipeManager.java:34) ~[server-1.20.1-20230612.114412-srg.jar%23209!/:?]
	at net.minecraft.server.packs.resources.SimplePreparableReloadListener.m_10789_(SimplePreparableReloadListener.java:13) ~[server-1.20.1-20230612.114412-srg.jar%23209!/:?]
	at java.util.concurrent.CompletableFuture$UniAccept.tryFire(CompletableFuture.java:718) ~[?:?]
	at java.util.concurrent.CompletableFuture$Completion.run(CompletableFuture.java:482) ~[?:?]
	at net.minecraft.server.packs.resources.SimpleReloadInstance.m_143940_(SimpleReloadInstance.java:69) ~[server-1.20.1-20230612.114412-srg.jar%23209!/:?]
	at net.minecraft.Util.m_214652_(Util.java:783) ~[server-1.20.1-20230612.114412-srg.jar%23209!/:?]
	at net.minecraft.Util.m_214679_(Util.java:772) ~[server-1.20.1-20230612.114412-srg.jar%23209!/:?]
	at net.minecraft.server.Main.main(Main.java:166) ~[server-1.20.1-20230612.114412-srg.jar%23209!/:?]
	at jdk.internal.reflect.NativeMethodAccessorImpl.invoke0(Native Method) ~[?:?]
	at jdk.internal.reflect.NativeMethodAccessorImpl.invoke(NativeMethodAccessorImpl.java:77) ~[?:?]
	at jdk.internal.reflect.DelegatingMethodAccessorImpl.invoke(DelegatingMethodAccessorImpl.java:43) ~[?:?]
	at java.lang.reflect.Method.invoke(Method.java:569) ~[?:?]
	at net.minecraftforge.fml.loading.targets.CommonLaunchHandler.runTarget(CommonLaunchHandler.java:111) ~[fmlloader-1.20.1-47.3.7.jar%2369!/:?]
	at net.minecraftforge.fml.loading.targets.CommonLaunchHandler.serverService(CommonLaunchHandler.java:103) ~[fmlloader-1.20.1-47.3.7.jar%2369!/:?]
	at net.minecraftforge.fml.loading.targets.CommonServerLaunchHandler.lambda$makeService$0(CommonServerLaunchHandler.java:27) ~[fmlloader-1.20.1-47.3.7.jar%2369!/:?]
	at cpw.mods.modlauncher.LaunchServiceHandlerDecorator.launch(LaunchServiceHandlerDecorator.java:30) ~[modlauncher-10.0.9.jar%2355!/:?]
	at cpw.mods.modlauncher.LaunchServiceHandler.launch(LaunchServiceHandler.java:53) ~[modlauncher-10.0.9.jar%2355!/:?]
	at cpw.mods.modlauncher.LaunchServiceHandler.launch(LaunchServiceHandler.java:71) ~[modlauncher-10.0.9.jar%2355!/:?]
	at cpw.mods.modlauncher.Launcher.run(Launcher.java:108) ~[modlauncher-10.0.9.jar%2355!/:?]
	at cpw.mods.modlauncher.Launcher.main(Launcher.java:78) ~[modlauncher-10.0.9.jar%2355!/:?]
	at cpw.mods.modlauncher.BootstrapLaunchConsumer.accept(BootstrapLaunchConsumer.java:26) ~[modlauncher-10.0.9.jar%2355!/:?]
	at cpw.mods.modlauncher.BootstrapLaunchConsumer.accept(BootstrapLaunchConsumer.java:23) ~[modlauncher-10.0.9.jar%2355!/:?]
	at cpw.mods.bootstraplauncher.BootstrapLauncher.main(BootstrapLauncher.java:141) ~[bootstraplauncher-1.1.2.jar:?]
[12Apr2025 04:21:32.739] [main/ERROR] [net.minecraft.world.item.crafting.RecipeManager/]: Parsing error loading recipe useless_sword:pesting_rapier_recipe
com.google.gson.JsonSyntaxException: Unknown item 'twilightforest:firefly'
	at net.minecraft.world.item.crafting.ShapedRecipe.m_151280_(ShapedRecipe.java:292) ~[server-1.20.1-20230612.114412-srg.jar%23209!/:?]
	at java.util.Optional.orElseThrow(Optional.java:403) ~[?:?]
	at net.minecraft.world.item.crafting.ShapedRecipe.m_151278_(ShapedRecipe.java:291) ~[server-1.20.1-20230612.114412-srg.jar%23209!/:?]
	at net.minecraft.world.item.crafting.Ingredient.m_43919_(Ingredient.java:219) ~[server-1.20.1-20230612.114412-srg.jar%23209!/:?]
	at net.minecraftforge.common.crafting.VanillaIngredientSerializer.parse(VanillaIngredientSerializer.java:27) ~[forge-1.20.1-47.3.7-universal.jar%23214!/:?]
	at net.minecraftforge.common.crafting.CraftingHelper.getIngredient(CraftingHelper.java:148) ~[forge-1.20.1-47.3.7-universal.jar%23214!/:?]
	at net.minecraft.world.item.crafting.Ingredient.m_288218_(Ingredient.java:194) ~[server-1.20.1-20230612.114412-srg.jar%23209!/:?]
	at net.minecraft.world.item.crafting.ShapedRecipe.m_44210_(ShapedRecipe.java:278) ~[server-1.20.1-20230612.114412-srg.jar%23209!/:?]
	at net.minecraft.world.item.crafting.ShapedRecipe$Serializer.m_6729_(ShapedRecipe.java:306) ~[server-1.20.1-20230612.114412-srg.jar%23209!/:?]
	at net.minecraft.world.item.crafting.ShapedRecipe$Serializer.m_6729_(ShapedRecipe.java:301) ~[server-1.20.1-20230612.114412-srg.jar%23209!/:?]
	at net.minecraftforge.common.extensions.IForgeRecipeSerializer.fromJson(IForgeRecipeSerializer.java:23) ~[forge-1.20.1-47.3.7-universal.jar%23214!/:?]
	at net.minecraft.world.item.crafting.RecipeManager.fromJson(RecipeManager.java:171) ~[server-1.20.1-20230612.114412-srg.jar%23209!/:?]
	at net.minecraft.world.item.crafting.RecipeManager.m_5787_(RecipeManager.java:67) ~[server-1.20.1-20230612.114412-srg.jar%23209!/:?]
	at net.minecraft.world.item.crafting.RecipeManager.m_5787_(RecipeManager.java:34) ~[server-1.20.1-20230612.114412-srg.jar%23209!/:?]
	at net.minecraft.server.packs.resources.SimplePreparableReloadListener.m_10789_(SimplePreparableReloadListener.java:13) ~[server-1.20.1-20230612.114412-srg.jar%23209!/:?]
	at java.util.concurrent.CompletableFuture$UniAccept.tryFire(CompletableFuture.java:718) ~[?:?]
	at java.util.concurrent.CompletableFuture$Completion.run(CompletableFuture.java:482) ~[?:?]
	at net.minecraft.server.packs.resources.SimpleReloadInstance.m_143940_(SimpleReloadInstance.java:69) ~[server-1.20.1-20230612.114412-srg.jar%23209!/:?]
	at net.minecraft.Util.m_214652_(Util.java:783) ~[server-1.20.1-20230612.114412-srg.jar%23209!/:?]
	at net.minecraft.Util.m_214679_(Util.java:772) ~[server-1.20.1-20230612.114412-srg.jar%23209!/:?]
	at net.minecraft.server.Main.main(Main.java:166) ~[server-1.20.1-20230612.114412-srg.jar%23209!/:?]
	at jdk.internal.reflect.NativeMethodAccessorImpl.invoke0(Native Method) ~[?:?]
	at jdk.internal.reflect.NativeMethodAccessorImpl.invoke(NativeMethodAccessorImpl.java:77) ~[?:?]
	at jdk.internal.reflect.DelegatingMethodAccessorImpl.invoke(DelegatingMethodAccessorImpl.java:43) ~[?:?]
	at java.lang.reflect.Method.invoke(Method.java:569) ~[?:?]
	at net.minecraftforge.fml.loading.targets.CommonLaunchHandler.runTarget(CommonLaunchHandler.java:111) ~[fmlloader-1.20.1-47.3.7.jar%2369!/:?]
	at net.minecraftforge.fml.loading.targets.CommonLaunchHandler.serverService(CommonLaunchHandler.java:103) ~[fmlloader-1.20.1-47.3.7.jar%2369!/:?]
	at net.minecraftforge.fml.loading.targets.CommonServerLaunchHandler.lambda$makeService$0(CommonServerLaunchHandler.java:27) ~[fmlloader-1.20.1-47.3.7.jar%2369!/:?]
	at cpw.mods.modlauncher.LaunchServiceHandlerDecorator.launch(LaunchServiceHandlerDecorator.java:30) ~[modlauncher-10.0.9.jar%2355!/:?]
	at cpw.mods.modlauncher.LaunchServiceHandler.launch(LaunchServiceHandler.java:53) ~[modlauncher-10.0.9.jar%2355!/:?]
	at cpw.mods.modlauncher.LaunchServiceHandler.launch(LaunchServiceHandler.java:71) ~[modlauncher-10.0.9.jar%2355!/:?]
	at cpw.mods.modlauncher.Launcher.run(Launcher.java:108) ~[modlauncher-10.0.9.jar%2355!/:?]
	at cpw.mods.modlauncher.Launcher.main(Launcher.java:78) ~[modlauncher-10.0.9.jar%2355!/:?]
	at cpw.mods.modlauncher.BootstrapLaunchConsumer.accept(BootstrapLaunchConsumer.java:26) ~[modlauncher-10.0.9.jar%2355!/:?]
	at cpw.mods.modlauncher.BootstrapLaunchConsumer.accept(BootstrapLaunchConsumer.java:23) ~[modlauncher-10.0.9.jar%2355!/:?]
	at cpw.mods.bootstraplauncher.BootstrapLauncher.main(BootstrapLauncher.java:141) ~[bootstraplauncher-1.1.2.jar:?]
[12Apr2025 04:21:32.742] [main/ERROR] [net.minecraft.world.item.crafting.RecipeManager/]: Parsing error loading recipe unusualprehistory:trike_shield_smithing
com.google.gson.JsonSyntaxException: Invalid or unsupported recipe type 'minecraft:smithing'
	at net.minecraft.world.item.crafting.RecipeManager.m_220253_(RecipeManager.java:170) ~[server-1.20.1-20230612.114412-srg.jar%23209!/:?]
	at java.util.Optional.orElseThrow(Optional.java:403) ~[?:?]
	at net.minecraft.world.item.crafting.RecipeManager.fromJson(RecipeManager.java:169) ~[server-1.20.1-20230612.114412-srg.jar%23209!/:?]
	at net.minecraft.world.item.crafting.RecipeManager.m_5787_(RecipeManager.java:67) ~[server-1.20.1-20230612.114412-srg.jar%23209!/:?]
	at net.minecraft.world.item.crafting.RecipeManager.m_5787_(RecipeManager.java:34) ~[server-1.20.1-20230612.114412-srg.jar%23209!/:?]
	at net.minecraft.server.packs.resources.SimplePreparableReloadListener.m_10789_(SimplePreparableReloadListener.java:13) ~[server-1.20.1-20230612.114412-srg.jar%23209!/:?]
	at java.util.concurrent.CompletableFuture$UniAccept.tryFire(CompletableFuture.java:718) ~[?:?]
	at java.util.concurrent.CompletableFuture$Completion.run(CompletableFuture.java:482) ~[?:?]
	at net.minecraft.server.packs.resources.SimpleReloadInstance.m_143940_(SimpleReloadInstance.java:69) ~[server-1.20.1-20230612.114412-srg.jar%23209!/:?]
	at net.minecraft.Util.m_214652_(Util.java:783) ~[server-1.20.1-20230612.114412-srg.jar%23209!/:?]
	at net.minecraft.Util.m_214679_(Util.java:772) ~[server-1.20.1-20230612.114412-srg.jar%23209!/:?]
	at net.minecraft.server.Main.main(Main.java:166) ~[server-1.20.1-20230612.114412-srg.jar%23209!/:?]
	at jdk.internal.reflect.NativeMethodAccessorImpl.invoke0(Native Method) ~[?:?]
	at jdk.internal.reflect.NativeMethodAccessorImpl.invoke(NativeMethodAccessorImpl.java:77) ~[?:?]
	at jdk.internal.reflect.DelegatingMethodAccessorImpl.invoke(DelegatingMethodAccessorImpl.java:43) ~[?:?]
	at java.lang.reflect.Method.invoke(Method.java:569) ~[?:?]
	at net.minecraftforge.fml.loading.targets.CommonLaunchHandler.runTarget(CommonLaunchHandler.java:111) ~[fmlloader-1.20.1-47.3.7.jar%2369!/:?]
	at net.minecraftforge.fml.loading.targets.CommonLaunchHandler.serverService(CommonLaunchHandler.java:103) ~[fmlloader-1.20.1-47.3.7.jar%2369!/:?]
	at net.minecraftforge.fml.loading.targets.CommonServerLaunchHandler.lambda$makeService$0(CommonServerLaunchHandler.java:27) ~[fmlloader-1.20.1-47.3.7.jar%2369!/:?]
	at cpw.mods.modlauncher.LaunchServiceHandlerDecorator.launch(LaunchServiceHandlerDecorator.java:30) ~[modlauncher-10.0.9.jar%2355!/:?]
	at cpw.mods.modlauncher.LaunchServiceHandler.launch(LaunchServiceHandler.java:53) ~[modlauncher-10.0.9.jar%2355!/:?]
	at cpw.mods.modlauncher.LaunchServiceHandler.launch(LaunchServiceHandler.java:71) ~[modlauncher-10.0.9.jar%2355!/:?]
	at cpw.mods.modlauncher.Launcher.run(Launcher.java:108) ~[modlauncher-10.0.9.jar%2355!/:?]
	at cpw.mods.modlauncher.Launcher.main(Launcher.java:78) ~[modlauncher-10.0.9.jar%2355!/:?]
	at cpw.mods.modlauncher.BootstrapLaunchConsumer.accept(BootstrapLaunchConsumer.java:26) ~[modlauncher-10.0.9.jar%2355!/:?]
	at cpw.mods.modlauncher.BootstrapLaunchConsumer.accept(BootstrapLaunchConsumer.java:23) ~[modlauncher-10.0.9.jar%2355!/:?]
	at cpw.mods.bootstraplauncher.BootstrapLauncher.main(BootstrapLauncher.java:141) ~[bootstraplauncher-1.1.2.jar:?]
[12Apr2025 04:21:32.750] [main/ERROR] [net.minecraft.world.item.crafting.RecipeManager/]: Parsing error loading recipe useless_sword:hemolymph_broadsword_recipe
com.google.gson.JsonSyntaxException: Unknown item 'alexsmobs:hemolymph_sac'
	at net.minecraft.world.item.crafting.ShapedRecipe.m_151280_(ShapedRecipe.java:292) ~[server-1.20.1-20230612.114412-srg.jar%23209!/:?]
	at java.util.Optional.orElseThrow(Optional.java:403) ~[?:?]
	at net.minecraft.world.item.crafting.ShapedRecipe.m_151278_(ShapedRecipe.java:291) ~[server-1.20.1-20230612.114412-srg.jar%23209!/:?]
	at net.minecraft.world.item.crafting.Ingredient.m_43919_(Ingredient.java:219) ~[server-1.20.1-20230612.114412-srg.jar%23209!/:?]
	at net.minecraftforge.common.crafting.VanillaIngredientSerializer.parse(VanillaIngredientSerializer.java:27) ~[forge-1.20.1-47.3.7-universal.jar%23214!/:?]
	at net.minecraftforge.common.crafting.CraftingHelper.getIngredient(CraftingHelper.java:148) ~[forge-1.20.1-47.3.7-universal.jar%23214!/:?]
	at net.minecraft.world.item.crafting.Ingredient.m_288218_(Ingredient.java:194) ~[server-1.20.1-20230612.114412-srg.jar%23209!/:?]
	at net.minecraft.world.item.crafting.ShapedRecipe.m_44210_(ShapedRecipe.java:278) ~[server-1.20.1-20230612.114412-srg.jar%23209!/:?]
	at net.minecraft.world.item.crafting.ShapedRecipe$Serializer.m_6729_(ShapedRecipe.java:306) ~[server-1.20.1-20230612.114412-srg.jar%23209!/:?]
	at net.minecraft.world.item.crafting.ShapedRecipe$Serializer.m_6729_(ShapedRecipe.java:301) ~[server-1.20.1-20230612.114412-srg.jar%23209!/:?]
	at net.minecraftforge.common.extensions.IForgeRecipeSerializer.fromJson(IForgeRecipeSerializer.java:23) ~[forge-1.20.1-47.3.7-universal.jar%23214!/:?]
	at net.minecraft.world.item.crafting.RecipeManager.fromJson(RecipeManager.java:171) ~[server-1.20.1-20230612.114412-srg.jar%23209!/:?]
	at net.minecraft.world.item.crafting.RecipeManager.m_5787_(RecipeManager.java:67) ~[server-1.20.1-20230612.114412-srg.jar%23209!/:?]
	at net.minecraft.world.item.crafting.RecipeManager.m_5787_(RecipeManager.java:34) ~[server-1.20.1-20230612.114412-srg.jar%23209!/:?]
	at net.minecraft.server.packs.resources.SimplePreparableReloadListener.m_10789_(SimplePreparableReloadListener.java:13) ~[server-1.20.1-20230612.114412-srg.jar%23209!/:?]
	at java.util.concurrent.CompletableFuture$UniAccept.tryFire(CompletableFuture.java:718) ~[?:?]
	at java.util.concurrent.CompletableFuture$Completion.run(CompletableFuture.java:482) ~[?:?]
	at net.minecraft.server.packs.resources.SimpleReloadInstance.m_143940_(SimpleReloadInstance.java:69) ~[server-1.20.1-20230612.114412-srg.jar%23209!/:?]
	at net.minecraft.Util.m_214652_(Util.java:783) ~[server-1.20.1-20230612.114412-srg.jar%23209!/:?]
	at net.minecraft.Util.m_214679_(Util.java:772) ~[server-1.20.1-20230612.114412-srg.jar%23209!/:?]
	at net.minecraft.server.Main.main(Main.java:166) ~[server-1.20.1-20230612.114412-srg.jar%23209!/:?]
	at jdk.internal.reflect.NativeMethodAccessorImpl.invoke0(Native Method) ~[?:?]
	at jdk.internal.reflect.NativeMethodAccessorImpl.invoke(NativeMethodAccessorImpl.java:77) ~[?:?]
	at jdk.internal.reflect.DelegatingMethodAccessorImpl.invoke(DelegatingMethodAccessorImpl.java:43) ~[?:?]
	at java.lang.reflect.Method.invoke(Method.java:569) ~[?:?]
	at net.minecraftforge.fml.loading.targets.CommonLaunchHandler.runTarget(CommonLaunchHandler.java:111) ~[fmlloader-1.20.1-47.3.7.jar%2369!/:?]
	at net.minecraftforge.fml.loading.targets.CommonLaunchHandler.serverService(CommonLaunchHandler.java:103) ~[fmlloader-1.20.1-47.3.7.jar%2369!/:?]
	at net.minecraftforge.fml.loading.targets.CommonServerLaunchHandler.lambda$makeService$0(CommonServerLaunchHandler.java:27) ~[fmlloader-1.20.1-47.3.7.jar%2369!/:?]
	at cpw.mods.modlauncher.LaunchServiceHandlerDecorator.launch(LaunchServiceHandlerDecorator.java:30) ~[modlauncher-10.0.9.jar%2355!/:?]
	at cpw.mods.modlauncher.LaunchServiceHandler.launch(LaunchServiceHandler.java:53) ~[modlauncher-10.0.9.jar%2355!/:?]
	at cpw.mods.modlauncher.LaunchServiceHandler.launch(LaunchServiceHandler.java:71) ~[modlauncher-10.0.9.jar%2355!/:?]
	at cpw.mods.modlauncher.Launcher.run(Launcher.java:108) ~[modlauncher-10.0.9.jar%2355!/:?]
	at cpw.mods.modlauncher.Launcher.main(Launcher.java:78) ~[modlauncher-10.0.9.jar%2355!/:?]
	at cpw.mods.modlauncher.BootstrapLaunchConsumer.accept(BootstrapLaunchConsumer.java:26) ~[modlauncher-10.0.9.jar%2355!/:?]
	at cpw.mods.modlauncher.BootstrapLaunchConsumer.accept(BootstrapLaunchConsumer.java:23) ~[modlauncher-10.0.9.jar%2355!/:?]
	at cpw.mods.bootstraplauncher.BootstrapLauncher.main(BootstrapLauncher.java:141) ~[bootstraplauncher-1.1.2.jar:?]
[12Apr2025 04:21:32.752] [main/ERROR] [net.minecraft.world.item.crafting.RecipeManager/]: Parsing error loading recipe useless_sword:ravager_sword_craft_2
com.google.gson.JsonSyntaxException: Unknown item 'quark:ravager_hide'
	at net.minecraft.world.item.crafting.ShapedRecipe.m_151280_(ShapedRecipe.java:292) ~[server-1.20.1-20230612.114412-srg.jar%23209!/:?]
	at java.util.Optional.orElseThrow(Optional.java:403) ~[?:?]
	at net.minecraft.world.item.crafting.ShapedRecipe.m_151278_(ShapedRecipe.java:291) ~[server-1.20.1-20230612.114412-srg.jar%23209!/:?]
	at net.minecraft.world.item.crafting.Ingredient.m_43919_(Ingredient.java:219) ~[server-1.20.1-20230612.114412-srg.jar%23209!/:?]
	at net.minecraftforge.common.crafting.VanillaIngredientSerializer.parse(VanillaIngredientSerializer.java:27) ~[forge-1.20.1-47.3.7-universal.jar%23214!/:?]
	at net.minecraftforge.common.crafting.CraftingHelper.getIngredient(CraftingHelper.java:148) ~[forge-1.20.1-47.3.7-universal.jar%23214!/:?]
	at net.minecraft.world.item.crafting.Ingredient.m_288218_(Ingredient.java:194) ~[server-1.20.1-20230612.114412-srg.jar%23209!/:?]
	at net.minecraft.world.item.crafting.ShapedRecipe.m_44210_(ShapedRecipe.java:278) ~[server-1.20.1-20230612.114412-srg.jar%23209!/:?]
	at net.minecraft.world.item.crafting.ShapedRecipe$Serializer.m_6729_(ShapedRecipe.java:306) ~[server-1.20.1-20230612.114412-srg.jar%23209!/:?]
	at net.minecraft.world.item.crafting.ShapedRecipe$Serializer.m_6729_(ShapedRecipe.java:301) ~[server-1.20.1-20230612.114412-srg.jar%23209!/:?]
	at net.minecraftforge.common.extensions.IForgeRecipeSerializer.fromJson(IForgeRecipeSerializer.java:23) ~[forge-1.20.1-47.3.7-universal.jar%23214!/:?]
	at net.minecraft.world.item.crafting.RecipeManager.fromJson(RecipeManager.java:171) ~[server-1.20.1-20230612.114412-srg.jar%23209!/:?]
	at net.minecraft.world.item.crafting.RecipeManager.m_5787_(RecipeManager.java:67) ~[server-1.20.1-20230612.114412-srg.jar%23209!/:?]
	at net.minecraft.world.item.crafting.RecipeManager.m_5787_(RecipeManager.java:34) ~[server-1.20.1-20230612.114412-srg.jar%23209!/:?]
	at net.minecraft.server.packs.resources.SimplePreparableReloadListener.m_10789_(SimplePreparableReloadListener.java:13) ~[server-1.20.1-20230612.114412-srg.jar%23209!/:?]
	at java.util.concurrent.CompletableFuture$UniAccept.tryFire(CompletableFuture.java:718) ~[?:?]
	at java.util.concurrent.CompletableFuture$Completion.run(CompletableFuture.java:482) ~[?:?]
	at net.minecraft.server.packs.resources.SimpleReloadInstance.m_143940_(SimpleReloadInstance.java:69) ~[server-1.20.1-20230612.114412-srg.jar%23209!/:?]
	at net.minecraft.Util.m_214652_(Util.java:783) ~[server-1.20.1-20230612.114412-srg.jar%23209!/:?]
	at net.minecraft.Util.m_214679_(Util.java:772) ~[server-1.20.1-20230612.114412-srg.jar%23209!/:?]
	at net.minecraft.server.Main.main(Main.java:166) ~[server-1.20.1-20230612.114412-srg.jar%23209!/:?]
	at jdk.internal.reflect.NativeMethodAccessorImpl.invoke0(Native Method) ~[?:?]
	at jdk.internal.reflect.NativeMethodAccessorImpl.invoke(NativeMethodAccessorImpl.java:77) ~[?:?]
	at jdk.internal.reflect.DelegatingMethodAccessorImpl.invoke(DelegatingMethodAccessorImpl.java:43) ~[?:?]
	at java.lang.reflect.Method.invoke(Method.java:569) ~[?:?]
	at net.minecraftforge.fml.loading.targets.CommonLaunchHandler.runTarget(CommonLaunchHandler.java:111) ~[fmlloader-1.20.1-47.3.7.jar%2369!/:?]
	at net.minecraftforge.fml.loading.targets.CommonLaunchHandler.serverService(CommonLaunchHandler.java:103) ~[fmlloader-1.20.1-47.3.7.jar%2369!/:?]
	at net.minecraftforge.fml.loading.targets.CommonServerLaunchHandler.lambda$makeService$0(CommonServerLaunchHandler.java:27) ~[fmlloader-1.20.1-47.3.7.jar%2369!/:?]
	at cpw.mods.modlauncher.LaunchServiceHandlerDecorator.launch(LaunchServiceHandlerDecorator.java:30) ~[modlauncher-10.0.9.jar%2355!/:?]
	at cpw.mods.modlauncher.LaunchServiceHandler.launch(LaunchServiceHandler.java:53) ~[modlauncher-10.0.9.jar%2355!/:?]
	at cpw.mods.modlauncher.LaunchServiceHandler.launch(LaunchServiceHandler.java:71) ~[modlauncher-10.0.9.jar%2355!/:?]
	at cpw.mods.modlauncher.Launcher.run(Launcher.java:108) ~[modlauncher-10.0.9.jar%2355!/:?]
	at cpw.mods.modlauncher.Launcher.main(Launcher.java:78) ~[modlauncher-10.0.9.jar%2355!/:?]
	at cpw.mods.modlauncher.BootstrapLaunchConsumer.accept(BootstrapLaunchConsumer.java:26) ~[modlauncher-10.0.9.jar%2355!/:?]
	at cpw.mods.modlauncher.BootstrapLaunchConsumer.accept(BootstrapLaunchConsumer.java:23) ~[modlauncher-10.0.9.jar%2355!/:?]
	at cpw.mods.bootstraplauncher.BootstrapLauncher.main(BootstrapLauncher.java:141) ~[bootstraplauncher-1.1.2.jar:?]
[12Apr2025 04:21:32.767] [main/ERROR] [net.minecraft.world.item.crafting.RecipeManager/]: Parsing error loading recipe useless_sword:brass_head_turner_recipe
com.google.gson.JsonSyntaxException: Unknown item 'create:turntable'
	at net.minecraft.world.item.crafting.ShapedRecipe.m_151280_(ShapedRecipe.java:292) ~[server-1.20.1-20230612.114412-srg.jar%23209!/:?]
	at java.util.Optional.orElseThrow(Optional.java:403) ~[?:?]
	at net.minecraft.world.item.crafting.ShapedRecipe.m_151278_(ShapedRecipe.java:291) ~[server-1.20.1-20230612.114412-srg.jar%23209!/:?]
	at net.minecraft.world.item.crafting.Ingredient.m_43919_(Ingredient.java:219) ~[server-1.20.1-20230612.114412-srg.jar%23209!/:?]
	at net.minecraftforge.common.crafting.VanillaIngredientSerializer.parse(VanillaIngredientSerializer.java:27) ~[forge-1.20.1-47.3.7-universal.jar%23214!/:?]
	at net.minecraftforge.common.crafting.CraftingHelper.getIngredient(CraftingHelper.java:148) ~[forge-1.20.1-47.3.7-universal.jar%23214!/:?]
	at net.minecraft.world.item.crafting.Ingredient.m_288218_(Ingredient.java:194) ~[server-1.20.1-20230612.114412-srg.jar%23209!/:?]
	at net.minecraft.world.item.crafting.ShapedRecipe.m_44210_(ShapedRecipe.java:278) ~[server-1.20.1-20230612.114412-srg.jar%23209!/:?]
	at net.minecraft.world.item.crafting.ShapedRecipe$Serializer.m_6729_(ShapedRecipe.java:306) ~[server-1.20.1-20230612.114412-srg.jar%23209!/:?]
	at net.minecraft.world.item.crafting.ShapedRecipe$Serializer.m_6729_(ShapedRecipe.java:301) ~[server-1.20.1-20230612.114412-srg.jar%23209!/:?]
	at net.minecraftforge.common.extensions.IForgeRecipeSerializer.fromJson(IForgeRecipeSerializer.java:23) ~[forge-1.20.1-47.3.7-universal.jar%23214!/:?]
	at net.minecraft.world.item.crafting.RecipeManager.fromJson(RecipeManager.java:171) ~[server-1.20.1-20230612.114412-srg.jar%23209!/:?]
	at net.minecraft.world.item.crafting.RecipeManager.m_5787_(RecipeManager.java:67) ~[server-1.20.1-20230612.114412-srg.jar%23209!/:?]
	at net.minecraft.world.item.crafting.RecipeManager.m_5787_(RecipeManager.java:34) ~[server-1.20.1-20230612.114412-srg.jar%23209!/:?]
	at net.minecraft.server.packs.resources.SimplePreparableReloadListener.m_10789_(SimplePreparableReloadListener.java:13) ~[server-1.20.1-20230612.114412-srg.jar%23209!/:?]
	at java.util.concurrent.CompletableFuture$UniAccept.tryFire(CompletableFuture.java:718) ~[?:?]
	at java.util.concurrent.CompletableFuture$Completion.run(CompletableFuture.java:482) ~[?:?]
	at net.minecraft.server.packs.resources.SimpleReloadInstance.m_143940_(SimpleReloadInstance.java:69) ~[server-1.20.1-20230612.114412-srg.jar%23209!/:?]
	at net.minecraft.Util.m_214652_(Util.java:783) ~[server-1.20.1-20230612.114412-srg.jar%23209!/:?]
	at net.minecraft.Util.m_214679_(Util.java:772) ~[server-1.20.1-20230612.114412-srg.jar%23209!/:?]
	at net.minecraft.server.Main.main(Main.java:166) ~[server-1.20.1-20230612.114412-srg.jar%23209!/:?]
	at jdk.internal.reflect.NativeMethodAccessorImpl.invoke0(Native Method) ~[?:?]
	at jdk.internal.reflect.NativeMethodAccessorImpl.invoke(NativeMethodAccessorImpl.java:77) ~[?:?]
	at jdk.internal.reflect.DelegatingMethodAccessorImpl.invoke(DelegatingMethodAccessorImpl.java:43) ~[?:?]
	at java.lang.reflect.Method.invoke(Method.java:569) ~[?:?]
	at net.minecraftforge.fml.loading.targets.CommonLaunchHandler.runTarget(CommonLaunchHandler.java:111) ~[fmlloader-1.20.1-47.3.7.jar%2369!/:?]
	at net.minecraftforge.fml.loading.targets.CommonLaunchHandler.serverService(CommonLaunchHandler.java:103) ~[fmlloader-1.20.1-47.3.7.jar%2369!/:?]
	at net.minecraftforge.fml.loading.targets.CommonServerLaunchHandler.lambda$makeService$0(CommonServerLaunchHandler.java:27) ~[fmlloader-1.20.1-47.3.7.jar%2369!/:?]
	at cpw.mods.modlauncher.LaunchServiceHandlerDecorator.launch(LaunchServiceHandlerDecorator.java:30) ~[modlauncher-10.0.9.jar%2355!/:?]
	at cpw.mods.modlauncher.LaunchServiceHandler.launch(LaunchServiceHandler.java:53) ~[modlauncher-10.0.9.jar%2355!/:?]
	at cpw.mods.modlauncher.LaunchServiceHandler.launch(LaunchServiceHandler.java:71) ~[modlauncher-10.0.9.jar%2355!/:?]
	at cpw.mods.modlauncher.Launcher.run(Launcher.java:108) ~[modlauncher-10.0.9.jar%2355!/:?]
	at cpw.mods.modlauncher.Launcher.main(Launcher.java:78) ~[modlauncher-10.0.9.jar%2355!/:?]
	at cpw.mods.modlauncher.BootstrapLaunchConsumer.accept(BootstrapLaunchConsumer.java:26) ~[modlauncher-10.0.9.jar%2355!/:?]
	at cpw.mods.modlauncher.BootstrapLaunchConsumer.accept(BootstrapLaunchConsumer.java:23) ~[modlauncher-10.0.9.jar%2355!/:?]
	at cpw.mods.bootstraplauncher.BootstrapLauncher.main(BootstrapLauncher.java:141) ~[bootstraplauncher-1.1.2.jar:?]
[12Apr2025 04:21:32.770] [main/INFO] [net.minecraft.world.item.crafting.RecipeManager/]: Loaded 21 recipes
[12Apr2025 04:21:32.872] [main/ERROR] [net.minecraft.server.ServerAdvancementManager/]: Parsing error loading custom advancement minecraft:main/tame_barina: Failed to parse 'location' field
[12Apr2025 04:21:32.918] [main/INFO] [net.minecraft.advancements.AdvancementList/]: Loaded 3446 advancements
[12Apr2025 04:21:32.927] [main/INFO] [placebo/]: Registered 26 additional recipes.
[12Apr2025 04:21:33.065] [main/INFO] [top.theillusivec4.curios.Curios/]: Loaded 12 curio slots
[12Apr2025 04:21:33.071] [main/INFO] [top.theillusivec4.curios.Curios/]: Loaded 10 curio entities
[12Apr2025 04:21:33.073] [main/INFO] [com.peeko32213.unusualprehistory.common.data.AnalyzerRecipeJsonManager/]: Data loader for unusualprehistory/analyzer loaded 14 jsons
[12Apr2025 04:21:33.074] [main/INFO] [com.peeko32213.unusualprehistory.common.data.LootFruitJsonManager/]: Data loader for unusualprehistory/trades loaded 4 jsons
[12Apr2025 04:21:33.094] [main/INFO] [com.peeko32213.unusualprehistory.common.data.EncyclopediaJsonManager/]: Data loader for unusualprehistory/encyclopedia loaded 47 jsons
[12Apr2025 04:21:33.204] [main/INFO] [placebo/]: Registered 16 gear_sets.
[12Apr2025 04:21:33.207] [main/INFO] [Apotheosis : Enchantment/]: Registered 29 enchanting_stats.
[12Apr2025 04:21:33.208] [main/INFO] [Apotheosis : Adventure/]: Registered 6 rarities.
[12Apr2025 04:21:33.228] [main/INFO] [Apotheosis : Adventure/]: Registered 97 affixes.
[12Apr2025 04:21:33.232] [main/WARN] [Apotheosis : Adventure/]: Insufficient number of affixes to satisfy the loot rules (ignoring backup rules) of rarity apotheosis:rare for category curios:spellbookRequired: 2; Provided: 0
[12Apr2025 04:21:33.233] [main/WARN] [Apotheosis : Adventure/]: Insufficient number of affixes to satisfy the loot rules (ignoring backup rules) of rarity apotheosis:epic for category curios:spellbookRequired: 2; Provided: 0
[12Apr2025 04:21:33.234] [main/WARN] [Apotheosis : Adventure/]: Insufficient number of affixes to satisfy the loot rules (ignoring backup rules) of rarity apotheosis:mythic for category helmetRequired: 3; Provided: 2
[12Apr2025 04:21:33.234] [main/WARN] [Apotheosis : Adventure/]: Insufficient number of affixes to satisfy the loot rules (ignoring backup rules) of rarity apotheosis:mythic for category bootsRequired: 3; Provided: 2
[12Apr2025 04:21:33.234] [main/WARN] [Apotheosis : Adventure/]: Insufficient number of affixes to satisfy the loot rules (ignoring backup rules) of rarity apotheosis:mythic for category curios:spellbookRequired: 3; Provided: 0
[12Apr2025 04:21:33.235] [main/WARN] [Apotheosis : Adventure/]: Insufficient number of affixes to satisfy the loot rules (ignoring backup rules) of rarity apotheosis:ancient for category helmetRequired: 4; Provided: 2
[12Apr2025 04:21:33.235] [main/WARN] [Apotheosis : Adventure/]: Insufficient number of affixes to satisfy the loot rules (ignoring backup rules) of rarity apotheosis:ancient for category bootsRequired: 4; Provided: 2
[12Apr2025 04:21:33.235] [main/WARN] [Apotheosis : Adventure/]: Insufficient number of affixes to satisfy the loot rules (ignoring backup rules) of rarity apotheosis:ancient for category curios:spellbookRequired: 4; Provided: 0
[12Apr2025 04:21:33.236] [main/WARN] [Apotheosis : Adventure/]: Insufficient number of affixes to satisfy the loot rules (ignoring backup rules) of rarity apotheosis:ancient for category bowRequired: 5; Provided: 4
[12Apr2025 04:21:33.236] [main/WARN] [Apotheosis : Adventure/]: Insufficient number of affixes to satisfy the loot rules (ignoring backup rules) of rarity apotheosis:ancient for category crossbowRequired: 5; Provided: 4
[12Apr2025 04:21:33.236] [main/WARN] [Apotheosis : Adventure/]: Insufficient number of affixes to satisfy the loot rules (ignoring backup rules) of rarity apotheosis:ancient for category pickaxeRequired: 5; Provided: 4
[12Apr2025 04:21:33.236] [main/WARN] [Apotheosis : Adventure/]: Insufficient number of affixes to satisfy the loot rules (ignoring backup rules) of rarity apotheosis:ancient for category shovelRequired: 5; Provided: 4
[12Apr2025 04:21:33.252] [main/INFO] [Apotheosis : Adventure/]: Registered 32 gems.
[12Apr2025 04:21:33.263] [main/INFO] [Apotheosis : Adventure/]: Registered 67 affix_loot_entries.
[12Apr2025 04:21:33.272] [main/INFO] [Apotheosis : Adventure/]: Registered 18 bosses.
[12Apr2025 04:21:33.278] [main/INFO] [Apotheosis : Adventure/]: Registered 8 rogue_spawners.
[12Apr2025 04:21:33.282] [main/INFO] [Apotheosis : Adventure/]: Registered 5 minibosses.
[12Apr2025 04:21:33.287] [main/INFO] [Apotheosis : Village/]: Registered 28 wanderer_trades.
[12Apr2025 04:21:34.384] [Server thread/INFO] [net.minecraft.server.dedicated.DedicatedServer/]: Starting minecraft server version 1.20.1
[12Apr2025 04:21:34.384] [Server thread/INFO] [net.minecraft.server.dedicated.DedicatedServer/]: Loading properties
[12Apr2025 04:21:34.384] [Server thread/INFO] [net.minecraft.server.dedicated.DedicatedServer/]: Default game type: SURVIVAL
[12Apr2025 04:21:34.385] [Server thread/INFO] [net.minecraft.server.MinecraftServer/]: Generating keypair
[12Apr2025 04:21:34.508] [Server thread/INFO] [net.minecraft.server.dedicated.DedicatedServer/]: Starting Minecraft server on *:25565
[12Apr2025 04:21:34.531] [Server thread/INFO] [net.minecraft.server.network.ServerConnectionListener/]: Using epoll channel type
[12Apr2025 04:21:34.635] [Server thread/INFO] [Puzzles Lib/]: Loading server config for mutantmonsters
[12Apr2025 04:21:34.636] [Server thread/INFO] [journeymap/]: Loading JourneyMap Forge Configs
[12Apr2025 04:21:34.637] [Thread-2/INFO] [journeymap/]: Loading JourneyMap Forge Configs
[12Apr2025 04:21:34.760] [Server thread/INFO] [net.minecraft.server.dedicated.DedicatedServer/]: Preparing level "world"
[12Apr2025 04:21:37.840] [Server thread/INFO] [net.minecraft.server.MinecraftServer/]: Preparing start region for dimension minecraft:overworld
[12Apr2025 04:21:42.287] [Worker-Main-1/INFO] [net.minecraft.server.level.progress.LoggerChunkProgressListener/]: Preparing spawn area: 0%
[12Apr2025 04:21:42.289] [Worker-Main-2/INFO] [net.minecraft.server.level.progress.LoggerChunkProgressListener/]: Preparing spawn area: 0%
[12Apr2025 04:21:42.289] [Worker-Main-3/INFO] [net.minecraft.server.level.progress.LoggerChunkProgressListener/]: Preparing spawn area: 0%
[12Apr2025 04:21:42.290] [Worker-Main-3/INFO] [net.minecraft.server.level.progress.LoggerChunkProgressListener/]: Preparing spawn area: 0%
[12Apr2025 04:21:42.291] [Worker-Main-2/INFO] [net.minecraft.server.level.progress.LoggerChunkProgressListener/]: Preparing spawn area: 0%
[12Apr2025 04:21:42.292] [Worker-Main-3/INFO] [net.minecraft.server.level.progress.LoggerChunkProgressListener/]: Preparing spawn area: 0%
[12Apr2025 04:21:42.293] [Worker-Main-3/INFO] [net.minecraft.server.level.progress.LoggerChunkProgressListener/]: Preparing spawn area: 0%
[12Apr2025 04:21:42.293] [Worker-Main-3/INFO] [net.minecraft.server.level.progress.LoggerChunkProgressListener/]: Preparing spawn area: 0%
[12Apr2025 04:21:42.294] [Worker-Main-3/INFO] [net.minecraft.server.level.progress.LoggerChunkProgressListener/]: Preparing spawn area: 0%
[12Apr2025 04:21:42.342] [Worker-Main-2/INFO] [net.minecraft.server.level.progress.LoggerChunkProgressListener/]: Preparing spawn area: 0%
[12Apr2025 04:21:42.842] [Worker-Main-1/INFO] [net.minecraft.server.level.progress.LoggerChunkProgressListener/]: Preparing spawn area: 7%
[12Apr2025 04:21:43.056] [Server thread/WARN] [net.minecraft.network.syncher.SynchedEntityData/]: defineId called for: class forge.net.mca.entity.ZombieVillagerEntityMCA from class forge.net.mca.util.network.datasync.CDataParameter
[12Apr2025 04:21:43.056] [Server thread/WARN] [net.minecraft.network.syncher.SynchedEntityData/]: defineId called for: class forge.net.mca.entity.ZombieVillagerEntityMCA from class forge.net.mca.util.network.datasync.CDataParameter
[12Apr2025 04:21:43.056] [Server thread/WARN] [net.minecraft.network.syncher.SynchedEntityData/]: defineId called for: class forge.net.mca.entity.ZombieVillagerEntityMCA from class forge.net.mca.util.network.datasync.CDataParameter
[12Apr2025 04:21:43.057] [Server thread/WARN] [net.minecraft.network.syncher.SynchedEntityData/]: defineId called for: class forge.net.mca.entity.ZombieVillagerEntityMCA from class forge.net.mca.util.network.datasync.CDataParameter
[12Apr2025 04:21:43.057] [Server thread/WARN] [net.minecraft.network.syncher.SynchedEntityData/]: defineId called for: class forge.net.mca.entity.ZombieVillagerEntityMCA from class forge.net.mca.util.network.datasync.CDataParameter
[12Apr2025 04:21:43.057] [Server thread/WARN] [net.minecraft.network.syncher.SynchedEntityData/]: defineId called for: class forge.net.mca.entity.ZombieVillagerEntityMCA from class forge.net.mca.util.network.datasync.CDataParameter
[12Apr2025 04:21:43.058] [Server thread/WARN] [net.minecraft.network.syncher.SynchedEntityData/]: defineId called for: class forge.net.mca.entity.ZombieVillagerEntityMCA from class forge.net.mca.util.network.datasync.CDataParameter
[12Apr2025 04:21:43.058] [Server thread/WARN] [net.minecraft.network.syncher.SynchedEntityData/]: defineId called for: class forge.net.mca.entity.ZombieVillagerEntityMCA from class forge.net.mca.util.network.datasync.CEnumParameter
[12Apr2025 04:21:43.058] [Server thread/WARN] [net.minecraft.network.syncher.SynchedEntityData/]: defineId called for: class forge.net.mca.entity.ZombieVillagerEntityMCA from class forge.net.mca.util.network.datasync.CDataParameter
[12Apr2025 04:21:43.059] [Server thread/WARN] [net.minecraft.network.syncher.SynchedEntityData/]: defineId called for: class forge.net.mca.entity.ZombieVillagerEntityMCA from class forge.net.mca.util.network.datasync.CDataParameter
[12Apr2025 04:21:43.059] [Server thread/WARN] [net.minecraft.network.syncher.SynchedEntityData/]: defineId called for: class forge.net.mca.entity.ZombieVillagerEntityMCA from class forge.net.mca.util.network.datasync.CDataParameter
[12Apr2025 04:21:43.059] [Server thread/WARN] [net.minecraft.network.syncher.SynchedEntityData/]: defineId called for: class forge.net.mca.entity.ZombieVillagerEntityMCA from class forge.net.mca.util.network.datasync.CDataParameter
[12Apr2025 04:21:43.060] [Server thread/WARN] [net.minecraft.network.syncher.SynchedEntityData/]: defineId called for: class forge.net.mca.entity.ZombieVillagerEntityMCA from class forge.net.mca.util.network.datasync.CDataParameter
[12Apr2025 04:21:43.060] [Server thread/WARN] [net.minecraft.network.syncher.SynchedEntityData/]: defineId called for: class forge.net.mca.entity.ZombieVillagerEntityMCA from class forge.net.mca.util.network.datasync.CDataParameter
[12Apr2025 04:21:43.060] [Server thread/WARN] [net.minecraft.network.syncher.SynchedEntityData/]: defineId called for: class forge.net.mca.entity.ZombieVillagerEntityMCA from class forge.net.mca.util.network.datasync.CDataParameter
[12Apr2025 04:21:43.061] [Server thread/WARN] [net.minecraft.network.syncher.SynchedEntityData/]: defineId called for: class forge.net.mca.entity.ZombieVillagerEntityMCA from class forge.net.mca.util.network.datasync.CDataParameter
[12Apr2025 04:21:43.061] [Server thread/WARN] [net.minecraft.network.syncher.SynchedEntityData/]: defineId called for: class forge.net.mca.entity.ZombieVillagerEntityMCA from class forge.net.mca.util.network.datasync.CDataParameter
[12Apr2025 04:21:43.061] [Server thread/WARN] [net.minecraft.network.syncher.SynchedEntityData/]: defineId called for: class forge.net.mca.entity.ZombieVillagerEntityMCA from class forge.net.mca.util.network.datasync.CDataParameter
[12Apr2025 04:21:43.062] [Server thread/WARN] [net.minecraft.network.syncher.SynchedEntityData/]: defineId called for: class forge.net.mca.entity.ZombieVillagerEntityMCA from class forge.net.mca.util.network.datasync.CDataParameter
[12Apr2025 04:21:43.062] [Server thread/WARN] [net.minecraft.network.syncher.SynchedEntityData/]: defineId called for: class forge.net.mca.entity.ZombieVillagerEntityMCA from class forge.net.mca.util.network.datasync.CEnumParameter
[12Apr2025 04:21:43.062] [Server thread/WARN] [net.minecraft.network.syncher.SynchedEntityData/]: defineId called for: class forge.net.mca.entity.ZombieVillagerEntityMCA from class forge.net.mca.util.network.datasync.CDataParameter
[12Apr2025 04:21:43.063] [Server thread/WARN] [net.minecraft.network.syncher.SynchedEntityData/]: defineId called for: class forge.net.mca.entity.ZombieVillagerEntityMCA from class forge.net.mca.util.network.datasync.CDataParameter
[12Apr2025 04:21:43.063] [Server thread/WARN] [net.minecraft.network.syncher.SynchedEntityData/]: defineId called for: class forge.net.mca.entity.ZombieVillagerEntityMCA from class forge.net.mca.util.network.datasync.CEnumParameter
[12Apr2025 04:21:43.063] [Server thread/WARN] [net.minecraft.network.syncher.SynchedEntityData/]: defineId called for: class forge.net.mca.entity.ZombieVillagerEntityMCA from class forge.net.mca.util.network.datasync.CDataParameter
[12Apr2025 04:21:43.063] [Server thread/WARN] [net.minecraft.network.syncher.SynchedEntityData/]: defineId called for: class forge.net.mca.entity.ZombieVillagerEntityMCA from class forge.net.mca.util.network.datasync.CEnumParameter
[12Apr2025 04:21:43.064] [Server thread/WARN] [net.minecraft.network.syncher.SynchedEntityData/]: defineId called for: class forge.net.mca.entity.ZombieVillagerEntityMCA from class forge.net.mca.util.network.datasync.CEnumParameter
[12Apr2025 04:21:43.064] [Server thread/WARN] [net.minecraft.network.syncher.SynchedEntityData/]: defineId called for: class forge.net.mca.entity.ZombieVillagerEntityMCA from class forge.net.mca.util.network.datasync.CDataParameter
[12Apr2025 04:21:43.064] [Server thread/WARN] [net.minecraft.network.syncher.SynchedEntityData/]: defineId called for: class forge.net.mca.entity.ZombieVillagerEntityMCA from class forge.net.mca.util.network.datasync.CDataParameter
[12Apr2025 04:21:43.065] [Server thread/WARN] [net.minecraft.network.syncher.SynchedEntityData/]: defineId called for: class forge.net.mca.entity.ZombieVillagerEntityMCA from class forge.net.mca.util.network.datasync.CDataParameter
[12Apr2025 04:21:43.065] [Server thread/WARN] [net.minecraft.network.syncher.SynchedEntityData/]: defineId called for: class forge.net.mca.entity.ZombieVillagerEntityMCA from class forge.net.mca.util.network.datasync.CDataParameter
[12Apr2025 04:21:43.065] [Server thread/WARN] [net.minecraft.network.syncher.SynchedEntityData/]: defineId called for: class forge.net.mca.entity.ZombieVillagerEntityMCA from class forge.net.mca.util.network.datasync.CDataParameter
[12Apr2025 04:21:43.065] [Server thread/WARN] [net.minecraft.network.syncher.SynchedEntityData/]: defineId called for: class forge.net.mca.entity.ZombieVillagerEntityMCA from class forge.net.mca.util.network.datasync.CDataParameter
[12Apr2025 04:21:43.066] [Server thread/WARN] [net.minecraft.network.syncher.SynchedEntityData/]: defineId called for: class forge.net.mca.entity.ZombieVillagerEntityMCA from class forge.net.mca.util.network.datasync.CDataParameter
[12Apr2025 04:21:43.066] [Server thread/WARN] [net.minecraft.network.syncher.SynchedEntityData/]: defineId called for: class forge.net.mca.entity.ZombieVillagerEntityMCA from class forge.net.mca.util.network.datasync.CDataParameter
[12Apr2025 04:21:43.066] [Server thread/WARN] [net.minecraft.network.syncher.SynchedEntityData/]: defineId called for: class forge.net.mca.entity.ZombieVillagerEntityMCA from class forge.net.mca.util.network.datasync.CDataParameter
[12Apr2025 04:21:43.067] [Server thread/WARN] [net.minecraft.network.syncher.SynchedEntityData/]: defineId called for: class forge.net.mca.entity.ZombieVillagerEntityMCA from class forge.net.mca.util.network.datasync.CDataParameter
[12Apr2025 04:21:43.067] [Server thread/WARN] [net.minecraft.network.syncher.SynchedEntityData/]: defineId called for: class forge.net.mca.entity.ZombieVillagerEntityMCA from class forge.net.mca.util.network.datasync.CDataParameter
[12Apr2025 04:21:43.346] [Worker-Main-2/INFO] [net.minecraft.server.level.progress.LoggerChunkProgressListener/]: Preparing spawn area: 84%
[12Apr2025 04:21:43.479] [Server thread/INFO] [net.minecraft.server.level.progress.LoggerChunkProgressListener/]: Time elapsed: 5638 ms
[12Apr2025 04:21:43.480] [Server thread/INFO] [net.minecraft.server.dedicated.DedicatedServer/]: Done (8.857s)! For help, type "help"
[12Apr2025 04:21:43.535] [Server thread/INFO] [net.minecraftforge.server.permission.PermissionAPI/]: Successfully initialized permission handler forge:default_handler
[12Apr2025 04:21:43.548] [Server thread/INFO] [puffish_skills/]: [puffish_skills] Mod configuration loaded successfully!
[12Apr2025 04:21:43.654] [Server thread/INFO] [puffish_skills/]: [puffish_skills] Data pack `puffish_skills` loaded successfully!
[12Apr2025 04:21:43.689] [Server thread/INFO] [com.github.alexthe666.iceandfire.IceAndFire/]: {iceandfire:fire_dragon_roost=true, iceandfire:fire_lily=true, iceandfire:spawn_dragon_skeleton_fire=true, iceandfire:lightning_dragon_roost=true, iceandfire:spawn_dragon_skeleton_lightning=true, iceandfire:ice_dragon_roost=true, iceandfire:ice_dragon_cave=true, iceandfire:lightning_dragon_cave=true, iceandfire:cyclops_cave=true, iceandfire:spawn_wandering_cyclops=true, iceandfire:spawn_sea_serpent=true, iceandfire:frost_lily=true, iceandfire:hydra_cave=true, iceandfire:lightning_lily=true, iceandfire:pixie_village=true, iceandfire:myrmex_hive_jungle=true, iceandfire:myrmex_hive_desert=true, iceandfire:silver_ore=true, iceandfire:siren_island=true, iceandfire:spawn_dragon_skeleton_ice=true, iceandfire:spawn_stymphalian_bird=true, iceandfire:fire_dragon_cave=true, iceandfire:sapphire_ore=true, iceandfire:spawn_hippocampus=true, iceandfire:spawn_death_worm=true}
[12Apr2025 04:21:43.689] [Server thread/INFO] [com.github.alexthe666.iceandfire.IceAndFire/]: {TROLL_S=true, HIPPOGRYPH=true, AMPHITHERE=true, COCKATRICE=true, TROLL_M=true, DREAD_LICH=true, TROLL_F=true}
[12Apr2025 04:21:43.690] [Server thread/INFO] [com.peeko32213.unusualprehistory.common.data.AnalyzerRecipeJsonManager/]: Registered 17 jsons with items!
[12Apr2025 04:21:43.691] [Server thread/INFO] [patchouli/]: Sending reload packet to clients
[12Apr2025 04:21:43.714] [VoiceChatServerThread/INFO] [voicechat/]: [voicechat] Voice chat server started at port 24454
[12Apr2025 04:23:50.509] [User Authenticator #1/INFO] [net.minecraft.server.network.ServerLoginPacketListenerImpl/]: UUID of player KATZUO56 is aad38ace-8d49-4cb4-a8ad-db93502be401
[12Apr2025 04:24:00.584] [Server thread/INFO] [net.minecraft.server.players.PlayerList/]: KATZUO56[/100.64.135.22:50529] logged in with entity id 188 at (35.02752746596735, 67.0, 96.6088937894269)
[12Apr2025 04:24:00.680] [Server thread/INFO] [net.minecraft.server.MinecraftServer/]: KATZUO56 joined the game
[12Apr2025 04:24:00.903] [Server thread/INFO] [Jade/]: Syncing config to KATZUO56 (aad38ace-8d49-4cb4-a8ad-db93502be401)
[12Apr2025 04:24:01.425] [Server thread/INFO] [voicechat/]: [voicechat] Received secret request of KATZUO56 (18)
[12Apr2025 04:24:01.427] [Server thread/INFO] [voicechat/]: [voicechat] Sent secret to KATZUO56
[12Apr2025 04:24:32.060] [VoiceChatPacketProcessingThread/INFO] [voicechat/]: [voicechat] Successfully authenticated player aad38ace-8d49-4cb4-a8ad-db93502be401
[12Apr2025 04:24:33.059] [VoiceChatPacketProcessingThread/INFO] [voicechat/]: [voicechat] Successfully validated connection of player aad38ace-8d49-4cb4-a8ad-db93502be401
[12Apr2025 04:24:33.063] [VoiceChatPacketProcessingThread/INFO] [voicechat/]: [voicechat] Player KATZUO56 (aad38ace-8d49-4cb4-a8ad-db93502be401) successfully connected to voice chat
[12Apr2025 04:28:58.674] [Server thread/INFO] [net.minecraft.server.network.ServerGamePacketListenerImpl/]: KATZUO56 lost connection: Disconnected
[12Apr2025 04:28:58.675] [Server thread/INFO] [net.minecraft.server.MinecraftServer/]: KATZUO56 left the game
[12Apr2025 04:28:58.681] [Server thread/INFO] [voicechat/]: [voicechat] Disconnecting client KATZUO56
[12Apr2025 04:29:14.365] [Server thread/INFO] [net.minecraft.server.MinecraftServer/]: Stopping server
[12Apr2025 04:29:14.369] [Server thread/INFO] [net.minecraft.server.MinecraftServer/]: Saving players
[12Apr2025 04:29:14.369] [Server thread/INFO] [net.minecraft.server.MinecraftServer/]: Saving worlds
[12Apr2025 04:29:14.561] [Server console handler/ERROR] [net.minecraft.server.dedicated.DedicatedServer/]: Caught previously unhandled exception :
java.io.IOError: java.io.IOException: Error executing 'stty -a': stty: 'standard input': Input/output error
	at org.jline.terminal.impl.AbstractPosixTerminal.setAttributes(AbstractPosixTerminal.java:54) ~[jline-terminal-3.12.1.jar%2364!/:?]
	at org.jline.reader.impl.LineReaderImpl.readLine(LineReaderImpl.java:650) ~[jline-reader-3.12.1.jar%2363!/:?]
	at org.jline.reader.impl.LineReaderImpl.readLine(LineReaderImpl.java:418) ~[jline-reader-3.12.1.jar%2363!/:?]
	at net.minecraftforge.server.console.TerminalHandler.handleCommands(TerminalHandler.java:46) ~[forge-1.20.1-47.3.7-universal.jar%23214!/:?]
	at net.minecraft.server.dedicated.DedicatedServer$1.run(DedicatedServer.java:84) ~[server-1.20.1-20230612.114412-srg.jar%23209!/:?]
Caused by: java.io.IOException: Error executing 'stty -a': stty: 'standard input': Input/output error
	at org.jline.utils.ExecHelper.exec(ExecHelper.java:42) ~[jline-terminal-3.12.1.jar%2364!/:?]
	at org.jline.terminal.impl.ExecPty.doGetConfig(ExecPty.java:175) ~[jline-terminal-3.12.1.jar%2364!/:?]
	at org.jline.terminal.impl.ExecPty.getAttr(ExecPty.java:87) ~[jline-terminal-3.12.1.jar%2364!/:?]
	at org.jline.terminal.impl.ExecPty.doSetAttr(ExecPty.java:93) ~[jline-terminal-3.12.1.jar%2364!/:?]
	at org.jline.terminal.impl.AbstractPty.setAttr(AbstractPty.java:29) ~[jline-terminal-3.12.1.jar%2364!/:?]
	at org.jline.terminal.impl.AbstractPosixTerminal.setAttributes(AbstractPosixTerminal.java:52) ~[jline-terminal-3.12.1.jar%2364!/:?]
	... 4 more
[12Apr2025 04:29:15.069] [Server thread/INFO] [net.minecraft.server.MinecraftServer/]: Saving chunks for level 'ServerLevel[world]'/minecraft:overworld
[12Apr2025 04:29:15.795] [Server thread/INFO] [net.minecraft.server.MinecraftServer/]: Saving chunks for level 'ServerLevel[world]'/minecraft:the_end
[12Apr2025 04:29:15.796] [Server thread/INFO] [net.minecraft.server.MinecraftServer/]: Saving chunks for level 'ServerLevel[world]'/minecraft:the_nether
[12Apr2025 04:29:15.796] [Server thread/INFO] [net.minecraft.server.MinecraftServer/]: Saving chunks for level 'ServerLevel[world]'/deeperdarker:otherside
[12Apr2025 04:29:15.851] [Server thread/INFO] [net.minecraft.server.MinecraftServer/]: ThreadedAnvilChunkStorage (world): All chunks are saved
[12Apr2025 04:29:15.852] [Server thread/INFO] [net.minecraft.server.MinecraftServer/]: ThreadedAnvilChunkStorage (DIM1): All chunks are saved
[12Apr2025 04:29:15.852] [Server thread/INFO] [net.minecraft.server.MinecraftServer/]: ThreadedAnvilChunkStorage (DIM-1): All chunks are saved
[12Apr2025 04:29:15.852] [Server thread/INFO] [net.minecraft.server.MinecraftServer/]: ThreadedAnvilChunkStorage (otherside): All chunks are saved
[12Apr2025 04:29:15.852] [Server thread/INFO] [net.minecraft.server.MinecraftServer/]: ThreadedAnvilChunkStorage: All dimensions are saved
[12Apr2025 04:29:15.871] [Server thread/INFO] [journeymap/]: Loading JourneyMap Forge Configs
